date,village_id,village_name,district,state,ph,turbidity,chlorine,bacteria,rainfall_mm,temperature_c,humidity_percent,daily_cases,cases_lag_7d,cases_lag_14d,rainfall_3d_sum,turbidity_7d_mean,chlorine_bacteria_ratio,risk_score,outbreak_risk_target
2024-01-01,VIL-001,Kamalabari,Majuli,Assam,7.69,10.52,0.251,323.4,14.5,29.8,76.1,4,0,0,14.5,10.52,0.00077,75,2
2024-01-02,VIL-001,Kamalabari,Majuli,Assam,7.4,3.74,0.561,16.9,0.0,38.6,68.9,1,0,0,14.5,7.13,0.03134,0,0
2024-01-03,VIL-001,Kamalabari,Majuli,Assam,7.21,4.05,0.284,135.6,0.0,20.6,44.4,3,0,0,14.5,6.1,0.00208,60,1
2024-01-04,VIL-001,Kamalabari,Majuli,Assam,7.7,3.64,0.242,34.4,0.0,31.7,73.0,3,0,0,0.0,5.49,0.00684,0,0
2024-01-05,VIL-001,Kamalabari,Majuli,Assam,5.48,0.81,0.15,110.9,64.7,28.5,71.1,1,0,0,64.7,4.55,0.00134,70,2
2024-01-06,VIL-001,Kamalabari,Majuli,Assam,7.51,1.97,0.784,46.0,13.1,31.3,79.7,2,0,0,77.8,4.12,0.01668,15,0
2024-01-07,VIL-001,Kamalabari,Majuli,Assam,6.71,5.06,0.39,73.0,17.1,26.4,73.2,2,0,0,94.9,4.26,0.00527,40,1
2024-01-08,VIL-001,Kamalabari,Majuli,Assam,6.0,0.39,0.354,151.0,0.0,28.8,71.2,3,4,0,30.2,2.81,0.00233,35,1
2024-01-09,VIL-001,Kamalabari,Majuli,Assam,7.41,1.18,0.51,137.8,11.9,31.8,53.6,2,1,0,29.0,2.44,0.00367,35,1
2024-01-10,VIL-001,Kamalabari,Majuli,Assam,7.92,1.18,0.233,170.1,0.0,41.5,63.7,2,3,0,11.9,2.03,0.00136,35,1
2024-01-11,VIL-001,Kamalabari,Majuli,Assam,7.02,2.06,0.35,5.2,1.4,32.2,80.7,4,3,0,13.3,1.81,0.05645,0,0
2024-01-12,VIL-001,Kamalabari,Majuli,Assam,7.67,14.31,0.36,99.5,0.0,25.6,95.6,2,1,0,1.4,3.74,0.00358,25,0
2024-01-13,VIL-001,Kamalabari,Majuli,Assam,8.07,0.25,0.258,12.7,32.7,27.3,73.8,1,2,0,34.1,3.49,0.01883,0,0
2024-01-14,VIL-001,Kamalabari,Majuli,Assam,7.89,2.66,0.566,45.4,0.0,27.2,78.9,3,2,0,32.7,3.15,0.0122,0,0
2024-01-15,VIL-001,Kamalabari,Majuli,Assam,8.08,0.72,0.311,67.2,0.0,21.8,86.4,2,3,4,32.7,3.19,0.00456,0,0
2024-01-16,VIL-001,Kamalabari,Majuli,Assam,7.55,12.85,0.07,43.6,12.7,27.7,65.3,6,2,1,12.7,4.86,0.00157,45,1
2024-01-17,VIL-001,Kamalabari,Majuli,Assam,7.15,0.44,0.296,62.0,0.0,31.9,79.4,1,2,3,12.7,4.76,0.0047,0,0
2024-01-18,VIL-001,Kamalabari,Majuli,Assam,6.14,1.88,0.395,478.5,0.0,23.9,66.1,2,4,3,12.7,4.73,0.00082,50,1
2024-01-19,VIL-001,Kamalabari,Majuli,Assam,6.95,4.87,0.189,12.3,0.0,33.2,85.4,3,2,1,0.0,3.38,0.01421,45,1
2024-01-20,VIL-001,Kamalabari,Majuli,Assam,6.59,4.44,0.203,95.1,0.0,31.0,76.8,2,1,2,0.0,3.98,0.00211,25,0
2024-01-21,VIL-001,Kamalabari,Majuli,Assam,8.4,2.0,0.252,42.6,0.7,26.1,78.6,3,3,2,0.7,3.89,0.00578,0,0
2024-01-22,VIL-001,Kamalabari,Majuli,Assam,6.99,1.55,0.57,12.1,1.0,28.4,65.6,4,2,3,1.7,4.0,0.04351,0,0
2024-01-23,VIL-001,Kamalabari,Majuli,Assam,7.17,1.84,0.262,14.6,32.3,35.4,83.5,1,6,2,34.0,2.43,0.01679,20,0
2024-01-24,VIL-001,Kamalabari,Majuli,Assam,7.43,1.12,0.607,251.9,2.3,31.9,99.0,3,1,2,35.6,2.53,0.0024,35,1
2024-01-25,VIL-001,Kamalabari,Majuli,Assam,7.13,0.84,0.239,178.9,0.8,29.0,62.9,2,2,4,35.4,2.38,0.00133,35,1
2024-01-26,VIL-001,Kamalabari,Majuli,Assam,8.12,2.4,0.409,200.7,10.4,28.0,70.9,3,3,2,13.5,2.03,0.00203,35,1
2024-01-27,VIL-001,Kamalabari,Majuli,Assam,6.73,1.14,0.27,403.2,0.0,29.3,77.8,5,2,1,11.2,1.56,0.00067,50,1
2024-01-28,VIL-001,Kamalabari,Majuli,Assam,7.22,1.23,0.486,19.7,0.0,27.0,84.4,1,3,3,10.4,1.45,0.02348,0,0
2024-01-29,VIL-001,Kamalabari,Majuli,Assam,6.65,3.89,0.149,37.1,9.9,20.6,68.3,1,4,2,9.9,1.78,0.00391,20,0
2024-01-30,VIL-001,Kamalabari,Majuli,Assam,6.31,12.59,0.484,93.5,0.7,37.2,41.0,4,1,6,10.6,3.32,0.00512,25,0
2024-01-31,VIL-001,Kamalabari,Majuli,Assam,6.73,3.37,0.37,55.9,0.0,29.6,91.3,2,3,1,10.6,3.64,0.0065,0,0
2024-02-01,VIL-001,Kamalabari,Majuli,Assam,7.08,0.29,0.235,45.8,15.5,30.6,84.1,1,2,2,16.2,3.56,0.00502,0,0
2024-02-02,VIL-001,Kamalabari,Majuli,Assam,6.84,0.29,0.32,37.4,15.2,28.8,54.1,4,3,3,30.7,3.26,0.00833,0,0
2024-02-03,VIL-001,Kamalabari,Majuli,Assam,6.68,11.01,0.626,76.1,7.3,26.1,67.7,3,5,2,38.0,4.67,0.00812,25,0
2024-02-04,VIL-001,Kamalabari,Majuli,Assam,6.26,1.28,0.375,72.4,0.0,28.3,93.8,3,1,3,22.5,4.67,0.00511,0,0
2024-02-05,VIL-001,Kamalabari,Majuli,Assam,7.05,0.35,0.224,14.9,0.0,22.6,92.4,3,1,4,7.3,4.17,0.01409,0,0
2024-02-06,VIL-001,Kamalabari,Majuli,Assam,6.2,3.33,0.133,53.9,8.2,38.1,86.3,0,4,1,8.2,2.85,0.00242,20,0
2024-02-07,VIL-001,Kamalabari,Majuli,Assam,7.56,3.56,0.441,68.1,0.0,24.1,72.9,2,2,3,8.2,2.87,0.00638,0,0
2024-02-08,VIL-001,Kamalabari,Majuli,Assam,7.15,3.81,0.385,71.4,0.0,24.9,76.0,1,1,2,8.2,3.38,0.00532,0,0
2024-02-09,VIL-001,Kamalabari,Majuli,Assam,6.23,1.13,0.475,19.9,0.0,27.2,73.4,4,4,3,0.0,3.5,0.02273,0,0
2024-02-10,VIL-001,Kamalabari,Majuli,Assam,6.91,0.2,0.087,114.6,0.0,34.2,88.5,4,3,5,0.0,1.95,0.00075,70,2
2024-02-11,VIL-001,Kamalabari,Majuli,Assam,6.65,12.2,0.139,2.2,0.0,29.1,64.5,1,3,1,0.0,3.51,0.04344,45,1
2024-02-12,VIL-001,Kamalabari,Majuli,Assam,7.29,1.05,0.556,37.0,16.5,24.1,65.3,2,3,1,16.5,3.61,0.01463,0,0
2024-02-13,VIL-001,Kamalabari,Majuli,Assam,7.9,4.1,0.41,128.0,21.7,34.0,87.1,2,0,4,38.2,3.72,0.00318,60,1
2024-02-14,VIL-001,Kamalabari,Majuli,Assam,5.97,4.46,0.446,70.1,0.0,31.9,74.5,1,2,2,38.2,3.85,0.00627,25,0
2024-02-15,VIL-001,Kamalabari,Majuli,Assam,7.17,3.43,0.177,25.6,0.0,31.2,91.5,4,1,1,21.7,3.8,0.00665,20,0
2024-02-16,VIL-001,Kamalabari,Majuli,Assam,7.0,1.37,0.173,100.3,0.0,31.9,66.9,4,4,4,0.0,3.83,0.00171,55,1
2024-02-17,VIL-001,Kamalabari,Majuli,Assam,7.5,1.15,0.528,70.8,0.0,38.6,74.3,2,4,3,0.0,3.97,0.00735,0,0
2024-02-18,VIL-001,Kamalabari,Majuli,Assam,7.23,3.31,0.537,134.4,0.0,37.7,63.9,1,1,3,0.0,2.7,0.00397,35,1
2024-02-19,VIL-001,Kamalabari,Majuli,Assam,6.65,7.32,0.154,112.2,6.0,26.3,75.1,2,2,3,6.0,3.59,0.00136,80,2
2024-02-20,VIL-001,Kamalabari,Majuli,Assam,6.91,10.67,0.12,79.6,0.0,35.5,57.3,3,2,0,6.0,4.53,0.00149,45,1
2024-02-21,VIL-001,Kamalabari,Majuli,Assam,6.62,0.41,0.33,56.6,0.0,30.5,69.1,3,1,2,6.0,3.95,0.00573,0,0
2024-02-22,VIL-001,Kamalabari,Majuli,Assam,7.75,0.61,0.206,12.1,0.0,31.0,57.8,1,4,1,0.0,3.55,0.01573,0,0
2024-02-23,VIL-001,Kamalabari,Majuli,Assam,7.11,10.54,0.202,25.6,0.0,22.2,83.3,5,4,4,0.0,4.86,0.00759,25,0
2024-02-24,VIL-001,Kamalabari,Majuli,Assam,8.24,4.86,0.125,45.9,0.0,28.3,83.6,2,2,4,0.0,5.39,0.00267,45,1
2024-02-25,VIL-001,Kamalabari,Majuli,Assam,7.06,7.81,0.266,77.3,17.0,25.7,54.2,4,1,1,17.0,6.03,0.0034,25,0
2024-02-26,VIL-001,Kamalabari,Majuli,Assam,6.67,0.82,0.142,60.9,0.0,32.3,91.0,5,2,2,17.0,5.1,0.00229,20,0
2024-02-27,VIL-001,Kamalabari,Majuli,Assam,6.19,3.22,0.153,28.7,5.2,33.3,99.0,3,3,2,22.2,4.04,0.00515,20,0
2024-02-28,VIL-001,Kamalabari,Majuli,Assam,6.02,4.4,0.404,0.5,0.0,20.7,75.6,1,3,1,5.2,4.61,0.26933,25,0
2024-02-29,VIL-001,Kamalabari,Majuli,Assam,6.15,4.15,0.34,57.9,0.0,28.9,67.3,0,1,4,5.2,5.11,0.00577,25,0
2024-03-01,VIL-001,Kamalabari,Majuli,Assam,7.26,1.91,0.437,28.4,14.7,33.5,99.0,2,5,4,14.7,3.88,0.01486,0,0
2024-03-02,VIL-001,Kamalabari,Majuli,Assam,7.41,0.2,0.053,112.1,0.0,28.3,59.2,3,2,2,14.7,3.22,0.00047,70,2
2024-03-03,VIL-001,Kamalabari,Majuli,Assam,6.15,3.18,0.352,2.0,0.0,31.9,75.2,5,4,1,14.7,2.55,0.11733,0,0
2024-03-04,VIL-001,Kamalabari,Majuli,Assam,7.64,1.06,0.724,74.3,0.0,30.4,77.2,1,5,2,0.0,2.59,0.00961,0,0
2024-03-05,VIL-001,Kamalabari,Majuli,Assam,6.81,2.18,0.283,239.8,59.7,30.4,91.1,1,3,3,59.7,2.44,0.00118,50,1
2024-03-06,VIL-001,Kamalabari,Majuli,Assam,7.19,11.5,0.498,16.2,0.0,27.9,79.3,6,1,3,59.7,3.45,0.02895,40,1
2024-03-07,VIL-001,Kamalabari,Majuli,Assam,8.07,1.85,0.497,53.9,0.0,24.1,69.0,2,0,1,59.7,3.13,0.00905,15,0
2024-03-08,VIL-001,Kamalabari,Majuli,Assam,7.64,6.67,0.506,8.1,0.0,24.5,63.6,1,2,5,0.0,3.81,0.0556,25,0
2024-03-09,VIL-001,Kamalabari,Majuli,Assam,6.94,0.76,0.38,83.0,20.7,31.8,70.9,5,3,2,20.7,3.89,0.00452,0,0
2024-03-10,VIL-001,Kamalabari,Majuli,Assam,6.57,4.06,0.452,67.6,0.0,29.1,62.9,0,5,4,20.7,4.01,0.00659,25,0
2024-03-11,VIL-001,Kamalabari,Majuli,Assam,5.81,13.73,0.476,44.2,0.0,28.4,75.6,6,1,5,20.7,5.82,0.01053,25,0
2024-03-12,VIL-001,Kamalabari,Majuli,Assam,6.67,0.39,0.464,62.3,2.4,27.3,68.2,2,1,3,2.4,5.57,0.00733,0,0
2024-03-13,VIL-001,Kamalabari,Majuli,Assam,6.97,0.2,0.149,191.7,15.7,27.8,57.1,4,6,1,18.1,3.95,0.00077,90,2
2024-03-14,VIL-001,Kamalabari,Majuli,Assam,6.51,2.07,0.043,18.5,26.2,33.2,90.1,3,2,0,44.3,3.98,0.00221,20,0
2024-03-15,VIL-001,Kamalabari,Majuli,Assam,7.02,0.35,0.07,1.9,0.0,27.7,69.0,5,1,2,41.9,3.08,0.02414,20,0
2024-03-16,VIL-001,Kamalabari,Majuli,Assam,7.15,5.02,0.301,167.1,0.0,23.6,59.8,7,5,3,26.2,3.69,0.00179,60,1
2024-03-17,VIL-001,Kamalabari,Majuli,Assam,6.97,8.95,0.457,72.7,0.0,32.0,73.0,4,0,5,0.0,4.39,0.0062,25,0
2024-03-18,VIL-001,Kamalabari,Majuli,Assam,6.71,2.07,0.151,187.0,41.3,28.2,75.8,1,6,1,41.3,2.72,0.0008,90,2
2024-03-19,VIL-001,Kamalabari,Majuli,Assam,7.2,1.09,0.516,76.8,0.0,29.1,54.0,0,2,1,41.3,2.82,0.00663,0,0
2024-03-20,VIL-001,Kamalabari,Majuli,Assam,7.37,2.07,0.26,140.4,2.5,35.4,79.0,2,4,6,43.8,3.09,0.00184,35,1
2024-03-21,VIL-001,Kamalabari,Majuli,Assam,6.45,4.68,0.261,47.5,6.7,28.9,62.4,1,3,2,9.2,3.46,0.00538,25,0
2024-03-22,VIL-001,Kamalabari,Majuli,Assam,7.95,0.2,0.2,117.1,0.0,30.2,95.5,0,5,1,9.2,3.44,0.00169,35,1
2024-03-23,VIL-001,Kamalabari,Majuli,Assam,7.04,3.24,0.011,206.4,43.1,24.3,81.3,2,7,5,49.8,3.19,5e-05,90,2
2024-03-24,VIL-001,Kamalabari,Majuli,Assam,7.11,3.46,0.391,71.7,0.0,28.1,70.2,3,4,0,43.1,2.4,0.00538,0,0
2024-03-25,VIL-001,Kamalabari,Majuli,Assam,7.52,3.7,0.658,16.9,20.3,31.4,66.1,1,1,6,63.4,2.63,0.03676,15,0
2024-03-26,VIL-001,Kamalabari,Majuli,Assam,7.24,1.01,0.339,26.5,0.0,22.8,73.7,5,0,2,20.3,2.62,0.01233,0,0
2024-03-27,VIL-001,Kamalabari,Majuli,Assam,7.67,4.56,0.017,18.7,0.0,29.8,82.4,2,2,4,20.3,2.98,0.00086,60,1
2024-03-28,VIL-001,Kamalabari,Majuli,Assam,7.27,0.35,0.49,24.0,0.0,29.4,74.7,1,1,3,0.0,2.36,0.0196,0,0
2024-03-29,VIL-001,Kamalabari,Majuli,Assam,6.73,0.81,0.058,30.9,11.6,29.2,72.4,0,0,5,11.6,2.45,0.00182,20,0
2024-03-30,VIL-001,Kamalabari,Majuli,Assam,7.32,7.64,0.132,68.4,4.6,33.1,75.7,4,2,7,16.2,3.08,0.0019,45,1
2024-03-31,VIL-001,Kamalabari,Majuli,Assam,6.41,4.89,0.307,74.9,0.0,30.3,67.8,1,3,4,16.2,3.28,0.00404,25,0
2024-04-01,VIL-001,Kamalabari,Majuli,Assam,7.17,0.2,0.372,47.0,0.7,34.9,70.9,3,1,1,5.3,2.78,0.00775,0,0
2024-04-02,VIL-001,Kamalabari,Majuli,Assam,7.08,1.04,0.168,80.7,0.0,25.0,50.0,5,5,0,0.7,2.78,0.00206,20,0
2024-04-03,VIL-001,Kamalabari,Majuli,Assam,6.98,0.88,0.3,7.2,0.0,29.5,86.7,2,2,2,0.7,2.26,0.03659,0,0
2024-04-04,VIL-001,Kamalabari,Majuli,Assam,7.02,1.15,0.479,7.8,2.9,29.3,78.6,1,1,1,2.9,2.37,0.05443,0,0
2024-04-05,VIL-001,Kamalabari,Majuli,Assam,5.97,1.04,0.503,15.9,75.2,24.7,65.7,0,0,0,78.1,2.41,0.02976,15,0
2024-04-06,VIL-001,Kamalabari,Majuli,Assam,6.77,0.24,0.575,61.7,0.0,32.8,97.8,3,4,2,78.1,1.35,0.00917,15,0
2024-04-07,VIL-001,Kamalabari,Majuli,Assam,7.16,2.24,0.694,20.3,0.0,38.3,76.0,2,1,3,75.2,0.97,0.03258,15,0
2024-04-08,VIL-001,Kamalabari,Majuli,Assam,7.2,4.8,0.496,28.1,0.0,28.9,62.6,3,3,1,0.0,1.63,0.01704,25,0
2024-04-09,VIL-001,Kamalabari,Majuli,Assam,6.48,3.4,0.311,43.2,0.0,31.0,85.3,0,5,5,0.0,1.96,0.00704,0,0
2024-04-10,VIL-001,Kamalabari,Majuli,Assam,7.86,4.07,0.505,141.2,0.0,29.3,79.8,4,2,2,0.0,2.42,0.00355,60,1
2024-04-11,VIL-001,Kamalabari,Majuli,Assam,6.58,0.31,0.434,1.2,15.0,26.1,79.7,1,1,1,15.0,2.3,0.19727,0,0
2024-04-12,VIL-001,Kamalabari,Majuli,Assam,7.68,11.01,0.441,88.6,0.0,21.7,69.9,1,0,0,15.0,3.72,0.00492,25,0
2024-04-13,VIL-001,Kamalabari,Majuli,Assam,7.36,6.64,0.382,93.4,0.0,26.2,80.4,5,3,4,15.0,4.64,0.00405,25,0
2024-04-14,VIL-001,Kamalabari,Majuli,Assam,6.71,5.95,0.186,135.4,10.6,23.4,71.9,5,2,1,10.6,5.17,0.00136,80,2
2024-04-15,VIL-001,Kamalabari,Majuli,Assam,8.17,6.3,0.165,228.1,30.5,35.8,81.7,0,3,3,41.1,5.38,0.00072,95,2
2024-04-16,VIL-001,Kamalabari,Majuli,Assam,6.38,9.82,0.333,1.7,39.0,28.5,52.1,1,0,5,80.1,6.3,0.12333,40,1
2024-04-17,VIL-001,Kamalabari,Majuli,Assam,7.65,2.86,0.377,14.1,1.6,27.6,69.8,1,4,2,71.1,6.13,0.02497,15,0
2024-04-18,VIL-001,Kamalabari,Majuli,Assam,7.7,0.81,0.228,183.6,0.0,32.6,95.7,0,1,1,40.6,6.2,0.00124,35,1
2024-04-19,VIL-001,Kamalabari,Majuli,Assam,6.7,3.49,0.426,51.8,44.0,24.5,65.8,2,1,0,45.6,5.12,0.00807,0,0
2024-04-20,VIL-001,Kamalabari,Majuli,Assam,7.94,4.94,0.725,70.3,8.8,25.9,67.8,2,5,3,52.8,4.88,0.01017,40,1
2024-04-21,VIL-001,Kamalabari,Majuli,Assam,6.95,4.87,0.036,91.9,31.8,29.3,69.6,5,5,2,84.6,4.73,0.00039,75,2
2024-04-22,VIL-001,Kamalabari,Majuli,Assam,7.27,2.68,0.455,96.0,0.0,33.1,60.4,4,0,3,40.6,4.21,0.00469,0,0
2024-04-23,VIL-001,Kamalabari,Majuli,Assam,7.26,0.26,0.338,226.8,0.0,31.0,48.5,5,1,0,31.8,2.84,0.00148,35,1
2024-04-24,VIL-001,Kamalabari,Majuli,Assam,7.02,1.69,0.431,489.5,0.0,30.0,72.2,2,1,4,0.0,2.68,0.00088,50,1
2024-04-25,VIL-001,Kamalabari,Majuli,Assam,7.59,9.23,0.272,107.6,51.0,29.3,76.6,5,0,1,51.0,3.88,0.0025,75,2
2024-04-26,VIL-001,Kamalabari,Majuli,Assam,7.58,3.2,0.324,28.6,0.0,30.6,74.4,0,2,1,51.0,3.84,0.01095,15,0
2024-04-27,VIL-001,Kamalabari,Majuli,Assam,6.05,2.81,0.373,179.0,0.0,29.8,73.3,2,2,5,51.0,3.53,0.00207,50,1
2024-04-28,VIL-001,Kamalabari,Majuli,Assam,7.88,1.14,0.296,4.3,50.1,24.9,75.5,5,5,5,50.1,3.0,0.05585,15,0
2024-04-29,VIL-001,Kamalabari,Majuli,Assam,6.1,1.67,0.076,22.2,5.8,29.2,87.3,5,4,0,55.9,2.86,0.00328,35,1
2024-04-30,VIL-001,Kamalabari,Majuli,Assam,7.72,8.22,0.308,192.4,7.3,24.7,72.7,1,5,1,63.2,3.99,0.00159,75,2
2024-05-01,VIL-001,Kamalabari,Majuli,Assam,7.78,4.0,0.095,25.0,21.7,29.3,68.1,4,2,1,34.8,4.32,0.00365,20,0
2024-05-02,VIL-001,Kamalabari,Majuli,Assam,6.45,5.64,0.468,21.1,0.0,27.1,71.6,2,5,0,29.0,3.81,0.02118,25,0
2024-05-03,VIL-001,Kamalabari,Majuli,Assam,6.85,2.2,0.014,12.6,0.0,39.2,82.0,1,0,2,21.7,3.67,0.00103,20,0
2024-05-04,VIL-001,Kamalabari,Majuli,Assam,6.44,3.62,0.535,165.6,0.0,28.8,91.9,1,2,2,0.0,3.78,0.00321,35,1
2024-05-05,VIL-001,Kamalabari,Majuli,Assam,6.97,1.04,0.427,58.6,0.0,23.4,67.5,2,5,5,0.0,3.77,0.00716,0,0
2024-05-06,VIL-001,Kamalabari,Majuli,Assam,6.92,4.45,0.428,94.9,0.0,28.5,76.2,2,5,4,0.0,4.17,0.00446,25,0
2024-05-07,VIL-001,Kamalabari,Majuli,Assam,7.57,2.03,0.0,23.1,0.0,31.1,79.1,6,1,5,0.0,3.28,0.0,35,1
2024-05-08,VIL-001,Kamalabari,Majuli,Assam,7.89,2.13,0.291,119.9,0.0,35.7,63.1,4,4,2,0.0,3.02,0.00241,35,1
2024-05-09,VIL-001,Kamalabari,Majuli,Assam,7.94,3.81,0.558,120.6,6.0,26.6,75.2,1,2,5,6.0,2.75,0.00459,35,1
2024-05-10,VIL-001,Kamalabari,Majuli,Assam,6.76,10.02,0.257,31.7,6.5,22.7,57.4,1,1,0,12.5,3.87,0.00786,25,0
2024-05-11,VIL-001,Kamalabari,Majuli,Assam,6.97,0.24,0.156,44.7,0.0,32.3,53.8,1,1,2,12.5,3.39,0.00341,20,0
2024-05-12,VIL-001,Kamalabari,Majuli,Assam,6.09,6.34,0.235,19.9,18.5,23.5,79.4,5,2,5,25.0,4.15,0.01124,25,0
2024-05-13,VIL-001,Kamalabari,Majuli,Assam,6.62,1.26,0.338,317.2,22.8,27.3,70.4,3,2,5,41.3,3.69,0.00106,35,1
2024-05-14,VIL-001,Kamalabari,Majuli,Assam,7.68,2.14,0.197,87.7,0.0,28.0,77.4,1,6,1,41.3,3.71,0.00222,40,1
2024-05-15,VIL-001,Kamalabari,Majuli,Assam,8.07,0.2,0.572,230.4,0.0,28.7,74.8,3,4,4,22.8,3.43,0.00247,35,1
2024-05-16,VIL-001,Kamalabari,Majuli,Assam,6.36,1.3,0.338,30.5,0.0,31.8,63.3,5,1,2,0.0,3.07,0.01073,0,0
2024-05-17,VIL-001,Kamalabari,Majuli,Assam,6.74,2.54,0.25,128.7,0.0,26.3,74.5,3,1,1,0.0,2.0,0.00193,35,1
2024-05-18,VIL-001,Kamalabari,Majuli,Assam,7.08,0.21,0.116,122.7,0.0,27.9,60.2,4,1,1,0.0,2.0,0.00094,70,2
2024-05-19,VIL-001,Kamalabari,Majuli,Assam,7.27,2.46,0.437,99.4,0.0,28.9,91.7,1,5,2,0.0,1.44,0.00435,0,0
2024-05-20,VIL-001,Kamalabari,Majuli,Assam,6.61,9.53,0.433,284.8,0.0,29.6,58.7,3,3,2,0.0,2.63,0.00152,60,1
2024-05-21,VIL-001,Kamalabari,Majuli,Assam,7.35,0.41,0.207,42.3,0.0,29.4,72.7,6,1,6,0.0,2.38,0.00478,0,0
2024-05-22,VIL-001,Kamalabari,Majuli,Assam,6.82,5.26,0.0,11.8,0.0,30.7,62.5,5,3,4,0.0,3.1,0.0,60,1
2024-05-23,VIL-001,Kamalabari,Majuli,Assam,7.09,1.92,0.424,94.1,0.0,32.4,81.8,3,5,1,0.0,3.19,0.00446,0,0
2024-05-24,VIL-001,Kamalabari,Majuli,Assam,7.43,3.88,0.316,110.4,0.0,30.6,71.0,0,3,1,0.0,3.38,0.00284,35,1
2024-05-25,VIL-001,Kamalabari,Majuli,Assam,7.1,1.1,0.41,72.3,0.0,30.8,68.8,3,4,1,0.0,3.51,0.00559,0,0
2024-05-26,VIL-001,Kamalabari,Majuli,Assam,6.84,0.63,0.702,19.6,10.6,22.7,85.2,5,1,5,10.6,3.25,0.03408,0,0
2024-05-27,VIL-001,Kamalabari,Majuli,Assam,7.03,0.64,0.345,59.3,24.4,29.2,75.4,2,3,3,35.0,1.98,0.00572,0,0
2024-05-28,VIL-001,Kamalabari,Majuli,Assam,7.05,0.27,0.258,31.6,4.7,30.9,81.2,8,6,1,39.7,1.96,0.00791,20,0
2024-05-29,VIL-001,Kamalabari,Majuli,Assam,6.88,0.75,0.143,47.1,0.0,31.9,63.2,1,5,3,29.1,1.31,0.00297,20,0
2024-05-30,VIL-001,Kamalabari,Majuli,Assam,6.94,3.97,0.294,87.6,6.4,26.2,58.1,4,3,5,11.1,1.61,0.00332,0,0
2024-05-31,VIL-001,Kamalabari,Majuli,Assam,8.06,7.77,0.379,115.5,11.6,26.4,76.3,1,0,3,18.0,2.16,0.00325,60,1
2024-06-01,VIL-001,Kamalabari,Majuli,Assam,7.44,6.12,0.36,22.3,0.0,26.7,71.2,5,3,4,18.0,2.88,0.01545,25,0
2024-06-02,VIL-001,Kamalabari,Majuli,Assam,6.92,4.21,0.66,43.9,7.9,31.1,82.5,3,5,1,19.5,3.39,0.0147,25,0
2024-06-03,VIL-001,Kamalabari,Majuli,Assam,7.52,0.43,0.44,26.5,0.0,33.1,74.0,0,2,3,7.9,3.36,0.016,0,0
2024-06-04,VIL-001,Kamalabari,Majuli,Assam,6.9,1.24,0.326,18.7,1.1,27.4,77.5,3,8,6,9.0,3.5,0.01655,20,0
2024-06-05,VIL-001,Kamalabari,Majuli,Assam,7.8,1.35,0.223,129.3,0.0,32.6,55.5,1,1,5,1.1,3.58,0.00171,35,1
2024-06-06,VIL-001,Kamalabari,Majuli,Assam,7.32,1.05,0.398,202.8,0.0,29.5,97.7,3,4,3,1.1,3.17,0.00195,35,1
2024-06-07,VIL-001,Kamalabari,Majuli,Assam,7.04,2.63,0.187,39.1,0.0,28.5,73.0,4,1,0,0.0,2.43,0.00466,20,0
2024-06-08,VIL-001,Kamalabari,Majuli,Assam,7.37,2.79,0.382,117.6,0.0,28.2,83.4,4,5,3,0.0,1.96,0.00322,35,1
2024-06-09,VIL-001,Kamalabari,Majuli,Assam,6.16,1.61,0.438,192.1,0.0,32.0,65.0,2,3,5,0.0,1.59,0.00227,35,1
2024-06-10,VIL-001,Kamalabari,Majuli,Assam,6.42,1.59,0.311,158.2,9.8,30.3,78.7,4,0,2,9.8,1.75,0.00195,35,1
2024-06-11,VIL-001,Kamalabari,Majuli,Assam,6.38,6.42,0.237,17.1,21.7,38.1,59.4,1,3,8,31.5,2.49,0.01309,25,0
2024-06-12,VIL-001,Kamalabari,Majuli,Assam,7.19,5.67,0.0,264.5,9.5,25.6,80.4,1,1,1,41.0,3.11,0.0,95,2
2024-06-13,VIL-001,Kamalabari,Majuli,Assam,8.14,1.34,0.556,39.9,0.0,31.1,70.7,2,3,4,31.2,3.15,0.01359,0,0
2024-06-14,VIL-001,Kamalabari,Majuli,Assam,8.44,8.92,0.423,35.0,0.0,26.9,75.4,4,4,1,9.5,4.05,0.01175,25,0
2024-06-15,VIL-001,Kamalabari,Majuli,Assam,7.48,11.12,0.427,5.4,0.0,25.5,83.4,1,4,5,0.0,5.24,0.06672,25,0
2024-06-16,VIL-001,Kamalabari,Majuli,Assam,7.4,1.44,0.069,56.3,19.5,29.0,60.2,1,2,3,19.5,5.21,0.0012,20,0
2024-06-17,VIL-001,Kamalabari,Majuli,Assam,6.02,1.59,0.598,9.8,0.0,29.5,66.8,1,4,0,19.5,5.21,0.05537,0,0
2024-06-18,VIL-001,Kamalabari,Majuli,Assam,6.77,2.56,0.266,24.1,0.0,40.7,80.5,1,1,3,19.5,4.66,0.0106,0,0
2024-06-19,VIL-001,Kamalabari,Majuli,Assam,6.63,10.31,0.298,32.2,0.0,28.3,99.0,2,1,1,0.0,5.33,0.00898,25,0
2024-06-20,VIL-001,Kamalabari,Majuli,Assam,6.73,7.61,0.158,139.8,0.0,24.5,73.3,1,2,3,0.0,6.22,0.00112,80,2
2024-06-21,VIL-001,Kamalabari,Majuli,Assam,7.0,0.39,0.028,176.0,12.5,30.1,82.1,2,4,4,12.5,5.0,0.00016,70,2
2024-06-22,VIL-001,Kamalabari,Majuli,Assam,6.82,1.82,0.558,30.4,0.0,20.7,73.7,2,1,4,12.5,3.67,0.01777,0,0
2024-06-23,VIL-001,Kamalabari,Majuli,Assam,5.91,2.93,0.582,165.4,0.0,28.6,98.3,3,1,2,12.5,3.89,0.0035,35,1
2024-06-24,VIL-001,Kamalabari,Majuli,Assam,7.55,2.55,0.32,164.5,15.7,29.1,54.0,2,1,4,15.7,4.02,0.00193,35,1
2024-06-25,VIL-001,Kamalabari,Majuli,Assam,6.46,0.78,0.228,122.2,28.8,32.2,76.1,4,1,1,44.5,3.77,0.00185,35,1
2024-06-26,VIL-001,Kamalabari,Majuli,Assam,7.24,7.13,0.282,13.4,0.0,32.9,55.5,4,2,1,44.5,3.32,0.01958,25,0
2024-06-27,VIL-001,Kamalabari,Majuli,Assam,8.34,4.11,0.287,99.1,0.0,27.0,44.9,1,1,2,28.8,2.82,0.00287,25,0
2024-06-28,VIL-001,Kamalabari,Majuli,Assam,6.55,6.62,0.134,245.1,0.0,28.4,78.6,2,2,4,0.0,3.71,0.00054,95,2
2024-06-29,VIL-001,Kamalabari,Majuli,Assam,5.58,7.12,0.297,97.0,8.8,25.9,76.7,1,2,1,8.8,4.46,0.00303,25,0
2024-06-30,VIL-001,Kamalabari,Majuli,Assam,6.93,5.02,0.378,34.0,0.0,24.5,71.6,1,3,1,8.8,4.76,0.0108,25,0
2024-07-01,VIL-001,Kamalabari,Majuli,Assam,7.76,2.11,0.533,58.7,0.0,30.2,73.7,1,2,1,8.8,4.7,0.00893,0,0
2024-07-02,VIL-001,Kamalabari,Majuli,Assam,8.28,3.43,0.353,87.7,0.0,23.9,99.0,5,4,1,0.0,5.08,0.00398,0,0
2024-07-03,VIL-001,Kamalabari,Majuli,Assam,6.36,0.64,0.066,60.4,0.0,27.3,71.9,4,4,2,0.0,4.15,0.00107,20,0
2024-07-04,VIL-001,Kamalabari,Majuli,Assam,7.4,4.08,0.414,10.8,11.8,25.0,81.1,2,1,1,11.8,4.15,0.03508,25,0
2024-07-05,VIL-001,Kamalabari,Majuli,Assam,6.82,0.72,0.304,31.6,0.0,31.2,67.2,4,2,2,11.8,3.3,0.00933,0,0
2024-07-06,VIL-001,Kamalabari,Majuli,Assam,7.04,4.31,0.597,137.0,14.4,36.2,78.5,1,1,2,26.2,2.9,0.00433,60,1
2024-07-07,VIL-001,Kamalabari,Majuli,Assam,8.69,0.95,0.607,167.0,0.0,23.8,72.1,1,1,3,14.4,2.32,0.00361,35,1
2024-07-08,VIL-001,Kamalabari,Majuli,Assam,6.2,0.46,0.614,12.5,0.0,21.6,70.1,1,1,2,14.4,2.08,0.04548,0,0
2024-07-09,VIL-001,Kamalabari,Majuli,Assam,7.25,0.66,0.249,257.3,0.0,28.5,96.8,2,5,4,0.0,1.69,0.00096,50,1
2024-07-10,VIL-001,Kamalabari,Majuli,Assam,7.38,0.2,0.708,33.7,0.0,29.1,89.1,3,4,4,0.0,1.63,0.0204,0,0
2024-07-11,VIL-001,Kamalabari,Majuli,Assam,7.75,4.62,0.413,91.7,0.0,29.9,76.6,4,2,1,0.0,1.7,0.00446,25,0
2024-07-12,VIL-001,Kamalabari,Majuli,Assam,7.16,4.8,0.643,117.8,0.0,27.2,47.3,3,4,2,0.0,2.29,0.00541,60,1
2024-07-13,VIL-001,Kamalabari,Majuli,Assam,7.28,2.63,0.26,141.2,0.0,28.2,70.7,3,1,1,0.0,2.05,0.00183,35,1
2024-07-14,VIL-001,Kamalabari,Majuli,Assam,6.87,0.64,0.296,246.2,0.0,30.5,99.0,2,1,1,0.0,2.0,0.0012,35,1
2024-07-15,VIL-001,Kamalabari,Majuli,Assam,7.26,0.32,0.399,31.7,0.0,33.2,72.2,1,1,1,0.0,1.98,0.0122,0,0
2024-07-16,VIL-001,Kamalabari,Majuli,Assam,6.89,0.2,0.377,165.2,0.0,21.2,88.2,3,2,5,0.0,1.92,0.00227,35,1
2024-07-17,VIL-001,Kamalabari,Majuli,Assam,7.47,0.66,0.576,11.9,35.1,27.5,92.3,2,3,4,35.1,1.98,0.04465,0,0
2024-07-18,VIL-001,Kamalabari,Majuli,Assam,6.88,8.06,0.308,103.2,0.0,29.9,77.6,1,4,2,35.1,2.47,0.00296,60,1
2024-07-19,VIL-001,Kamalabari,Majuli,Assam,7.33,1.01,0.56,114.5,3.9,25.3,64.9,0,3,4,39.0,1.93,0.00485,35,1
2024-07-20,VIL-001,Kamalabari,Majuli,Assam,7.08,1.59,0.482,95.7,0.0,35.9,45.8,3,3,1,3.9,1.78,0.00498,0,0
2024-07-21,VIL-001,Kamalabari,Majuli,Assam,7.78,0.41,0.312,24.6,6.4,26.5,83.2,4,2,1,10.3,1.75,0.01219,0,0
2024-07-22,VIL-001,Kamalabari,Majuli,Assam,7.07,0.92,0.468,174.4,0.0,28.8,65.2,4,1,1,6.4,1.84,0.00267,35,1
2024-07-23,VIL-001,Kamalabari,Majuli,Assam,6.04,2.67,0.265,15.6,0.0,31.2,77.1,3,3,2,6.4,2.19,0.01596,0,0
2024-07-24,VIL-001,Kamalabari,Majuli,Assam,7.86,3.41,0.773,4.7,0.0,26.6,60.0,3,2,3,0.0,2.58,0.13561,0,0
2024-07-25,VIL-001,Kamalabari,Majuli,Assam,6.56,1.02,0.0,106.8,0.0,21.6,71.8,2,1,4,0.0,1.58,0.0,70,2
2024-07-26,VIL-001,Kamalabari,Majuli,Assam,6.71,0.22,0.471,54.5,7.3,27.3,75.4,3,0,3,7.3,1.46,0.00849,0,0
2024-07-27,VIL-001,Kamalabari,Majuli,Assam,6.74,1.81,0.032,159.8,50.6,33.1,78.2,4,3,3,57.9,1.49,0.0002,85,2
2024-07-28,VIL-001,Kamalabari,Majuli,Assam,7.92,0.97,0.309,40.9,7.6,27.7,61.6,2,4,2,65.5,1.57,0.00737,15,0
2024-07-29,VIL-001,Kamalabari,Majuli,Assam,5.82,0.9,0.335,15.6,0.0,25.6,89.4,4,4,1,58.2,1.57,0.02018,15,0
2024-07-30,VIL-001,Kamalabari,Majuli,Assam,8.98,11.7,0.621,153.0,0.0,32.7,67.8,3,3,3,7.6,2.86,0.00403,60,1
2024-07-31,VIL-001,Kamalabari,Majuli,Assam,7.73,3.49,0.225,67.3,0.0,27.7,54.9,3,3,2,0.0,2.87,0.00329,0,0
2024-08-01,VIL-001,Kamalabari,Majuli,Assam,7.23,2.96,0.585,17.7,39.9,27.0,73.7,5,2,1,39.9,3.15,0.03128,0,0
2024-08-02,VIL-001,Kamalabari,Majuli,Assam,7.07,1.96,0.138,107.7,11.1,29.6,75.4,2,3,0,51.0,3.4,0.00127,70,2
2024-08-03,VIL-001,Kamalabari,Majuli,Assam,7.27,2.04,0.592,60.5,0.0,32.1,76.9,0,4,3,51.0,3.43,0.00963,15,0
2024-08-04,VIL-001,Kamalabari,Majuli,Assam,7.41,2.83,0.265,78.3,0.0,38.5,91.3,5,2,4,11.1,3.7,0.00334,0,0
2024-08-05,VIL-001,Kamalabari,Majuli,Assam,7.49,4.34,0.363,52.2,0.0,32.3,72.2,2,4,4,0.0,4.19,0.00682,25,0
2024-08-06,VIL-001,Kamalabari,Majuli,Assam,7.43,4.41,0.289,149.1,0.0,33.6,73.6,2,3,3,0.0,3.15,0.00193,60,1
2024-08-07,VIL-001,Kamalabari,Majuli,Assam,7.15,0.69,0.581,149.5,0.0,27.0,61.8,5,3,3,0.0,2.75,0.00386,35,1
2024-08-08,VIL-001,Kamalabari,Majuli,Assam,6.98,2.52,0.546,104.4,6.0,24.9,84.8,1,5,2,6.0,2.68,0.00518,35,1
2024-08-09,VIL-001,Kamalabari,Majuli,Assam,7.01,1.93,0.43,9.4,0.0,29.2,77.2,5,2,3,6.0,2.68,0.04135,0,0
2024-08-10,VIL-001,Kamalabari,Majuli,Assam,6.98,7.44,0.143,154.2,0.0,29.4,70.0,3,0,4,6.0,3.45,0.00092,95,2
2024-08-11,VIL-001,Kamalabari,Majuli,Assam,7.78,3.63,0.221,93.9,0.4,24.7,52.1,6,5,2,0.4,3.57,0.00233,0,0
2024-08-12,VIL-001,Kamalabari,Majuli,Assam,7.46,2.77,0.165,100.9,0.0,28.3,92.3,6,2,4,0.4,3.34,0.00162,55,1
2024-08-13,VIL-001,Kamalabari,Majuli,Assam,5.34,0.45,0.0,38.1,2.6,30.6,60.3,3,2,3,3.0,2.78,0.0,35,1
2024-08-14,VIL-001,Kamalabari,Majuli,Assam,7.49,3.39,0.577,178.7,0.0,30.4,67.9,5,5,3,2.6,3.16,0.00321,35,1
2024-08-15,VIL-001,Kamalabari,Majuli,Assam,7.22,0.45,0.291,109.2,16.8,31.0,79.3,2,1,5,19.4,2.87,0.00264,35,1
2024-08-16,VIL-001,Kamalabari,Majuli,Assam,7.09,1.5,0.289,10.1,0.0,30.2,60.6,2,5,2,16.8,2.8,0.02604,0,0
2024-08-17,VIL-001,Kamalabari,Majuli,Assam,6.87,0.56,0.619,44.3,0.5,27.0,57.1,4,3,0,17.3,1.82,0.01366,0,0
2024-08-18,VIL-001,Kamalabari,Majuli,Assam,7.77,4.29,0.264,183.8,0.0,26.9,49.5,2,6,5,0.5,1.92,0.00143,80,2
2024-08-19,VIL-001,Kamalabari,Majuli,Assam,7.67,0.84,0.199,4.1,0.0,24.2,83.7,2,6,2,0.5,1.64,0.03902,40,1
2024-08-20,VIL-001,Kamalabari,Majuli,Assam,6.64,1.81,0.31,275.0,0.0,36.1,68.5,4,3,2,0.0,1.83,0.00112,35,1
2024-08-21,VIL-001,Kamalabari,Majuli,Assam,7.34,8.23,0.146,96.1,0.0,29.1,99.0,3,5,5,0.0,2.53,0.0015,45,1
2024-08-22,VIL-001,Kamalabari,Majuli,Assam,6.52,0.83,0.412,84.3,0.0,28.1,63.1,1,2,1,0.0,2.58,0.00483,0,0
2024-08-23,VIL-001,Kamalabari,Majuli,Assam,6.27,2.58,0.283,26.7,13.8,25.3,63.9,3,2,5,13.8,2.73,0.01022,0,0
2024-08-24,VIL-001,Kamalabari,Majuli,Assam,6.72,1.98,0.259,24.2,11.7,40.7,68.2,3,4,3,25.5,2.94,0.01028,0,0
2024-08-25,VIL-001,Kamalabari,Majuli,Assam,7.62,0.2,0.243,240.7,8.9,24.7,77.9,1,2,6,34.4,2.35,0.00101,35,1
2024-08-26,VIL-001,Kamalabari,Majuli,Assam,7.67,5.73,0.331,29.9,0.0,27.3,69.4,2,2,6,20.6,3.05,0.01071,25,0
2024-08-27,VIL-001,Kamalabari,Majuli,Assam,7.41,0.26,0.365,126.2,40.4,30.7,82.3,4,4,3,49.3,2.83,0.00287,35,1
2024-08-28,VIL-001,Kamalabari,Majuli,Assam,7.54,2.34,0.256,42.2,0.0,31.4,63.3,2,3,5,40.4,1.99,0.00593,0,0
2024-08-29,VIL-001,Kamalabari,Majuli,Assam,7.41,2.99,0.285,12.7,0.0,32.8,58.4,4,1,2,40.4,2.3,0.0208,0,0
2024-08-30,VIL-001,Kamalabari,Majuli,Assam,6.72,3.6,0.335,0.9,47.1,36.2,53.4,1,3,2,47.1,2.44,0.17632,0,0
2024-08-31,VIL-001,Kamalabari,Majuli,Assam,7.36,4.25,0.317,66.4,58.9,31.0,48.3,2,3,4,106.0,2.77,0.0047,40,1
2024-09-01,VIL-001,Kamalabari,Majuli,Assam,7.58,1.06,0.356,314.4,12.8,24.8,68.8,0,1,2,118.8,2.89,0.00113,50,1
2024-09-02,VIL-001,Kamalabari,Majuli,Assam,7.55,0.2,0.228,38.9,0.0,28.0,71.4,1,2,2,71.7,2.1,0.00571,15,0
2024-09-03,VIL-001,Kamalabari,Majuli,Assam,7.81,4.68,0.531,37.3,5.9,30.2,67.4,1,4,4,18.7,2.73,0.01386,25,0
2024-09-04,VIL-001,Kamalabari,Majuli,Assam,7.52,2.79,0.367,35.6,57.4,37.3,89.9,2,2,3,63.3,2.8,0.01003,15,0
2024-09-05,VIL-001,Kamalabari,Majuli,Assam,7.31,6.58,0.259,62.1,0.0,23.4,89.7,2,4,1,63.3,3.31,0.0041,40,1
2024-09-06,VIL-001,Kamalabari,Majuli,Assam,7.74,6.27,0.412,49.1,0.0,33.8,71.0,4,1,3,57.4,3.69,0.00822,40,1
2024-09-07,VIL-001,Kamalabari,Majuli,Assam,7.08,6.75,0.337,179.1,6.0,29.7,53.5,2,2,3,6.0,4.05,0.00187,60,1
2024-09-08,VIL-001,Kamalabari,Majuli,Assam,6.57,2.42,0.038,59.5,5.9,32.4,68.2,1,0,1,11.9,4.24,0.00063,35,1
2024-09-09,VIL-001,Kamalabari,Majuli,Assam,7.0,1.48,0.411,59.9,9.3,28.6,67.8,1,1,2,21.2,4.42,0.00675,0,0
2024-09-10,VIL-001,Kamalabari,Majuli,Assam,6.65,5.71,0.166,12.6,0.0,25.6,67.1,0,1,4,15.2,4.57,0.01221,45,1
2024-09-11,VIL-001,Kamalabari,Majuli,Assam,6.69,2.18,0.518,343.0,0.0,32.0,66.6,2,2,2,9.3,4.48,0.00151,35,1
2024-09-12,VIL-001,Kamalabari,Majuli,Assam,7.01,0.74,0.306,24.3,15.6,31.6,67.2,3,2,4,15.6,3.65,0.01209,0,0
2024-09-13,VIL-001,Kamalabari,Majuli,Assam,6.62,7.03,0.49,6.4,1.6,32.9,70.4,2,4,1,17.2,3.76,0.06622,25,0
2024-09-14,VIL-001,Kamalabari,Majuli,Assam,6.92,7.8,0.237,91.9,0.0,28.9,67.4,3,2,2,17.2,3.91,0.00255,25,0
2024-09-15,VIL-001,Kamalabari,Majuli,Assam,5.96,2.29,0.363,76.5,0.0,26.6,77.5,3,1,0,1.6,3.89,0.00468,0,0
2024-09-16,VIL-001,Kamalabari,Majuli,Assam,7.23,0.29,0.568,45.3,12.9,22.8,79.3,5,1,1,12.9,3.72,0.01227,0,0
2024-09-17,VIL-001,Kamalabari,Majuli,Assam,7.1,1.79,0.302,46.3,0.0,32.3,64.1,3,0,1,12.9,3.16,0.00638,0,0
2024-09-18,VIL-001,Kamalabari,Majuli,Assam,6.61,5.92,0.244,129.9,6.8,30.7,90.3,3,2,2,19.7,3.69,0.00186,60,1
2024-09-19,VIL-001,Kamalabari,Majuli,Assam,7.5,8.45,0.468,18.4,1.6,25.1,63.2,1,3,2,8.4,4.8,0.02412,25,0
2024-09-20,VIL-001,Kamalabari,Majuli,Assam,7.66,0.83,0.464,145.0,0.0,26.8,55.6,0,2,4,8.4,3.91,0.00318,35,1
2024-09-21,VIL-001,Kamalabari,Majuli,Assam,6.14,0.25,0.251,88.4,0.0,27.1,79.6,2,3,2,1.6,2.83,0.00281,0,0
2024-09-22,VIL-001,Kamalabari,Majuli,Assam,6.64,7.64,0.0,45.9,0.0,23.1,65.2,4,3,1,0.0,3.6,0.0,60,1
2024-09-23,VIL-001,Kamalabari,Majuli,Assam,6.64,1.8,0.24,51.8,0.0,25.7,78.9,0,5,1,0.0,3.81,0.00455,0,0
2024-09-24,VIL-001,Kamalabari,Majuli,Assam,6.54,2.84,0.472,25.1,0.0,24.5,46.2,3,3,0,0.0,3.96,0.01808,0,0
2024-09-25,VIL-001,Kamalabari,Majuli,Assam,7.6,12.54,0.21,117.9,0.0,27.4,91.7,2,3,2,0.0,4.91,0.00177,60,1
2024-09-26,VIL-001,Kamalabari,Majuli,Assam,6.98,0.25,0.348,60.8,0.0,26.0,83.1,4,1,3,0.0,3.74,0.00563,0,0
2024-09-27,VIL-001,Kamalabari,Majuli,Assam,6.94,3.8,0.232,32.7,0.0,22.5,57.0,2,0,2,0.0,4.16,0.00688,0,0
2024-09-28,VIL-001,Kamalabari,Majuli,Assam,5.9,0.28,0.002,76.6,0.0,37.1,57.3,2,2,3,0.0,4.16,3e-05,35,1
2024-09-29,VIL-001,Kamalabari,Majuli,Assam,7.48,1.71,0.228,461.1,1.7,34.0,95.1,2,4,3,1.7,3.32,0.00049,50,1
2024-09-30,VIL-001,Kamalabari,Majuli,Assam,6.36,5.93,0.471,48.3,0.0,25.9,66.2,3,0,5,1.7,3.91,0.00955,25,0
2024-10-01,VIL-001,Kamalabari,Majuli,Assam,7.14,2.07,0.0,214.2,0.0,30.1,65.0,3,3,3,1.7,3.8,0.0,70,2
2024-10-02,VIL-001,Kamalabari,Majuli,Assam,7.27,21.37,0.395,35.8,0.0,30.7,47.8,2,2,3,0.0,5.06,0.01073,25,0
2024-10-03,VIL-001,Kamalabari,Majuli,Assam,7.92,2.98,0.137,4.8,0.3,33.8,70.8,4,4,1,0.3,5.45,0.02362,20,0
2024-10-04,VIL-001,Kamalabari,Majuli,Assam,6.31,1.41,0.46,19.3,0.0,25.7,72.3,1,2,0,0.3,5.11,0.02266,0,0
2024-10-05,VIL-001,Kamalabari,Majuli,Assam,5.29,0.9,0.479,45.8,0.0,33.4,83.6,3,2,2,0.3,5.2,0.01024,0,0
2024-10-06,VIL-001,Kamalabari,Majuli,Assam,7.21,1.57,0.319,21.0,21.3,26.8,58.2,4,2,4,21.3,5.18,0.0145,0,0
2024-10-07,VIL-001,Kamalabari,Majuli,Assam,8.18,1.7,0.319,0.0,0.0,23.7,56.8,1,3,0,21.3,4.57,0.319,0,0
2024-10-08,VIL-001,Kamalabari,Majuli,Assam,7.84,0.26,0.205,208.3,97.0,31.9,80.4,3,3,3,118.3,4.31,0.00098,65,2
2024-10-09,VIL-001,Kamalabari,Majuli,Assam,7.23,1.68,0.108,156.9,6.1,34.2,87.1,3,2,2,103.1,1.5,0.00068,85,2
2024-10-10,VIL-001,Kamalabari,Majuli,Assam,6.81,2.27,0.656,114.6,0.0,39.4,56.1,5,4,4,103.1,1.4,0.00567,50,1
2024-10-11,VIL-001,Kamalabari,Majuli,Assam,7.58,4.67,0.194,15.5,0.0,24.2,88.0,3,1,2,6.1,1.86,0.01176,45,1
2024-10-12,VIL-001,Kamalabari,Majuli,Assam,6.52,3.89,0.632,10.8,0.0,31.8,75.5,3,3,2,0.0,2.29,0.05356,0,0
2024-10-13,VIL-001,Kamalabari,Majuli,Assam,7.39,4.49,0.195,5.9,3.3,27.4,88.1,1,4,2,3.3,2.71,0.02826,45,1
2024-10-14,VIL-001,Kamalabari,Majuli,Assam,7.4,0.2,0.445,108.8,0.0,32.1,74.2,6,1,3,3.3,2.49,0.00405,35,1
2024-10-15,VIL-001,Kamalabari,Majuli,Assam,7.74,0.89,0.145,223.3,34.6,23.1,44.7,3,3,3,37.9,2.58,0.00065,70,2
2024-10-16,VIL-001,Kamalabari,Majuli,Assam,8.76,3.94,0.444,47.6,12.4,23.9,73.2,2,3,2,47.0,2.91,0.00914,0,0
2024-10-17,VIL-001,Kamalabari,Majuli,Assam,7.34,2.41,0.291,10.7,16.6,25.9,87.7,1,5,4,63.6,2.93,0.02487,15,0
2024-10-18,VIL-001,Kamalabari,Majuli,Assam,6.79,0.2,0.294,60.7,0.0,29.3,64.3,2,3,1,29.0,2.29,0.00476,0,0
2024-10-19,VIL-001,Kamalabari,Majuli,Assam,7.08,5.94,0.46,36.2,0.0,26.4,70.3,3,3,3,16.6,2.58,0.01237,25,0
2024-10-20,VIL-001,Kamalabari,Majuli,Assam,6.04,5.39,0.266,39.7,0.0,31.6,72.9,4,1,4,0.0,2.71,0.00654,25,0
2024-10-21,VIL-001,Kamalabari,Majuli,Assam,6.68,2.89,0.093,82.1,0.0,33.1,40.2,1,6,1,0.0,3.09,0.00112,40,1
2024-10-22,VIL-001,Kamalabari,Majuli,Assam,6.85,0.25,0.487,107.2,83.4,31.4,95.1,7,3,3,83.4,3.0,0.0045,50,1
2024-10-23,VIL-001,Kamalabari,Majuli,Assam,6.79,5.29,0.144,9.9,0.0,35.5,64.2,6,2,3,83.4,3.2,0.01321,60,1
2024-10-24,VIL-001,Kamalabari,Majuli,Assam,7.19,3.19,0.443,3.1,0.0,30.7,81.1,2,1,5,83.4,3.31,0.10805,15,0
2024-10-25,VIL-001,Kamalabari,Majuli,Assam,6.61,5.54,0.525,437.1,0.0,24.1,74.0,2,2,3,0.0,4.07,0.0012,60,1
2024-10-26,VIL-001,Kamalabari,Majuli,Assam,7.77,5.07,0.282,22.4,3.4,34.5,90.1,1,3,3,3.4,3.95,0.01205,25,0
2024-10-27,VIL-001,Kamalabari,Majuli,Assam,7.1,5.91,0.563,4.7,0.0,26.6,79.9,0,4,1,3.4,4.02,0.09877,25,0
2024-10-28,VIL-001,Kamalabari,Majuli,Assam,7.09,2.66,0.437,17.8,0.0,32.6,72.2,4,1,6,3.4,3.99,0.02324,0,0
2024-10-29,VIL-001,Kamalabari,Majuli,Assam,6.9,0.55,0.225,3.4,0.0,35.3,64.3,2,7,3,0.0,4.03,0.05114,20,0
2024-10-30,VIL-001,Kamalabari,Majuli,Assam,7.19,4.05,0.602,42.0,0.0,30.8,84.6,5,6,2,0.0,3.85,0.014,45,1
2024-10-31,VIL-001,Kamalabari,Majuli,Assam,7.6,3.53,0.144,137.0,11.9,23.0,52.5,5,2,1,11.9,3.9,0.00104,55,1
2024-11-01,VIL-001,Kamalabari,Majuli,Assam,6.58,4.94,0.282,35.3,0.0,25.3,82.8,1,2,2,11.9,3.82,0.00777,25,0
2024-11-02,VIL-001,Kamalabari,Majuli,Assam,6.71,0.68,0.313,49.6,15.5,34.3,61.8,1,1,3,27.4,3.19,0.00619,0,0
2024-11-03,VIL-001,Kamalabari,Majuli,Assam,6.92,0.79,0.459,95.1,0.0,28.3,90.0,2,0,4,15.5,2.46,0.00478,0,0
2024-11-04,VIL-001,Kamalabari,Majuli,Assam,6.29,8.05,0.551,60.1,0.0,29.3,76.9,5,4,1,15.5,3.23,0.00902,25,0
2024-11-05,VIL-001,Kamalabari,Majuli,Assam,6.61,5.05,0.54,167.0,4.9,32.0,82.7,3,2,7,4.9,3.87,0.00321,60,1
2024-11-06,VIL-001,Kamalabari,Majuli,Assam,6.81,8.69,0.39,169.9,0.0,31.8,76.0,1,5,6,4.9,4.53,0.00228,60,1
2024-11-07,VIL-001,Kamalabari,Majuli,Assam,7.62,5.18,0.3,0.8,0.0,30.1,54.0,3,5,2,4.9,4.77,0.16667,25,0
2024-11-08,VIL-001,Kamalabari,Majuli,Assam,7.26,3.31,0.021,127.2,5.4,28.2,64.7,2,1,2,5.4,4.54,0.00016,70,2
2024-11-09,VIL-001,Kamalabari,Majuli,Assam,7.22,3.86,0.113,52.2,0.0,27.7,83.1,6,1,1,5.4,4.99,0.00212,20,0
2024-11-10,VIL-001,Kamalabari,Majuli,Assam,7.61,8.01,0.668,379.9,18.8,32.4,77.0,2,2,0,24.2,6.02,0.00175,60,1
2024-11-11,VIL-001,Kamalabari,Majuli,Assam,7.02,3.15,0.02,55.8,0.0,31.2,89.2,2,5,4,18.8,5.32,0.00035,35,1
2024-11-12,VIL-001,Kamalabari,Majuli,Assam,7.33,3.64,0.209,366.3,0.0,28.0,79.8,2,3,2,18.8,5.12,0.00057,50,1
2024-11-13,VIL-001,Kamalabari,Majuli,Assam,7.04,0.62,0.556,118.7,0.0,33.3,63.4,5,1,5,0.0,3.97,0.00464,35,1
2024-11-14,VIL-001,Kamalabari,Majuli,Assam,7.26,2.34,0.388,24.2,0.0,28.5,65.4,4,3,5,0.0,3.56,0.0154,0,0
2024-11-15,VIL-001,Kamalabari,Majuli,Assam,6.75,4.59,0.517,65.3,0.0,25.6,76.2,8,2,1,0.0,3.74,0.0078,25,0
2024-11-16,VIL-001,Kamalabari,Majuli,Assam,5.64,1.15,0.448,409.4,0.0,26.0,47.2,3,6,1,0.0,3.36,0.00109,55,1
2024-11-17,VIL-001,Kamalabari,Majuli,Assam,7.02,0.82,0.615,164.7,15.2,25.1,95.1,2,2,2,15.2,2.33,0.00371,35,1
2024-11-18,VIL-001,Kamalabari,Majuli,Assam,7.95,1.37,0.403,8.7,0.0,27.9,80.3,4,2,5,15.2,2.08,0.04155,0,0
2024-11-19,VIL-001,Kamalabari,Majuli,Assam,7.66,1.01,0.469,103.5,0.0,33.9,89.7,0,2,3,15.2,1.7,0.00449,35,1
2024-11-20,VIL-001,Kamalabari,Majuli,Assam,7.68,0.88,0.22,35.8,22.8,25.8,56.0,4,5,1,22.8,1.74,0.00598,0,0
2024-11-21,VIL-001,Kamalabari,Majuli,Assam,7.84,2.01,0.456,0.6,0.0,29.8,89.9,3,4,3,22.8,1.69,0.285,0,0
2024-11-22,VIL-001,Kamalabari,Majuli,Assam,7.15,8.68,0.279,43.7,0.0,26.4,99.0,6,8,2,22.8,2.27,0.00624,45,1
2024-11-23,VIL-001,Kamalabari,Majuli,Assam,7.22,2.57,0.268,22.6,0.0,28.0,59.1,2,3,6,0.0,2.48,0.01136,0,0
2024-11-24,VIL-001,Kamalabari,Majuli,Assam,6.73,0.76,0.511,144.4,9.0,23.0,84.3,2,2,2,9.0,2.47,0.00351,35,1
2024-11-25,VIL-001,Kamalabari,Majuli,Assam,6.91,0.29,0.512,34.8,36.3,28.1,75.0,3,4,2,45.3,2.31,0.0143,0,0
2024-11-26,VIL-001,Kamalabari,Majuli,Assam,7.47,4.34,0.654,148.5,5.0,28.2,56.5,5,0,2,50.3,2.79,0.00437,75,2
2024-11-27,VIL-001,Kamalabari,Majuli,Assam,7.82,1.76,0.642,0.1,0.0,31.2,80.9,0,4,5,41.3,2.92,0.58364,0,0
2024-11-28,VIL-001,Kamalabari,Majuli,Assam,7.02,6.28,0.515,31.1,57.1,29.9,85.0,0,3,4,62.1,3.53,0.01604,40,1
2024-11-29,VIL-001,Kamalabari,Majuli,Assam,6.83,3.92,0.04,23.3,0.0,24.2,67.8,4,6,8,57.1,2.85,0.00165,55,1
2024-11-30,VIL-001,Kamalabari,Majuli,Assam,7.1,5.79,0.679,22.5,7.7,33.3,89.0,3,2,3,64.8,3.31,0.02889,40,1
2024-12-01,VIL-001,Kamalabari,Majuli,Assam,7.46,1.16,0.515,6.0,0.0,29.8,55.0,3,2,2,7.7,3.36,0.07357,0,0
2024-12-02,VIL-001,Kamalabari,Majuli,Assam,6.23,4.29,0.212,17.5,61.2,29.8,57.1,1,3,4,68.9,3.93,0.01146,40,1
2024-12-03,VIL-001,Kamalabari,Majuli,Assam,5.72,1.12,0.481,68.5,0.0,29.0,76.6,3,5,0,61.2,3.47,0.00692,15,0
2024-12-04,VIL-001,Kamalabari,Majuli,Assam,6.77,10.18,0.163,29.1,7.0,26.9,75.3,4,0,4,68.2,4.68,0.00542,60,1
2024-12-05,VIL-001,Kamalabari,Majuli,Assam,6.37,3.68,0.461,45.7,0.0,29.9,66.4,4,0,3,7.0,4.31,0.00987,0,0
2024-12-06,VIL-001,Kamalabari,Majuli,Assam,6.8,1.43,0.113,40.0,21.0,30.9,84.7,1,4,6,28.0,3.95,0.00276,20,0
2024-12-07,VIL-001,Kamalabari,Majuli,Assam,7.01,1.14,0.205,176.3,0.0,22.0,81.4,5,3,2,21.0,3.29,0.00116,35,1
2024-12-08,VIL-001,Kamalabari,Majuli,Assam,6.83,0.77,0.478,199.2,0.0,26.8,85.3,6,3,2,21.0,3.23,0.00239,35,1
2024-12-09,VIL-001,Kamalabari,Majuli,Assam,7.97,4.32,0.543,57.4,1.0,28.0,73.5,0,1,3,1.0,3.23,0.0093,25,0
2024-12-10,VIL-001,Kamalabari,Majuli,Assam,7.3,0.9,0.409,33.9,0.0,30.0,82.2,4,3,5,1.0,3.2,0.01172,0,0
2024-12-11,VIL-001,Kamalabari,Majuli,Assam,7.28,3.29,0.298,9.5,0.0,33.8,69.7,2,4,0,1.0,2.22,0.02838,0,0
2024-12-12,VIL-001,Kamalabari,Majuli,Assam,7.47,1.12,0.0,259.1,7.9,25.9,99.0,2,4,0,7.9,1.85,0.0,70,2
2024-12-13,VIL-001,Kamalabari,Majuli,Assam,6.42,3.95,0.312,5.2,0.0,27.0,65.2,3,1,4,7.9,2.21,0.05032,0,0
2024-12-14,VIL-001,Kamalabari,Majuli,Assam,7.72,6.14,0.446,29.9,12.2,26.9,99.0,1,5,3,20.1,2.93,0.01443,25,0
2024-12-15,VIL-001,Kamalabari,Majuli,Assam,7.05,5.48,0.293,29.9,0.0,25.8,75.4,0,6,3,12.2,3.6,0.00948,45,1
2024-12-16,VIL-001,Kamalabari,Majuli,Assam,7.5,5.21,0.346,32.6,0.0,27.6,58.5,3,0,1,12.2,3.73,0.0103,25,0
2024-12-17,VIL-001,Kamalabari,Majuli,Assam,6.46,0.76,0.317,15.2,6.7,32.1,91.4,3,4,3,6.7,3.71,0.01957,0,0
2024-12-18,VIL-001,Kamalabari,Majuli,Assam,6.17,0.34,0.292,129.2,0.0,24.8,76.5,1,2,4,6.7,3.29,0.00224,35,1
2024-12-19,VIL-001,Kamalabari,Majuli,Assam,7.59,4.37,0.364,11.0,0.0,30.7,85.2,2,2,4,6.7,3.75,0.03033,25,0
2024-12-20,VIL-001,Kamalabari,Majuli,Assam,7.33,1.67,0.301,85.1,0.0,22.2,89.7,4,3,1,0.0,3.42,0.0035,0,0
2024-12-21,VIL-001,Kamalabari,Majuli,Assam,6.56,2.06,0.61,11.2,0.0,26.8,79.1,2,1,5,0.0,2.84,0.05,0,0
2024-12-22,VIL-001,Kamalabari,Majuli,Assam,6.58,0.2,0.0,6.2,0.0,27.7,67.9,1,0,6,0.0,2.09,0.0,35,1
2024-12-23,VIL-001,Kamalabari,Majuli,Assam,7.78,1.09,0.252,202.9,0.0,35.7,86.7,1,3,0,0.0,1.5,0.00124,35,1
2024-12-24,VIL-001,Kamalabari,Majuli,Assam,6.39,0.2,0.193,17.8,20.6,27.9,75.0,2,3,4,20.6,1.42,0.01027,20,0
2024-12-25,VIL-001,Kamalabari,Majuli,Assam,8.09,7.69,0.389,145.5,0.0,20.2,83.2,2,1,2,20.6,2.47,0.00266,60,1
2024-12-26,VIL-001,Kamalabari,Majuli,Assam,6.56,1.02,0.364,66.5,0.0,21.0,49.2,1,2,2,20.6,1.99,0.00539,0,0
2024-12-27,VIL-001,Kamalabari,Majuli,Assam,7.48,2.97,0.642,6.8,0.0,29.1,80.4,1,4,3,0.0,2.18,0.08231,0,0
2024-12-28,VIL-001,Kamalabari,Majuli,Assam,6.9,0.2,0.701,262.9,0.0,31.5,67.3,1,2,1,0.0,1.91,0.00266,35,1
2024-12-29,VIL-001,Kamalabari,Majuli,Assam,7.46,4.0,0.211,24.0,0.0,30.5,94.8,5,1,0,0.0,2.45,0.00844,0,0
2024-12-30,VIL-001,Kamalabari,Majuli,Assam,6.77,1.42,0.35,165.9,0.0,29.7,82.5,1,1,3,0.0,2.5,0.0021,35,1
2024-12-31,VIL-001,Kamalabari,Majuli,Assam,7.0,8.31,0.385,15.6,0.0,33.6,77.9,5,2,3,0.0,3.66,0.02319,25,0
2025-01-01,VIL-001,Kamalabari,Majuli,Assam,7.12,7.97,0.206,162.6,4.3,26.8,80.8,1,2,1,4.3,3.7,0.00126,60,1
2025-01-02,VIL-001,Kamalabari,Majuli,Assam,6.5,1.43,0.463,1.1,0.0,32.6,63.0,0,1,2,4.3,3.76,0.22048,0,0
2025-01-03,VIL-001,Kamalabari,Majuli,Assam,7.54,8.42,0.307,60.6,0.0,22.5,94.5,1,1,4,4.3,4.54,0.00498,25,0
2025-01-04,VIL-001,Kamalabari,Majuli,Assam,6.79,20.24,0.158,124.0,33.4,25.4,98.9,3,1,2,33.4,7.4,0.00126,80,2
2025-01-05,VIL-001,Kamalabari,Majuli,Assam,6.96,6.35,0.3,230.7,0.0,21.8,79.7,3,5,1,33.4,7.73,0.00129,60,1
2025-01-06,VIL-001,Kamalabari,Majuli,Assam,6.5,6.78,0.17,202.7,0.0,27.9,94.1,5,1,1,33.4,8.5,0.00083,95,2
2025-01-07,VIL-001,Kamalabari,Majuli,Assam,5.56,1.04,0.537,144.7,2.6,28.8,68.2,2,5,2,2.6,7.46,0.00369,35,1
2025-01-08,VIL-001,Kamalabari,Majuli,Assam,6.99,3.13,0.692,185.1,55.2,29.5,65.4,0,1,2,57.8,6.77,0.00372,50,1
2025-01-09,VIL-001,Kamalabari,Majuli,Assam,8.55,0.25,0.394,18.8,1.4,29.2,75.5,4,0,1,59.2,6.6,0.0199,15,0
2025-01-10,VIL-001,Kamalabari,Majuli,Assam,7.57,0.36,0.37,28.3,0.0,25.3,80.2,2,1,1,56.6,5.45,0.01263,15,0
2025-01-11,VIL-001,Kamalabari,Majuli,Assam,7.09,24.77,0.377,28.8,7.7,28.2,70.3,1,3,1,9.1,6.1,0.01265,25,0
2025-01-12,VIL-001,Kamalabari,Majuli,Assam,6.94,1.44,0.563,40.0,17.4,23.0,81.5,5,3,5,25.1,5.4,0.01373,0,0
2025-01-13,VIL-001,Kamalabari,Majuli,Assam,7.11,5.02,0.559,42.2,0.0,34.5,78.7,3,5,1,25.1,5.14,0.01294,25,0
2025-01-14,VIL-001,Kamalabari,Majuli,Assam,7.43,5.98,0.329,66.5,2.4,27.8,63.0,4,2,5,19.8,5.85,0.00487,25,0
2025-01-15,VIL-001,Kamalabari,Majuli,Assam,6.39,7.11,0.395,14.7,6.2,27.0,81.2,3,0,1,8.6,6.42,0.02516,25,0
2025-01-16,VIL-001,Kamalabari,Majuli,Assam,7.77,22.0,0.467,99.3,4.9,35.4,85.4,2,4,0,13.5,9.53,0.00466,25,0
2025-01-17,VIL-001,Kamalabari,Majuli,Assam,7.53,1.01,0.145,15.5,0.0,24.0,77.1,4,2,1,11.1,9.62,0.00879,20,0
2025-01-18,VIL-001,Kamalabari,Majuli,Assam,7.53,0.2,0.568,31.4,0.0,24.5,88.8,3,1,3,4.9,6.11,0.01753,0,0
2025-01-19,VIL-001,Kamalabari,Majuli,Assam,7.36,1.93,0.662,59.1,21.9,24.6,60.4,3,5,3,21.9,6.18,0.01101,0,0
2025-01-20,VIL-001,Kamalabari,Majuli,Assam,7.11,0.51,0.56,134.5,0.0,28.7,80.6,2,3,5,21.9,5.53,0.00413,35,1
2025-01-21,VIL-001,Kamalabari,Majuli,Assam,7.5,0.2,0.126,113.7,0.0,30.7,61.0,3,4,2,21.9,4.71,0.0011,55,1
2025-01-22,VIL-001,Kamalabari,Majuli,Assam,7.46,1.63,0.0,87.6,8.9,32.0,61.6,2,3,0,8.9,3.93,0.0,35,1
2025-01-23,VIL-001,Kamalabari,Majuli,Assam,6.89,5.57,0.478,14.3,67.5,39.3,67.4,3,2,4,76.4,1.58,0.03124,40,1
2025-01-24,VIL-001,Kamalabari,Majuli,Assam,6.76,3.04,0.213,66.9,55.7,20.0,63.7,2,4,2,132.1,1.87,0.00314,15,0
2025-01-25,VIL-001,Kamalabari,Majuli,Assam,7.16,1.37,0.402,7.7,0.0,31.4,68.4,0,3,1,123.2,2.04,0.04621,15,0
2025-01-26,VIL-001,Kamalabari,Majuli,Assam,8.03,3.87,0.626,40.0,0.0,26.8,72.4,7,3,5,55.7,2.31,0.01527,15,0
2025-01-27,VIL-001,Kamalabari,Majuli,Assam,6.36,0.96,0.232,45.1,1.3,26.7,85.0,1,2,3,1.3,2.38,0.00503,0,0
2025-01-28,VIL-001,Kamalabari,Majuli,Assam,6.22,0.2,0.282,3.4,0.0,26.5,71.1,0,3,4,1.3,2.38,0.06409,0,0
2025-01-29,VIL-001,Kamalabari,Majuli,Assam,7.2,5.26,0.4,27.1,5.6,25.4,56.0,2,2,3,6.9,2.9,0.01423,25,0
2025-01-30,VIL-001,Kamalabari,Majuli,Assam,7.13,3.56,0.116,263.3,0.0,35.7,88.7,1,3,2,5.6,2.61,0.00044,70,2
2025-01-31,VIL-001,Kamalabari,Majuli,Assam,7.2,5.23,0.214,259.5,0.0,32.4,65.0,3,2,4,5.6,2.92,0.00082,75,2
2025-02-01,VIL-001,Kamalabari,Majuli,Assam,7.25,0.2,0.354,36.7,35.2,29.1,74.3,3,0,3,35.2,2.75,0.00939,0,0
2025-02-02,VIL-001,Kamalabari,Majuli,Assam,6.97,6.61,0.296,3.7,0.0,34.4,80.4,5,7,3,35.2,3.15,0.06298,45,1
2025-02-03,VIL-001,Kamalabari,Majuli,Assam,7.99,3.52,0.46,16.7,8.0,22.9,77.4,2,1,2,43.2,3.51,0.02599,0,0
2025-02-04,VIL-001,Kamalabari,Majuli,Assam,6.14,3.02,0.848,42.1,0.0,23.7,88.1,2,0,3,8.0,3.91,0.01968,0,0
2025-02-05,VIL-001,Kamalabari,Majuli,Assam,6.6,3.57,0.368,249.5,6.8,20.3,80.7,2,2,2,14.8,3.67,0.00147,35,1
2025-02-06,VIL-001,Kamalabari,Majuli,Assam,7.04,7.27,0.198,12.9,0.0,26.2,64.7,3,1,3,6.8,4.2,0.01424,45,1
2025-02-07,VIL-001,Kamalabari,Majuli,Assam,6.11,3.22,0.605,121.8,21.8,29.6,99.0,7,3,2,28.6,3.92,0.00493,35,1
2025-02-08,VIL-001,Kamalabari,Majuli,Assam,6.99,3.17,0.064,9.7,0.0,29.4,77.3,0,3,0,21.8,4.34,0.00598,20,0
2025-02-09,VIL-001,Kamalabari,Majuli,Assam,8.1,17.02,0.1,336.1,9.5,29.6,73.2,4,5,7,31.3,5.83,0.0003,95,2
2025-02-10,VIL-001,Kamalabari,Majuli,Assam,7.11,5.15,0.243,40.6,0.0,23.4,86.6,2,2,1,9.5,6.06,0.00584,25,0
2025-02-11,VIL-001,Kamalabari,Majuli,Assam,7.24,2.13,0.299,126.1,21.3,32.2,78.0,2,2,0,30.8,5.93,0.00235,35,1
2025-02-12,VIL-001,Kamalabari,Majuli,Assam,6.34,4.47,0.239,35.4,0.0,30.0,79.8,7,2,2,21.3,6.06,0.00657,25,0
2025-02-13,VIL-001,Kamalabari,Majuli,Assam,6.73,1.79,0.344,83.5,6.5,31.9,99.0,5,3,1,27.8,5.28,0.00407,0,0
2025-02-14,VIL-001,Kamalabari,Majuli,Assam,6.87,0.95,0.399,18.0,30.0,21.4,71.7,2,7,3,36.5,4.95,0.021,20,0
2025-02-15,VIL-001,Kamalabari,Majuli,Assam,6.91,3.31,0.542,13.3,0.0,30.2,71.2,0,0,3,36.5,4.97,0.0379,0,0
2025-02-16,VIL-001,Kamalabari,Majuli,Assam,7.87,9.59,0.366,235.0,10.6,24.2,76.4,2,4,5,40.6,3.91,0.00155,60,1
2025-02-17,VIL-001,Kamalabari,Majuli,Assam,7.43,9.64,0.249,211.0,23.4,27.4,87.9,3,2,2,34.0,4.55,0.00117,60,1
2025-02-18,VIL-001,Kamalabari,Majuli,Assam,6.43,1.52,0.533,184.6,0.0,31.1,56.9,2,2,2,34.0,4.47,0.00287,35,1
2025-02-19,VIL-001,Kamalabari,Majuli,Assam,7.25,2.73,0.203,83.0,0.0,29.4,51.4,4,7,2,23.4,4.22,0.00242,20,0
2025-02-20,VIL-001,Kamalabari,Majuli,Assam,7.4,0.87,0.056,139.6,4.6,25.6,68.0,3,5,3,4.6,4.09,0.0004,70,2
2025-02-21,VIL-001,Kamalabari,Majuli,Assam,7.78,19.78,0.567,6.0,0.0,29.0,55.4,2,2,7,4.6,6.78,0.081,25,0
2025-02-22,VIL-001,Kamalabari,Majuli,Assam,8.05,14.45,0.556,34.4,0.0,22.9,69.9,7,0,0,4.6,8.37,0.01571,25,0
2025-02-23,VIL-001,Kamalabari,Majuli,Assam,6.49,3.82,0.207,31.8,44.4,33.6,81.0,1,2,4,44.4,7.54,0.00631,0,0
2025-02-24,VIL-001,Kamalabari,Majuli,Assam,6.61,5.94,0.278,85.3,0.0,28.2,64.3,4,3,2,44.4,7.02,0.00322,25,0
2025-02-25,VIL-001,Kamalabari,Majuli,Assam,6.35,4.57,0.185,37.2,0.0,33.5,57.9,2,2,2,44.4,7.45,0.00484,45,1
2025-02-26,VIL-001,Kamalabari,Majuli,Assam,6.96,3.27,0.409,13.6,0.0,26.9,75.8,2,4,7,0.0,7.53,0.02801,0,0
2025-02-27,VIL-001,Kamalabari,Majuli,Assam,7.38,0.2,0.662,76.7,5.8,26.9,85.4,3,3,5,5.8,7.43,0.00852,0,0
2025-02-28,VIL-001,Kamalabari,Majuli,Assam,7.69,2.21,0.477,142.3,0.0,25.9,54.7,3,2,2,5.8,4.92,0.00333,35,1
2025-03-01,VIL-001,Kamalabari,Majuli,Assam,7.05,4.09,0.536,40.7,7.3,32.5,84.8,1,7,0,13.1,3.44,0.01285,45,1
2025-03-02,VIL-001,Kamalabari,Majuli,Assam,6.91,4.12,0.498,12.0,15.6,26.2,84.8,2,1,2,22.9,3.49,0.03831,25,0
2025-03-03,VIL-001,Kamalabari,Majuli,Assam,7.19,1.7,0.35,18.5,39.6,31.6,86.4,2,4,3,62.5,2.88,0.01795,15,0
2025-03-04,VIL-001,Kamalabari,Majuli,Assam,6.6,10.34,0.545,22.9,0.0,27.5,89.6,4,2,2,55.2,3.7,0.0228,40,1
2025-03-05,VIL-001,Kamalabari,Majuli,Assam,8.35,0.67,0.484,30.1,0.0,21.1,99.0,0,2,4,39.6,3.33,0.01556,0,0
2025-03-06,VIL-001,Kamalabari,Majuli,Assam,6.14,2.53,0.609,87.0,0.0,26.7,70.7,5,3,3,0.0,3.67,0.00692,0,0
2025-03-07,VIL-001,Kamalabari,Majuli,Assam,7.21,4.27,0.267,77.6,0.0,24.3,76.3,2,3,2,0.0,3.96,0.0034,25,0
2025-03-08,VIL-001,Kamalabari,Majuli,Assam,8.31,4.35,0.037,100.6,4.8,29.1,70.0,3,1,7,4.8,4.0,0.00036,95,2
2025-03-09,VIL-001,Kamalabari,Majuli,Assam,7.1,3.81,0.538,38.0,12.2,24.2,75.0,4,2,1,17.0,3.95,0.01379,0,0
2025-03-10,VIL-001,Kamalabari,Majuli,Assam,6.99,1.17,0.413,146.8,6.7,32.7,93.4,1,2,4,23.7,3.88,0.00279,35,1
2025-03-11,VIL-001,Kamalabari,Majuli,Assam,6.89,0.62,0.297,19.3,3.6,28.6,58.9,2,4,2,22.5,2.49,0.01463,0,0
2025-03-12,VIL-001,Kamalabari,Majuli,Assam,6.99,3.68,0.307,53.5,0.0,28.3,64.7,3,0,2,10.3,2.92,0.00563,0,0
2025-03-13,VIL-001,Kamalabari,Majuli,Assam,7.92,3.33,0.81,136.4,0.0,31.6,91.5,0,5,3,3.6,3.03,0.0059,35,1
2025-03-14,VIL-001,Kamalabari,Majuli,Assam,5.77,0.72,0.234,16.8,5.4,32.9,87.2,3,2,3,5.4,2.53,0.01315,0,0
2025-03-15,VIL-001,Kamalabari,Majuli,Assam,8.02,4.45,0.196,9.8,11.2,28.9,70.6,4,3,1,16.6,2.54,0.01815,45,1
2025-03-16,VIL-001,Kamalabari,Majuli,Assam,6.25,2.21,0.365,181.8,2.6,25.9,85.3,4,4,2,19.2,2.31,0.002,35,1
2025-03-17,VIL-001,Kamalabari,Majuli,Assam,6.94,4.01,0.562,35.5,0.0,21.9,79.1,2,1,2,13.8,2.72,0.0154,25,0
2025-03-18,VIL-001,Kamalabari,Majuli,Assam,6.84,6.61,0.76,97.3,0.0,26.3,93.0,3,2,4,2.6,3.57,0.00773,25,0
2025-03-19,VIL-001,Kamalabari,Majuli,Assam,7.45,0.68,0.468,2.2,0.0,26.5,75.9,2,3,0,0.0,3.14,0.14625,0,0
2025-03-20,VIL-001,Kamalabari,Majuli,Assam,6.14,0.2,0.121,99.0,0.0,29.4,87.3,1,0,5,0.0,2.7,0.00121,20,0
2025-03-21,VIL-001,Kamalabari,Majuli,Assam,7.38,5.5,0.705,32.1,0.0,27.6,99.0,1,3,2,0.0,3.38,0.0213,25,0
2025-03-22,VIL-001,Kamalabari,Majuli,Assam,8.31,3.42,0.346,4.8,29.7,31.8,82.2,1,4,3,29.7,3.23,0.05966,0,0
2025-03-23,VIL-001,Kamalabari,Majuli,Assam,6.28,4.38,0.199,79.5,26.3,26.5,75.6,4,4,4,56.0,3.54,0.00247,60,1
2025-03-24,VIL-001,Kamalabari,Majuli,Assam,7.21,6.63,0.156,23.3,0.0,28.8,83.7,2,2,1,56.0,3.92,0.00642,60,1
2025-03-25,VIL-001,Kamalabari,Majuli,Assam,6.7,5.91,0.501,41.3,0.0,33.7,70.6,6,3,2,26.3,3.82,0.01184,25,0
2025-03-26,VIL-001,Kamalabari,Majuli,Assam,7.36,11.8,0.393,7.1,32.4,30.4,99.0,3,2,3,32.4,5.41,0.04852,25,0
2025-03-27,VIL-001,Kamalabari,Majuli,Assam,7.11,2.79,0.412,13.5,0.0,28.8,77.2,2,1,0,32.4,5.78,0.02841,0,0
2025-03-28,VIL-001,Kamalabari,Majuli,Assam,6.72,2.44,0.582,29.9,0.0,26.6,71.7,4,1,3,32.4,5.34,0.01883,0,0
2025-03-29,VIL-001,Kamalabari,Majuli,Assam,7.39,1.87,0.206,7.9,0.0,26.5,65.0,3,1,4,0.0,5.12,0.02315,0,0
2025-03-30,VIL-001,Kamalabari,Majuli,Assam,8.18,0.61,0.596,204.3,0.0,25.6,88.2,6,4,4,0.0,4.58,0.0029,35,1
2025-03-31,VIL-001,Kamalabari,Majuli,Assam,6.99,3.09,0.257,0.5,0.0,26.8,85.4,3,2,2,0.0,4.07,0.17133,0,0
2025-04-01,VIL-001,Kamalabari,Majuli,Assam,7.53,1.18,0.74,55.9,0.0,32.0,69.0,1,6,3,0.0,3.4,0.01301,20,0
2025-04-02,VIL-001,Kamalabari,Majuli,Assam,6.32,9.25,0.458,11.1,1.5,28.1,81.9,2,3,2,1.5,3.03,0.03785,25,0
2025-04-03,VIL-001,Kamalabari,Majuli,Assam,6.53,3.19,0.184,31.1,10.3,23.6,56.9,2,2,1,11.8,3.09,0.00573,20,0
2025-04-04,VIL-001,Kamalabari,Majuli,Assam,7.38,3.27,0.0,220.1,6.2,36.1,77.2,2,4,1,18.0,3.21,0.0,70,2
2025-04-05,VIL-001,Kamalabari,Majuli,Assam,7.99,1.6,0.496,14.9,14.2,30.3,80.4,6,3,1,30.7,3.17,0.03119,0,0
2025-04-06,VIL-001,Kamalabari,Majuli,Assam,7.31,0.2,0.283,285.3,0.0,23.4,95.5,3,6,4,20.4,3.11,0.00099,70,2
2025-04-07,VIL-001,Kamalabari,Majuli,Assam,6.91,0.2,0.322,19.5,0.0,27.2,65.8,5,3,2,14.2,2.7,0.01571,0,0
2025-04-08,VIL-001,Kamalabari,Majuli,Assam,7.1,2.0,0.488,114.3,28.5,29.4,59.7,1,1,6,28.5,2.82,0.00423,35,1
2025-04-09,VIL-001,Kamalabari,Majuli,Assam,6.35,0.32,0.532,66.9,0.0,35.8,64.3,5,2,3,28.5,1.54,0.00784,0,0
2025-04-10,VIL-001,Kamalabari,Majuli,Assam,7.46,3.4,0.57,182.4,2.0,24.6,59.0,5,2,2,30.5,1.57,0.00311,35,1
2025-04-11,VIL-001,Kamalabari,Majuli,Assam,7.63,7.75,0.139,68.2,2.8,32.9,91.0,2,2,4,4.8,2.21,0.00201,45,1
2025-04-12,VIL-001,Kamalabari,Majuli,Assam,6.83,7.81,0.607,64.6,37.7,34.6,93.6,1,6,3,42.5,3.1,0.00925,45,1
2025-04-13,VIL-001,Kamalabari,Majuli,Assam,6.82,3.92,0.246,18.4,13.5,26.5,78.8,0,3,6,54.0,3.63,0.01268,15,0
2025-04-14,VIL-001,Kamalabari,Majuli,Assam,7.26,0.86,0.0,15.4,11.3,27.9,89.7,2,5,3,62.5,3.72,0.0,50,1
2025-04-15,VIL-001,Kamalabari,Majuli,Assam,6.84,7.24,0.138,209.8,0.0,24.9,76.6,3,1,1,24.8,4.47,0.00065,95,2
2025-04-16,VIL-001,Kamalabari,Majuli,Assam,7.06,7.91,0.389,33.6,0.0,28.2,73.9,1,5,2,11.3,5.56,0.01124,25,0
2025-04-17,VIL-001,Kamalabari,Majuli,Assam,8.36,0.8,0.174,39.3,0.0,28.9,71.0,3,5,2,0.0,5.18,0.00432,20,0
2025-04-18,VIL-001,Kamalabari,Majuli,Assam,6.95,4.87,0.334,120.5,31.7,31.6,71.3,1,2,2,31.7,4.77,0.00275,60,1
2025-04-19,VIL-001,Kamalabari,Majuli,Assam,6.88,1.23,0.411,35.0,17.7,33.4,56.4,2,1,6,49.4,3.83,0.01142,0,0
2025-04-20,VIL-001,Kamalabari,Majuli,Assam,6.71,5.91,0.317,256.7,1.4,26.0,78.2,1,0,3,50.8,4.12,0.00123,75,2
2025-04-21,VIL-001,Kamalabari,Majuli,Assam,7.55,21.45,0.261,113.2,0.0,21.1,74.5,3,2,5,19.1,7.06,0.00229,60,1
2025-04-22,VIL-001,Kamalabari,Majuli,Assam,6.99,0.2,0.125,76.9,0.9,28.9,83.9,1,3,1,2.3,6.05,0.0016,20,0
2025-04-23,VIL-001,Kamalabari,Majuli,Assam,6.71,8.29,0.354,179.8,0.0,30.2,76.1,1,1,5,0.9,6.11,0.00196,60,1
2025-04-24,VIL-001,Kamalabari,Majuli,Assam,7.89,3.55,0.0,4.3,0.0,30.0,73.0,0,3,5,0.9,6.5,0.0,35,1
2025-04-25,VIL-001,Kamalabari,Majuli,Assam,7.95,13.2,0.227,25.1,0.0,27.7,64.5,5,1,2,0.0,7.69,0.0087,25,0
2025-04-26,VIL-001,Kamalabari,Majuli,Assam,6.74,2.28,0.183,52.9,0.0,29.5,75.9,2,2,1,0.0,7.84,0.0034,20,0
2025-04-27,VIL-001,Kamalabari,Majuli,Assam,5.98,6.84,0.307,21.8,51.6,35.1,83.9,3,1,0,51.6,7.97,0.01346,40,1
2025-04-28,VIL-001,Kamalabari,Majuli,Assam,7.7,0.23,0.312,115.1,17.0,30.5,61.3,4,3,2,68.6,4.94,0.00269,50,1
2025-04-29,VIL-001,Kamalabari,Majuli,Assam,6.69,1.49,0.523,212.6,32.4,27.5,76.0,2,1,3,101.0,5.13,0.00245,50,1
2025-04-30,VIL-001,Kamalabari,Majuli,Assam,7.57,0.25,0.635,46.6,0.0,27.0,77.8,2,1,1,49.4,3.98,0.01334,0,0
2025-05-01,VIL-001,Kamalabari,Majuli,Assam,5.92,13.48,0.149,35.4,2.1,28.3,66.4,2,0,3,34.5,5.4,0.00409,45,1
2025-05-02,VIL-001,Kamalabari,Majuli,Assam,7.64,6.18,0.709,275.3,24.0,35.5,67.9,5,5,1,26.1,4.39,0.00257,60,1
2025-05-03,VIL-001,Kamalabari,Majuli,Assam,6.37,6.97,0.21,49.7,0.0,28.3,77.8,3,2,2,26.1,5.06,0.00414,25,0
2025-05-04,VIL-001,Kamalabari,Majuli,Assam,7.54,10.12,0.381,56.7,18.3,28.9,61.4,1,3,1,42.3,5.53,0.0066,25,0
2025-05-05,VIL-001,Kamalabari,Majuli,Assam,7.11,0.32,0.442,36.6,0.0,27.1,79.2,3,4,3,18.3,5.54,0.01176,0,0
2025-05-06,VIL-001,Kamalabari,Majuli,Assam,6.53,1.77,0.79,203.0,0.0,33.4,64.3,6,2,1,18.3,5.58,0.00387,35,1
2025-05-07,VIL-001,Kamalabari,Majuli,Assam,6.86,0.27,0.252,71.1,5.5,36.8,87.8,3,2,1,5.5,5.59,0.0035,0,0
2025-05-08,VIL-001,Kamalabari,Majuli,Assam,7.51,0.86,0.027,121.4,5.9,30.8,99.0,0,2,0,11.4,3.78,0.00022,70,2
2025-05-09,VIL-001,Kamalabari,Majuli,Assam,7.16,0.95,0.618,141.1,48.0,29.3,64.7,6,5,5,59.4,3.04,0.00435,50,1
2025-05-10,VIL-001,Kamalabari,Majuli,Assam,7.45,2.3,0.2,35.3,0.0,29.1,81.4,0,3,2,53.9,2.37,0.00551,15,0
2025-05-11,VIL-001,Kamalabari,Majuli,Assam,8.29,1.14,0.285,48.0,0.0,19.5,66.3,2,1,3,48.0,1.09,0.00582,0,0
2025-05-12,VIL-001,Kamalabari,Majuli,Assam,6.16,0.39,0.149,159.5,0.0,32.0,87.5,2,3,4,0.0,1.1,0.00093,70,2
2025-05-13,VIL-001,Kamalabari,Majuli,Assam,8.07,0.67,0.285,38.1,0.0,29.5,59.8,1,6,2,0.0,0.94,0.00729,20,0
2025-05-14,VIL-001,Kamalabari,Majuli,Assam,7.16,0.58,0.199,133.5,0.0,30.7,80.8,0,3,2,0.0,0.98,0.00148,55,1
2025-05-15,VIL-001,Kamalabari,Majuli,Assam,6.56,13.16,0.472,239.1,66.8,26.2,64.5,0,0,2,66.8,2.74,0.00197,75,2
2025-05-16,VIL-001,Kamalabari,Majuli,Assam,6.3,5.18,0.365,82.5,1.2,27.5,72.5,0,6,5,68.0,3.35,0.00437,60,1
2025-05-17,VIL-001,Kamalabari,Majuli,Assam,6.99,12.5,0.227,114.4,0.0,27.4,62.6,3,0,3,68.0,4.8,0.00197,75,2
2025-05-18,VIL-001,Kamalabari,Majuli,Assam,7.65,2.11,0.529,138.2,18.7,33.1,84.9,3,2,1,19.9,4.94,0.0038,35,1
2025-05-19,VIL-001,Kamalabari,Majuli,Assam,7.02,1.19,0.396,157.6,18.8,27.5,65.0,1,2,3,37.5,5.06,0.0025,35,1
2025-05-20,VIL-001,Kamalabari,Majuli,Assam,8.01,5.83,0.018,42.5,0.0,37.3,81.6,3,1,6,37.5,5.79,0.00041,60,1
2025-05-21,VIL-001,Kamalabari,Majuli,Assam,6.23,1.44,0.516,4.4,0.0,30.7,70.9,2,0,3,18.8,5.92,0.09556,0,0
2025-05-22,VIL-001,Kamalabari,Majuli,Assam,7.09,1.3,0.383,43.4,0.0,23.9,73.6,3,0,0,0.0,4.22,0.00863,0,0
2025-05-23,VIL-001,Kamalabari,Majuli,Assam,6.35,0.96,0.6,94.6,0.0,28.5,76.8,2,0,6,0.0,3.62,0.00628,0,0
2025-05-24,VIL-001,Kamalabari,Majuli,Assam,7.32,0.51,0.372,50.6,10.4,26.4,65.9,2,3,0,10.4,1.91,0.00721,0,0
2025-05-25,VIL-001,Kamalabari,Majuli,Assam,7.63,1.08,0.207,116.8,0.0,20.2,77.5,6,3,2,10.4,1.76,0.00176,35,1
2025-05-26,VIL-001,Kamalabari,Majuli,Assam,6.85,1.6,0.313,37.3,8.1,35.4,93.4,2,1,2,18.5,1.82,0.00817,0,0
2025-05-27,VIL-001,Kamalabari,Majuli,Assam,5.54,4.08,0.495,85.1,31.5,31.8,65.7,2,3,1,39.6,1.57,0.00575,25,0
2025-05-28,VIL-001,Kamalabari,Majuli,Assam,7.22,0.24,0.211,17.4,0.0,31.1,89.1,2,2,0,39.6,1.4,0.01147,0,0
2025-05-29,VIL-001,Kamalabari,Majuli,Assam,7.36,0.86,0.271,116.9,11.1,29.7,93.0,3,3,0,42.6,1.33,0.0023,35,1
2025-05-30,VIL-001,Kamalabari,Majuli,Assam,7.34,6.03,0.31,66.7,0.0,23.5,65.2,3,2,0,11.1,2.06,0.00458,25,0
2025-05-31,VIL-001,Kamalabari,Majuli,Assam,7.84,0.58,0.143,19.3,10.0,27.1,57.5,6,2,3,21.1,2.07,0.00704,20,0
2025-06-01,VIL-001,Kamalabari,Majuli,Assam,6.46,1.53,0.214,29.2,0.0,32.4,78.6,4,6,3,10.0,2.13,0.00709,20,0
2025-06-02,VIL-001,Kamalabari,Majuli,Assam,7.51,7.28,0.381,116.7,47.5,24.8,68.4,3,2,1,57.5,2.94,0.00324,75,2
2025-06-03,VIL-001,Kamalabari,Majuli,Assam,7.82,0.61,0.566,55.7,0.0,18.9,97.4,1,2,3,47.5,2.45,0.00998,0,0
2025-06-04,VIL-001,Kamalabari,Majuli,Assam,6.03,0.31,0.407,20.6,0.0,28.1,75.4,3,2,2,47.5,2.46,0.01884,0,0
2025-06-05,VIL-001,Kamalabari,Majuli,Assam,7.29,2.41,0.342,288.9,13.4,28.4,65.4,5,3,3,13.4,2.68,0.00118,35,1
2025-06-06,VIL-001,Kamalabari,Majuli,Assam,6.8,1.31,0.2,106.1,1.2,29.5,61.2,5,3,2,14.6,2.0,0.00187,35,1
2025-06-07,VIL-001,Kamalabari,Majuli,Assam,7.05,3.02,0.547,266.1,64.7,31.9,88.1,1,6,2,79.3,2.35,0.00205,70,2
2025-06-08,VIL-001,Kamalabari,Majuli,Assam,7.31,5.93,0.428,47.1,8.0,31.6,68.1,3,4,6,73.9,2.98,0.0089,40,1
2025-06-09,VIL-001,Kamalabari,Majuli,Assam,6.81,0.54,0.223,54.5,0.0,30.0,75.5,2,3,2,72.7,2.02,0.00402,15,0
2025-06-10,VIL-001,Kamalabari,Majuli,Assam,6.69,3.16,0.512,192.9,0.0,33.8,86.5,3,1,2,8.0,2.38,0.00264,35,1
2025-06-11,VIL-001,Kamalabari,Majuli,Assam,7.12,2.56,0.451,62.9,20.7,22.9,69.2,3,3,2,20.7,2.7,0.00706,0,0
2025-06-12,VIL-001,Kamalabari,Majuli,Assam,6.45,0.57,0.204,103.8,19.5,31.0,74.4,1,5,3,40.2,2.44,0.00195,35,1
2025-06-13,VIL-001,Kamalabari,Majuli,Assam,6.45,3.56,0.332,24.6,22.6,31.5,74.8,3,5,3,62.8,2.76,0.01297,15,0
2025-06-14,VIL-001,Kamalabari,Majuli,Assam,7.51,1.16,0.261,50.0,0.0,24.0,83.2,1,1,6,42.1,2.5,0.00512,0,0
2025-06-15,VIL-001,Kamalabari,Majuli,Assam,6.41,2.44,0.824,11.1,6.8,23.0,82.1,4,3,4,29.4,2.0,0.0681,0,0
2025-06-16,VIL-001,Kamalabari,Majuli,Assam,7.5,0.31,0.446,19.5,0.0,26.0,72.4,4,2,3,6.8,1.97,0.02176,0,0
2025-06-17,VIL-001,Kamalabari,Majuli,Assam,7.38,2.24,0.384,0.1,0.0,26.4,75.8,1,3,1,6.8,1.83,0.34909,0,0
2025-06-18,VIL-001,Kamalabari,Majuli,Assam,6.06,1.33,0.435,3.4,0.7,32.0,70.5,3,3,3,0.7,1.66,0.09886,0,0
2025-06-19,VIL-001,Kamalabari,Majuli,Assam,6.69,6.29,0.598,319.8,0.0,26.5,57.3,3,1,5,0.7,2.48,0.00186,60,1
2025-06-20,VIL-001,Kamalabari,Majuli,Assam,7.82,0.21,0.335,23.5,0.0,25.6,78.1,5,3,5,0.7,2.0,0.01367,0,0
2025-06-21,VIL-001,Kamalabari,Majuli,Assam,6.51,1.97,0.244,92.0,0.0,26.6,97.7,3,1,1,0.0,2.11,0.00262,0,0
2025-06-22,VIL-001,Kamalabari,Majuli,Assam,6.82,2.23,0.502,154.4,10.7,33.5,64.4,0,4,3,10.7,2.08,0.00323,35,1
2025-06-23,VIL-001,Kamalabari,Majuli,Assam,7.38,4.7,0.319,67.6,11.1,29.1,65.7,5,4,2,21.8,2.71,0.00465,25,0
2025-06-24,VIL-001,Kamalabari,Majuli,Assam,7.57,3.11,0.157,14.0,0.0,28.3,64.6,1,1,3,21.8,2.83,0.01047,20,0
2025-06-25,VIL-001,Kamalabari,Majuli,Assam,6.95,4.0,0.122,110.1,0.0,28.6,83.7,1,3,3,11.1,3.22,0.0011,55,1
2025-06-26,VIL-001,Kamalabari,Majuli,Assam,6.74,5.46,0.625,77.5,0.0,34.2,80.4,5,3,1,0.0,3.1,0.00796,25,0
2025-06-27,VIL-001,Kamalabari,Majuli,Assam,7.95,7.21,0.374,111.0,0.0,26.0,73.1,3,5,3,0.0,4.1,0.00334,60,1
2025-06-28,VIL-001,Kamalabari,Majuli,Assam,8.14,1.37,0.244,124.1,0.0,34.3,64.0,4,3,1,0.0,4.01,0.00195,35,1
2025-06-29,VIL-001,Kamalabari,Majuli,Assam,7.69,2.81,0.308,313.1,0.0,29.8,76.1,1,0,4,0.0,4.09,0.00098,50,1
2025-06-30,VIL-001,Kamalabari,Majuli,Assam,7.15,6.67,0.495,72.0,37.7,28.4,56.2,1,5,4,37.7,4.38,0.00678,25,0
2025-07-01,VIL-001,Kamalabari,Majuli,Assam,6.62,16.57,0.297,35.3,0.0,39.0,76.7,0,1,1,37.7,6.3,0.00818,25,0
2025-07-02,VIL-001,Kamalabari,Majuli,Assam,6.6,8.02,0.089,88.3,0.0,24.8,85.5,3,1,3,37.7,6.87,0.001,45,1
2025-07-03,VIL-001,Kamalabari,Majuli,Assam,7.41,1.69,0.409,6.0,0.0,27.6,60.0,5,5,3,0.0,6.33,0.05843,0,0
2025-07-04,VIL-001,Kamalabari,Majuli,Assam,7.35,0.79,0.568,192.4,0.0,24.1,56.6,3,3,5,0.0,5.42,0.00294,35,1
2025-07-05,VIL-001,Kamalabari,Majuli,Assam,7.94,2.45,0.555,10.7,43.6,32.8,94.0,1,4,3,43.6,5.57,0.04744,0,0
2025-07-06,VIL-001,Kamalabari,Majuli,Assam,7.49,4.93,0.249,33.6,0.0,35.8,67.7,4,1,0,43.6,5.87,0.0072,25,0
2025-07-07,VIL-001,Kamalabari,Majuli,Assam,6.2,2.47,0.578,142.9,0.0,35.7,88.6,2,1,5,43.6,5.27,0.00402,35,1
2025-07-08,VIL-001,Kamalabari,Majuli,Assam,7.73,2.4,0.388,76.9,0.9,33.9,73.2,2,0,1,0.9,3.25,0.00498,0,0
2025-07-09,VIL-001,Kamalabari,Majuli,Assam,6.5,6.63,0.573,42.3,0.0,28.2,73.1,0,3,1,0.9,3.05,0.01323,25,0
2025-07-10,VIL-001,Kamalabari,Majuli,Assam,6.87,1.63,0.453,54.2,10.4,27.5,80.3,1,5,5,11.3,3.04,0.00821,0,0
2025-07-11,VIL-001,Kamalabari,Majuli,Assam,7.25,7.15,0.076,162.9,7.5,22.3,64.4,2,3,3,17.9,3.95,0.00046,95,2
2025-07-12,VIL-001,Kamalabari,Majuli,Assam,8.3,1.9,0.664,35.1,14.2,37.1,76.6,3,1,4,32.1,3.87,0.01839,0,0
2025-07-13,VIL-001,Kamalabari,Majuli,Assam,8.97,1.45,0.359,172.2,0.0,30.9,70.4,0,4,1,21.7,3.38,0.00207,35,1
2025-07-14,VIL-001,Kamalabari,Majuli,Assam,7.46,2.2,0.454,7.8,0.0,27.0,59.2,1,2,1,14.2,3.34,0.05159,0,0
2025-07-15,VIL-001,Kamalabari,Majuli,Assam,6.99,5.23,0.108,126.7,0.0,34.3,79.0,0,2,0,0.0,3.74,0.00085,95,2
2025-07-16,VIL-001,Kamalabari,Majuli,Assam,7.42,0.49,0.441,158.9,0.0,25.1,71.8,2,0,3,0.0,2.86,0.00276,35,1
2025-07-17,VIL-001,Kamalabari,Majuli,Assam,7.63,0.8,0.549,17.0,0.0,30.6,73.1,3,1,5,0.0,2.75,0.0305,0,0
2025-07-18,VIL-001,Kamalabari,Majuli,Assam,6.91,11.01,0.698,47.6,3.7,28.3,60.5,4,2,3,3.7,3.3,0.01436,25,0
2025-07-19,VIL-001,Kamalabari,Majuli,Assam,8.18,0.7,0.602,15.3,1.1,31.6,94.1,4,3,1,4.8,3.13,0.03693,0,0
2025-07-20,VIL-001,Kamalabari,Majuli,Assam,7.24,3.05,0.45,103.6,0.0,28.7,85.5,2,0,4,4.8,3.35,0.0043,35,1
2025-07-21,VIL-001,Kamalabari,Majuli,Assam,7.4,3.15,0.072,64.8,33.0,23.2,86.6,4,1,2,34.1,3.49,0.00109,20,0
2025-07-22,VIL-001,Kamalabari,Majuli,Assam,7.5,2.45,0.374,85.2,0.0,29.3,71.3,1,0,2,33.0,3.09,0.00434,0,0
2025-07-23,VIL-001,Kamalabari,Majuli,Assam,7.35,3.77,0.243,18.5,0.0,33.2,54.2,3,2,0,33.0,3.56,0.01246,0,0
2025-07-24,VIL-001,Kamalabari,Majuli,Assam,7.6,0.95,0.392,20.1,0.0,28.9,98.4,2,3,1,0.0,3.58,0.01858,0,0
2025-07-25,VIL-001,Kamalabari,Majuli,Assam,6.73,2.93,0.131,3.6,0.0,32.1,74.3,0,4,2,0.0,2.43,0.02848,20,0
2025-07-26,VIL-001,Kamalabari,Majuli,Assam,6.77,1.69,0.312,32.8,7.1,24.8,66.0,2,4,3,7.1,2.57,0.00923,0,0
2025-07-27,VIL-001,Kamalabari,Majuli,Assam,6.44,3.94,0.257,69.3,7.7,28.9,80.0,2,2,0,14.8,2.7,0.00366,0,0
2025-07-28,VIL-001,Kamalabari,Majuli,Assam,7.36,0.55,0.251,164.9,0.0,26.5,89.0,5,4,1,14.8,2.33,0.00151,35,1
2025-07-29,VIL-001,Kamalabari,Majuli,Assam,7.57,3.08,0.253,92.9,5.8,32.0,74.7,1,1,0,13.5,2.42,0.00269,0,0
2025-07-30,VIL-001,Kamalabari,Majuli,Assam,7.37,0.75,0.326,48.3,0.0,29.1,90.3,3,3,2,5.8,1.98,0.00661,0,0
2025-07-31,VIL-001,Kamalabari,Majuli,Assam,8.1,1.19,0.402,258.6,23.9,31.8,88.0,2,2,3,29.7,2.02,0.00155,35,1
2025-08-01,VIL-001,Kamalabari,Majuli,Assam,7.1,0.9,0.0,107.3,0.0,33.4,62.1,1,0,4,23.9,1.73,0.0,70,2
2025-08-02,VIL-001,Kamalabari,Majuli,Assam,7.5,0.73,0.0,224.9,0.0,31.8,66.9,3,2,4,23.9,1.59,0.0,70,2
2025-08-03,VIL-001,Kamalabari,Majuli,Assam,6.44,6.36,0.289,63.4,0.0,30.1,86.5,5,2,2,0.0,1.94,0.00449,25,0
2025-08-04,VIL-001,Kamalabari,Majuli,Assam,6.87,1.22,0.314,25.3,20.2,25.0,42.4,0,5,4,20.2,2.03,0.01194,0,0
2025-08-05,VIL-001,Kamalabari,Majuli,Assam,7.52,9.53,0.384,4.6,4.1,29.0,73.2,0,1,1,24.3,2.95,0.06857,25,0
2025-08-06,VIL-001,Kamalabari,Majuli,Assam,7.61,12.75,0.219,109.4,0.0,26.9,57.8,4,3,3,24.3,4.67,0.00198,60,1
2025-08-07,VIL-001,Kamalabari,Majuli,Assam,6.92,3.08,0.352,10.9,2.4,27.6,69.3,5,2,2,6.5,4.94,0.02958,0,0
2025-08-08,VIL-001,Kamalabari,Majuli,Assam,7.06,0.56,0.373,30.5,0.0,27.5,71.4,3,1,0,2.4,4.89,0.01184,0,0
2025-08-09,VIL-001,Kamalabari,Majuli,Assam,6.19,1.71,0.218,64.2,0.0,25.1,70.7,5,3,2,2.4,5.03,0.00334,0,0
2025-08-10,VIL-001,Kamalabari,Majuli,Assam,6.89,5.82,0.532,70.2,0.0,21.2,68.4,5,5,2,0.0,4.95,0.00747,25,0
2025-08-11,VIL-001,Kamalabari,Majuli,Assam,7.63,1.67,0.382,77.5,0.0,26.3,61.8,2,0,5,0.0,5.02,0.00487,0,0
2025-08-12,VIL-001,Kamalabari,Majuli,Assam,7.45,0.33,0.448,15.4,17.8,29.8,99.0,3,0,1,17.8,3.7,0.02732,0,0
2025-08-13,VIL-001,Kamalabari,Majuli,Assam,7.4,2.96,0.362,40.4,0.0,23.6,97.4,2,4,3,17.8,2.3,0.00874,0,0
2025-08-14,VIL-001,Kamalabari,Majuli,Assam,7.13,6.79,0.729,81.1,0.0,29.1,61.1,7,5,2,17.8,2.83,0.00888,25,0
2025-08-15,VIL-001,Kamalabari,Majuli,Assam,7.1,5.78,0.457,295.8,0.0,36.6,94.0,2,3,1,0.0,3.58,0.00154,60,1
2025-08-16,VIL-001,Kamalabari,Majuli,Assam,6.7,0.7,0.262,109.9,0.0,33.1,70.2,1,5,3,0.0,3.44,0.00236,35,1
2025-08-17,VIL-001,Kamalabari,Majuli,Assam,7.52,4.07,0.498,216.2,0.0,35.6,76.6,4,5,5,0.0,3.19,0.00229,60,1
2025-08-18,VIL-001,Kamalabari,Majuli,Assam,7.35,0.91,0.055,121.4,27.4,30.6,74.2,4,2,0,27.4,3.08,0.00045,70,2
2025-08-19,VIL-001,Kamalabari,Majuli,Assam,7.4,0.9,0.372,75.7,21.9,33.7,67.1,4,3,0,49.3,3.16,0.00485,0,0
2025-08-20,VIL-001,Kamalabari,Majuli,Assam,6.78,7.54,0.407,18.0,0.0,26.1,86.8,3,2,4,49.3,3.81,0.02142,25,0
2025-08-21,VIL-001,Kamalabari,Majuli,Assam,5.81,1.05,0.374,92.8,1.0,26.4,76.5,3,7,5,22.9,2.99,0.00399,20,0
2025-08-22,VIL-001,Kamalabari,Majuli,Assam,7.76,1.11,0.29,82.5,0.0,18.0,69.3,1,2,3,1.0,2.33,0.00347,0,0
2025-08-23,VIL-001,Kamalabari,Majuli,Assam,6.81,0.2,0.168,77.9,0.0,33.7,59.3,4,1,5,1.0,2.25,0.00213,20,0
2025-08-24,VIL-001,Kamalabari,Majuli,Assam,6.58,7.45,0.208,56.9,6.1,35.2,64.3,5,4,5,6.1,2.74,0.00359,25,0
2025-08-25,VIL-001,Kamalabari,Majuli,Assam,7.52,5.73,0.368,63.6,18.4,26.8,55.3,3,4,2,24.5,3.43,0.0057,25,0
2025-08-26,VIL-001,Kamalabari,Majuli,Assam,6.86,3.59,0.15,34.4,0.0,28.0,75.1,2,4,3,24.5,3.81,0.00424,20,0
2025-08-27,VIL-001,Kamalabari,Majuli,Assam,7.74,5.05,0.669,61.9,57.0,26.0,60.6,4,3,2,75.4,3.45,0.01064,40,1
2025-08-28,VIL-001,Kamalabari,Majuli,Assam,7.47,0.6,0.0,18.6,0.0,30.5,71.8,1,3,7,57.0,3.39,0.0,50,1
2025-08-29,VIL-001,Kamalabari,Majuli,Assam,7.51,2.23,0.292,138.2,0.0,33.5,91.4,0,1,2,57.0,3.55,0.0021,50,1
2025-08-30,VIL-001,Kamalabari,Majuli,Assam,6.28,1.57,0.37,17.4,0.0,22.0,89.4,6,4,1,0.0,3.75,0.02011,0,0
2025-08-31,VIL-001,Kamalabari,Majuli,Assam,7.83,0.36,0.441,7.5,0.0,30.6,74.6,4,5,4,0.0,2.73,0.05188,0,0
2025-09-01,VIL-001,Kamalabari,Majuli,Assam,7.26,2.42,0.185,48.4,3.5,27.9,74.0,4,3,4,3.5,2.26,0.00374,20,0
2025-09-02,VIL-001,Kamalabari,Majuli,Assam,6.88,9.23,0.554,90.7,0.0,29.5,97.6,2,2,4,3.5,3.07,0.00604,25,0
2025-09-03,VIL-001,Kamalabari,Majuli,Assam,7.19,0.2,0.099,48.7,12.3,30.8,81.2,0,4,3,15.8,2.37,0.00199,20,0
2025-09-04,VIL-001,Kamalabari,Majuli,Assam,6.03,1.25,0.248,27.4,44.3,28.2,71.1,4,1,3,56.6,2.47,0.00873,15,0
2025-09-05,VIL-001,Kamalabari,Majuli,Assam,7.35,0.85,0.462,69.0,0.0,28.6,57.9,3,0,1,56.6,2.27,0.0066,15,0
2025-09-06,VIL-001,Kamalabari,Majuli,Assam,6.48,0.99,0.537,36.0,0.0,28.1,79.7,4,6,4,44.3,2.19,0.01451,20,0
2025-09-07,VIL-001,Kamalabari,Majuli,Assam,6.29,8.7,0.097,228.2,25.6,32.9,85.0,2,4,5,25.6,3.38,0.00042,95,2
2025-09-08,VIL-001,Kamalabari,Majuli,Assam,6.19,2.3,0.826,216.3,0.0,30.7,67.4,1,4,3,25.6,3.36,0.0038,35,1
2025-09-09,VIL-001,Kamalabari,Majuli,Assam,7.77,2.29,0.188,59.0,0.0,29.9,78.5,1,2,2,25.6,2.37,0.00313,20,0
2025-09-10,VIL-001,Kamalabari,Majuli,Assam,6.72,5.2,0.114,33.6,2.9,23.9,70.6,3,0,4,2.9,3.08,0.00329,45,1
2025-09-11,VIL-001,Kamalabari,Majuli,Assam,8.02,0.61,0.44,112.9,18.7,27.5,72.8,2,4,1,21.6,2.99,0.00386,35,1
2025-09-12,VIL-001,Kamalabari,Majuli,Assam,6.78,2.43,0.287,3.2,0.0,32.6,45.1,5,3,0,21.6,3.22,0.06833,0,0
2025-09-13,VIL-001,Kamalabari,Majuli,Assam,6.08,2.05,0.261,54.4,0.0,29.2,72.3,1,4,6,18.7,3.37,0.00471,0,0
2025-09-14,VIL-001,Kamalabari,Majuli,Assam,6.43,3.31,0.457,34.6,0.0,31.6,86.6,1,2,4,0.0,2.6,0.01284,0,0
2025-09-15,VIL-001,Kamalabari,Majuli,Assam,7.84,28.11,0.075,214.0,0.0,36.1,67.4,4,1,4,0.0,6.29,0.00035,95,2
2025-09-16,VIL-001,Kamalabari,Majuli,Assam,7.01,5.34,0.044,1.0,25.3,33.2,75.6,2,1,2,25.3,6.72,0.022,45,1
2024-01-01,VIL-002,Garamur,Majuli,Assam,6.09,2.9,0.458,2.9,0.0,35.2,71.8,0,0,0,0.0,2.9,0.11744,0,0
2024-01-02,VIL-002,Garamur,Majuli,Assam,6.8,1.39,0.446,316.1,0.0,24.8,63.1,2,0,0,0.0,2.14,0.00141,35,1
2024-01-03,VIL-002,Garamur,Majuli,Assam,7.27,0.73,0.619,78.1,0.0,23.4,72.3,1,0,0,0.0,1.67,0.00783,0,0
2024-01-04,VIL-002,Garamur,Majuli,Assam,7.69,4.61,0.28,81.7,0.0,30.8,59.3,2,0,0,0.0,2.41,0.00339,25,0
2024-01-05,VIL-002,Garamur,Majuli,Assam,7.49,2.05,0.616,2.8,1.1,28.9,70.9,0,0,0,1.1,2.34,0.16211,0,0
2024-01-06,VIL-002,Garamur,Majuli,Assam,8.49,0.78,0.231,66.5,0.0,33.8,53.3,5,0,0,1.1,2.08,0.00342,0,0
2024-01-07,VIL-002,Garamur,Majuli,Assam,7.03,0.67,0.589,47.4,1.0,27.6,59.2,4,0,0,2.1,1.88,0.01217,0,0
2024-01-08,VIL-002,Garamur,Majuli,Assam,6.58,0.56,0.497,8.0,30.6,33.8,85.2,1,0,0,31.6,1.54,0.05522,0,0
2024-01-09,VIL-002,Garamur,Majuli,Assam,6.97,4.62,0.186,23.3,31.4,29.1,83.9,2,2,0,63.0,2.0,0.00765,60,1
2024-01-10,VIL-002,Garamur,Majuli,Assam,6.91,0.8,0.405,158.0,0.0,31.1,71.5,3,1,0,62.0,2.01,0.00255,50,1
2024-01-11,VIL-002,Garamur,Majuli,Assam,7.06,2.3,0.341,57.1,7.0,35.5,75.8,1,2,0,38.4,1.68,0.00587,0,0
2024-01-12,VIL-002,Garamur,Majuli,Assam,6.51,1.85,0.463,38.1,0.0,28.3,77.4,5,0,0,7.0,1.65,0.01184,0,0
2024-01-13,VIL-002,Garamur,Majuli,Assam,7.57,2.67,0.31,5.4,16.3,33.2,80.5,1,5,0,23.3,1.92,0.04844,0,0
2024-01-14,VIL-002,Garamur,Majuli,Assam,7.32,6.46,0.295,89.5,0.0,26.5,79.2,4,4,0,16.3,2.75,0.00326,25,0
2024-01-15,VIL-002,Garamur,Majuli,Assam,6.34,6.23,0.596,86.8,16.2,29.9,59.0,0,1,0,32.5,3.56,0.00679,25,0
2024-01-16,VIL-002,Garamur,Majuli,Assam,7.68,1.85,0.332,68.1,0.0,23.2,45.7,2,2,2,16.2,3.17,0.0048,0,0
2024-01-17,VIL-002,Garamur,Majuli,Assam,6.61,0.2,0.499,51.0,0.0,27.0,62.8,2,3,1,16.2,3.08,0.0096,0,0
2024-01-18,VIL-002,Garamur,Majuli,Assam,6.39,1.71,0.309,40.7,0.0,24.8,73.1,1,1,2,0.0,3.0,0.00741,0,0
2024-01-19,VIL-002,Garamur,Majuli,Assam,7.15,2.87,0.65,64.3,1.9,33.9,86.5,4,5,0,1.9,3.14,0.00995,0,0
2024-01-20,VIL-002,Garamur,Majuli,Assam,6.05,2.51,0.228,19.0,0.0,36.0,77.8,2,1,5,1.9,3.12,0.0114,0,0
2024-01-21,VIL-002,Garamur,Majuli,Assam,7.45,3.25,0.239,202.7,0.0,27.6,81.4,4,4,4,1.9,2.66,0.00117,35,1
2024-01-22,VIL-002,Garamur,Majuli,Assam,5.4,0.52,0.624,63.5,0.0,25.9,64.2,2,0,1,0.0,1.84,0.00967,0,0
2024-01-23,VIL-002,Garamur,Majuli,Assam,6.48,3.2,0.27,26.7,12.9,23.7,74.2,4,2,2,12.9,2.04,0.00975,0,0
2024-01-24,VIL-002,Garamur,Majuli,Assam,8.05,0.62,0.638,42.7,0.0,30.1,75.8,3,2,3,12.9,2.1,0.0146,0,0
2024-01-25,VIL-002,Garamur,Majuli,Assam,6.69,4.28,0.511,117.1,14.4,26.6,65.9,1,1,1,27.3,2.46,0.00433,60,1
2024-01-26,VIL-002,Garamur,Majuli,Assam,6.79,1.28,0.322,12.6,0.0,26.8,62.2,1,4,5,14.4,2.24,0.02368,0,0
2024-01-27,VIL-002,Garamur,Majuli,Assam,7.86,3.81,0.024,24.8,0.0,35.5,72.3,2,2,1,14.4,2.42,0.00093,35,1
2024-01-28,VIL-002,Garamur,Majuli,Assam,6.62,0.2,0.347,81.4,48.7,27.8,82.9,2,4,4,48.7,1.99,0.00421,0,0
2024-01-29,VIL-002,Garamur,Majuli,Assam,7.56,1.61,0.368,27.1,0.0,31.3,64.1,4,2,0,48.7,2.14,0.0131,0,0
2024-01-30,VIL-002,Garamur,Majuli,Assam,7.8,3.76,0.56,112.4,0.0,29.2,72.5,1,4,2,48.7,2.22,0.00494,35,1
2024-01-31,VIL-002,Garamur,Majuli,Assam,7.39,0.79,0.636,10.0,0.0,23.6,91.3,3,3,2,0.0,2.25,0.05782,0,0
2024-02-01,VIL-002,Garamur,Majuli,Assam,6.23,4.89,0.227,102.8,8.5,21.6,68.8,4,1,1,8.5,2.33,0.00219,60,1
2024-02-02,VIL-002,Garamur,Majuli,Assam,6.74,3.07,0.494,5.1,0.0,31.0,75.1,5,1,4,8.5,2.59,0.08098,0,0
2024-02-03,VIL-002,Garamur,Majuli,Assam,8.73,2.73,0.488,0.9,0.0,35.8,73.7,2,2,2,8.5,2.44,0.25684,0,0
2024-02-04,VIL-002,Garamur,Majuli,Assam,6.81,1.34,0.543,163.4,3.4,30.3,72.7,3,2,4,3.4,2.6,0.0033,35,1
2024-02-05,VIL-002,Garamur,Majuli,Assam,8.89,2.03,0.44,62.3,8.4,31.5,95.0,1,4,2,11.8,2.66,0.00695,0,0
2024-02-06,VIL-002,Garamur,Majuli,Assam,8.13,2.8,0.0,31.0,0.0,25.4,78.7,1,1,4,11.8,2.52,0.0,35,1
2024-02-07,VIL-002,Garamur,Majuli,Assam,7.41,1.97,0.322,18.9,6.4,33.1,56.2,2,3,3,14.8,2.69,0.01618,0,0
2024-02-08,VIL-002,Garamur,Majuli,Assam,7.28,3.69,0.142,68.6,0.0,33.0,93.3,3,4,1,6.4,2.52,0.00204,20,0
2024-02-09,VIL-002,Garamur,Majuli,Assam,6.82,1.75,0.314,50.9,45.2,26.2,78.3,2,5,1,51.6,2.33,0.00605,15,0
2024-02-10,VIL-002,Garamur,Majuli,Assam,7.05,0.7,0.526,341.7,9.2,31.2,70.5,1,2,2,54.4,2.04,0.00153,50,1
2024-02-11,VIL-002,Garamur,Majuli,Assam,6.69,0.74,0.405,292.2,0.0,21.9,91.2,2,3,2,54.4,1.95,0.00138,50,1
2024-02-12,VIL-002,Garamur,Majuli,Assam,7.06,0.2,0.557,72.1,0.0,31.9,65.7,3,1,4,9.2,1.69,0.00762,0,0
2024-02-13,VIL-002,Garamur,Majuli,Assam,6.28,1.1,0.412,41.8,0.0,26.7,95.6,2,1,1,0.0,1.45,0.00963,0,0
2024-02-14,VIL-002,Garamur,Majuli,Assam,6.25,4.26,0.116,48.3,0.0,24.1,76.1,3,2,3,0.0,1.78,0.00235,45,1
2024-02-15,VIL-002,Garamur,Majuli,Assam,7.88,4.87,0.0,82.0,0.0,30.6,87.1,3,3,4,0.0,1.95,0.0,60,1
2024-02-16,VIL-002,Garamur,Majuli,Assam,6.13,0.7,0.377,7.7,2.9,21.9,99.0,2,2,5,2.9,1.8,0.04333,0,0
2024-02-17,VIL-002,Garamur,Majuli,Assam,7.63,9.84,0.311,28.5,0.0,30.4,77.2,2,1,2,2.9,3.1,0.01054,25,0
2024-02-18,VIL-002,Garamur,Majuli,Assam,5.96,2.15,0.174,5.6,5.9,24.5,73.8,3,2,3,8.8,3.3,0.02636,20,0
2024-02-19,VIL-002,Garamur,Majuli,Assam,7.48,7.67,0.044,5.4,0.0,23.6,62.2,3,3,1,5.9,4.37,0.00687,45,1
2024-02-20,VIL-002,Garamur,Majuli,Assam,6.98,3.78,0.218,15.6,38.8,29.2,73.6,1,2,1,44.7,4.75,0.01313,0,0
2024-02-21,VIL-002,Garamur,Majuli,Assam,7.89,3.95,0.315,47.5,1.6,28.3,62.6,1,3,2,40.4,4.71,0.00649,0,0
2024-02-22,VIL-002,Garamur,Majuli,Assam,6.9,0.27,0.47,109.8,0.0,34.8,72.8,4,3,3,40.4,4.05,0.00424,35,1
2024-02-23,VIL-002,Garamur,Majuli,Assam,5.89,0.77,0.384,47.5,4.6,23.9,99.0,5,2,2,6.2,4.06,0.00792,0,0
2024-02-24,VIL-002,Garamur,Majuli,Assam,6.99,0.2,0.639,29.2,9.5,34.5,76.4,1,2,1,14.1,2.68,0.02116,0,0
2024-02-25,VIL-002,Garamur,Majuli,Assam,7.2,3.88,0.164,6.1,0.0,24.4,68.4,1,3,2,14.1,2.93,0.0231,20,0
2024-02-26,VIL-002,Garamur,Majuli,Assam,7.02,1.3,0.509,57.1,0.0,32.7,72.5,4,3,3,9.5,2.02,0.00876,0,0
2024-02-27,VIL-002,Garamur,Majuli,Assam,7.45,4.76,0.359,22.6,0.0,33.4,70.1,2,1,2,0.0,2.16,0.01521,25,0
2024-02-28,VIL-002,Garamur,Majuli,Assam,6.76,1.27,0.475,68.2,0.0,30.3,87.6,4,1,3,0.0,1.78,0.00686,0,0
2024-02-29,VIL-002,Garamur,Majuli,Assam,6.34,5.27,0.271,270.3,29.0,25.8,73.9,3,4,3,29.0,2.49,0.001,60,1
2024-03-01,VIL-002,Garamur,Majuli,Assam,6.5,0.43,0.543,8.4,0.0,22.9,94.3,2,5,2,29.0,2.44,0.05777,0,0
2024-03-02,VIL-002,Garamur,Majuli,Assam,6.79,0.59,0.403,17.0,11.4,21.2,71.2,2,1,2,40.4,2.5,0.02239,0,0
2024-03-03,VIL-002,Garamur,Majuli,Assam,6.79,1.28,0.228,45.8,0.0,36.4,72.0,1,1,3,11.4,2.13,0.00487,0,0
2024-03-04,VIL-002,Garamur,Majuli,Assam,8.54,1.62,0.348,247.5,0.0,27.8,64.2,1,4,3,11.4,2.17,0.0014,35,1
2024-03-05,VIL-002,Garamur,Majuli,Assam,7.85,1.32,0.307,105.6,0.0,24.6,70.4,2,2,1,0.0,1.68,0.00288,35,1
2024-03-06,VIL-002,Garamur,Majuli,Assam,7.51,4.44,0.438,163.4,0.0,24.4,54.2,2,4,1,0.0,2.14,0.00266,60,1
2024-03-07,VIL-002,Garamur,Majuli,Assam,7.37,0.31,0.138,29.0,9.2,29.7,49.4,3,3,4,9.2,1.43,0.0046,20,0
2024-03-08,VIL-002,Garamur,Majuli,Assam,7.28,1.33,0.345,345.6,0.0,27.4,82.5,3,2,5,9.2,1.56,0.001,35,1
2024-03-09,VIL-002,Garamur,Majuli,Assam,7.28,5.59,0.421,7.8,0.0,21.3,54.1,1,2,1,9.2,2.27,0.04784,25,0
2024-03-10,VIL-002,Garamur,Majuli,Assam,7.2,0.21,0.356,3.9,7.5,32.5,79.9,3,1,1,7.5,2.12,0.07265,0,0
2024-03-11,VIL-002,Garamur,Majuli,Assam,7.12,8.79,0.592,138.4,3.5,30.3,69.0,2,1,4,11.0,3.14,0.00425,60,1
2024-03-12,VIL-002,Garamur,Majuli,Assam,5.84,13.22,0.489,187.4,0.0,36.4,86.3,3,2,2,11.0,4.84,0.0026,60,1
2024-03-13,VIL-002,Garamur,Majuli,Assam,6.88,0.29,0.349,6.8,0.0,33.6,54.3,3,2,4,3.5,4.25,0.04474,0,0
2024-03-14,VIL-002,Garamur,Majuli,Assam,6.96,1.06,0.389,8.6,22.5,16.6,82.2,4,3,3,22.5,4.36,0.04052,0,0
2024-03-15,VIL-002,Garamur,Majuli,Assam,6.65,1.43,0.403,2.4,0.0,34.7,79.0,2,3,2,22.5,4.37,0.11853,0,0
2024-03-16,VIL-002,Garamur,Majuli,Assam,6.77,4.61,0.423,7.9,8.4,33.8,79.4,1,1,2,30.9,4.23,0.04753,25,0
2024-03-17,VIL-002,Garamur,Majuli,Assam,7.28,2.79,0.021,16.8,1.4,26.1,88.5,2,3,1,9.8,4.6,0.00118,20,0
2024-03-18,VIL-002,Garamur,Majuli,Assam,7.56,3.18,0.296,250.9,0.0,27.3,75.8,3,2,1,9.8,3.8,0.00118,35,1
2024-03-19,VIL-002,Garamur,Majuli,Assam,7.28,4.36,0.083,78.8,10.3,30.6,45.6,2,3,2,11.7,2.53,0.00104,45,1
2024-03-20,VIL-002,Garamur,Majuli,Assam,7.55,0.39,0.58,107.8,0.0,24.9,80.4,1,3,2,10.3,2.55,0.00533,35,1
2024-03-21,VIL-002,Garamur,Majuli,Assam,7.56,5.52,0.339,107.0,19.8,28.0,78.8,0,4,3,30.1,3.18,0.00314,60,1
2024-03-22,VIL-002,Garamur,Majuli,Assam,6.92,3.77,0.315,54.8,14.2,33.0,72.1,0,2,3,34.0,3.52,0.00565,0,0
2024-03-23,VIL-002,Garamur,Majuli,Assam,7.42,2.65,0.511,114.2,4.1,31.1,64.9,1,1,1,38.1,3.24,0.00444,35,1
2024-03-24,VIL-002,Garamur,Majuli,Assam,6.05,6.79,0.426,64.8,0.0,26.3,70.7,2,2,3,18.3,3.81,0.00647,25,0
2024-03-25,VIL-002,Garamur,Majuli,Assam,6.87,3.71,0.147,27.0,0.0,33.1,92.5,3,3,2,4.1,3.88,0.00525,20,0
2024-03-26,VIL-002,Garamur,Majuli,Assam,6.8,0.69,0.337,58.9,0.0,30.2,64.0,3,2,3,0.0,3.36,0.00563,0,0
2024-03-27,VIL-002,Garamur,Majuli,Assam,8.02,1.73,0.29,54.5,12.1,30.1,54.1,2,1,3,12.1,3.55,0.00523,0,0
2024-03-28,VIL-002,Garamur,Majuli,Assam,7.3,2.1,0.036,124.0,0.0,26.9,57.4,2,0,4,12.1,3.06,0.00029,70,2
2024-03-29,VIL-002,Garamur,Majuli,Assam,6.3,0.2,0.226,286.2,0.0,29.0,74.6,1,0,2,12.1,2.55,0.00079,50,1
2024-03-30,VIL-002,Garamur,Majuli,Assam,7.46,9.53,0.317,37.9,0.0,25.9,95.1,3,1,1,0.0,3.54,0.00815,25,0
2024-03-31,VIL-002,Garamur,Majuli,Assam,7.65,0.42,0.329,103.1,0.0,21.2,99.0,1,2,2,0.0,2.63,0.00316,35,1
2024-04-01,VIL-002,Garamur,Majuli,Assam,7.05,3.68,0.083,7.5,0.0,27.9,82.8,1,3,3,0.0,2.62,0.00976,20,0
2024-04-02,VIL-002,Garamur,Majuli,Assam,7.51,2.17,0.557,107.2,27.6,28.5,63.2,2,3,2,27.6,2.83,0.00515,35,1
2024-04-03,VIL-002,Garamur,Majuli,Assam,5.6,0.2,0.332,33.2,0.0,29.5,64.5,2,2,1,27.6,2.61,0.00971,0,0
2024-04-04,VIL-002,Garamur,Majuli,Assam,5.48,7.97,0.357,2.9,0.0,33.8,85.5,2,2,0,27.6,3.45,0.09154,25,0
2024-04-05,VIL-002,Garamur,Majuli,Assam,6.39,5.88,0.422,32.3,0.0,26.4,91.0,3,1,0,0.0,4.26,0.01267,25,0
2024-04-06,VIL-002,Garamur,Majuli,Assam,7.19,2.29,0.208,67.4,69.1,27.5,67.3,3,3,1,69.1,3.23,0.00304,15,0
2024-04-07,VIL-002,Garamur,Majuli,Assam,8.02,0.8,0.432,9.1,8.5,32.1,92.1,1,1,2,77.6,3.28,0.04277,15,0
2024-04-08,VIL-002,Garamur,Majuli,Assam,6.42,0.4,0.284,184.3,0.0,26.0,72.2,1,1,3,77.6,2.82,0.00153,50,1
2024-04-09,VIL-002,Garamur,Majuli,Assam,6.59,1.39,0.189,5.8,12.3,29.6,83.6,3,2,3,20.8,2.7,0.02779,20,0
2024-04-10,VIL-002,Garamur,Majuli,Assam,7.15,0.91,0.453,190.1,37.3,27.4,88.7,4,2,2,49.6,2.81,0.00237,35,1
2024-04-11,VIL-002,Garamur,Majuli,Assam,6.8,2.18,0.619,87.8,0.0,28.0,57.2,2,2,2,49.6,1.98,0.00697,0,0
2024-04-12,VIL-002,Garamur,Majuli,Assam,6.77,10.45,0.48,28.6,0.0,32.0,80.4,2,3,1,37.3,2.63,0.01622,25,0
2024-04-13,VIL-002,Garamur,Majuli,Assam,6.85,2.64,0.516,35.4,0.0,27.5,92.1,3,3,3,0.0,2.68,0.01418,0,0
2024-04-14,VIL-002,Garamur,Majuli,Assam,7.89,6.8,0.256,96.5,0.0,32.2,68.3,2,1,1,0.0,3.54,0.00263,25,0
2024-04-15,VIL-002,Garamur,Majuli,Assam,7.77,3.24,0.062,65.8,0.7,21.2,62.3,3,1,1,0.7,3.94,0.00093,35,1
2024-04-16,VIL-002,Garamur,Majuli,Assam,7.11,1.99,0.618,79.6,0.0,23.3,80.9,3,3,2,0.7,4.03,0.00767,0,0
2024-04-17,VIL-002,Garamur,Majuli,Assam,8.09,5.94,0.72,35.2,35.9,19.7,76.6,2,4,2,36.6,4.75,0.01989,25,0
2024-04-18,VIL-002,Garamur,Majuli,Assam,7.41,1.96,0.628,47.8,0.0,24.3,71.1,1,2,2,35.9,4.72,0.01287,0,0
2024-04-19,VIL-002,Garamur,Majuli,Assam,7.79,6.25,0.29,328.3,0.0,36.4,75.0,3,2,3,35.9,4.12,0.00088,75,2
2024-04-20,VIL-002,Garamur,Majuli,Assam,6.58,1.06,0.142,17.2,30.2,28.9,55.0,1,3,3,30.2,3.89,0.0078,20,0
2024-04-21,VIL-002,Garamur,Majuli,Assam,6.71,0.42,0.158,38.7,27.8,26.1,79.9,0,2,1,58.0,2.98,0.00398,35,1
2024-04-22,VIL-002,Garamur,Majuli,Assam,6.7,5.95,0.047,24.7,0.0,32.1,94.1,4,3,1,58.0,3.37,0.00183,60,1
2024-04-23,VIL-002,Garamur,Majuli,Assam,7.05,2.73,0.331,103.6,14.5,32.7,66.4,1,3,3,42.3,3.47,0.00316,35,1
2024-04-24,VIL-002,Garamur,Majuli,Assam,7.14,6.77,0.639,103.2,61.8,24.1,65.1,3,2,4,76.3,3.59,0.00613,75,2
2024-04-25,VIL-002,Garamur,Majuli,Assam,7.29,8.56,0.325,24.7,0.0,39.0,77.1,3,1,2,76.3,4.53,0.01265,40,1
2024-04-26,VIL-002,Garamur,Majuli,Assam,8.28,0.2,0.404,6.1,0.0,30.1,99.0,0,3,2,61.8,3.67,0.0569,15,0
2024-04-27,VIL-002,Garamur,Majuli,Assam,7.53,2.14,0.598,0.8,34.1,30.6,88.2,3,1,3,34.1,3.82,0.33222,0,0
2024-04-28,VIL-002,Garamur,Majuli,Assam,6.79,1.45,0.277,39.9,0.0,31.0,73.9,3,0,2,34.1,3.97,0.00677,0,0
2024-04-29,VIL-002,Garamur,Majuli,Assam,7.1,3.03,0.716,37.8,0.0,31.0,75.5,1,4,3,34.1,3.55,0.01845,0,0
2024-04-30,VIL-002,Garamur,Majuli,Assam,8.0,4.86,0.709,318.6,17.1,26.5,89.4,4,1,3,17.1,3.86,0.00222,60,1
2024-05-01,VIL-002,Garamur,Majuli,Assam,7.57,1.01,0.326,45.4,0.0,37.5,64.1,0,3,2,17.1,3.04,0.00703,0,0
2024-05-02,VIL-002,Garamur,Majuli,Assam,8.0,2.51,0.246,21.2,12.7,27.9,82.3,1,3,1,29.8,2.17,0.01108,0,0
2024-05-03,VIL-002,Garamur,Majuli,Assam,6.81,3.8,0.476,158.6,0.0,32.8,61.6,2,0,3,12.7,2.69,0.00298,35,1
2024-05-04,VIL-002,Garamur,Majuli,Assam,6.67,0.44,0.287,48.3,0.0,27.1,86.1,2,3,1,12.7,2.44,0.00582,0,0
2024-05-05,VIL-002,Garamur,Majuli,Assam,6.68,5.18,0.142,65.4,0.0,26.4,71.5,2,3,0,0.0,2.98,0.00214,45,1
2024-05-06,VIL-002,Garamur,Majuli,Assam,6.86,2.87,0.581,7.2,0.0,36.6,77.4,4,1,4,0.0,2.95,0.07085,0,0
2024-05-07,VIL-002,Garamur,Majuli,Assam,6.46,9.2,0.569,34.5,10.1,28.6,70.7,2,4,1,10.1,3.57,0.01603,25,0
2024-05-08,VIL-002,Garamur,Majuli,Assam,7.28,1.28,0.378,206.4,8.0,28.9,83.4,0,0,3,18.1,3.61,0.00182,35,1
2024-05-09,VIL-002,Garamur,Majuli,Assam,7.29,0.35,0.123,63.7,0.0,30.1,72.9,1,1,3,18.1,3.3,0.0019,20,0
2024-05-10,VIL-002,Garamur,Majuli,Assam,7.9,2.18,0.129,30.2,0.0,39.4,99.0,6,2,0,8.0,3.07,0.00413,20,0
2024-05-11,VIL-002,Garamur,Majuli,Assam,6.04,0.28,0.369,70.3,18.0,37.7,92.0,4,2,3,18.0,3.05,0.00518,0,0
2024-05-12,VIL-002,Garamur,Majuli,Assam,6.53,10.75,0.26,172.5,0.0,34.1,59.3,3,2,3,18.0,3.84,0.0015,60,1
2024-05-13,VIL-002,Garamur,Majuli,Assam,7.58,0.2,0.289,22.9,10.8,40.4,77.3,4,4,1,28.8,3.46,0.01209,0,0
2024-05-14,VIL-002,Garamur,Majuli,Assam,7.21,4.31,0.534,50.3,30.6,25.2,83.8,3,2,4,41.4,2.76,0.01041,25,0
2024-05-15,VIL-002,Garamur,Majuli,Assam,7.13,2.29,0.482,227.8,0.0,31.6,69.5,2,0,0,41.4,2.91,0.00211,35,1
2024-05-16,VIL-002,Garamur,Majuli,Assam,7.86,1.42,0.598,13.5,7.4,29.3,89.5,1,1,1,38.0,3.06,0.04124,0,0
2024-05-17,VIL-002,Garamur,Majuli,Assam,6.49,0.21,0.172,90.9,0.0,21.9,88.1,1,6,2,7.4,2.78,0.00187,40,1
2024-05-18,VIL-002,Garamur,Majuli,Assam,6.66,3.0,0.288,68.2,22.8,30.9,74.0,2,4,2,30.2,3.17,0.00416,0,0
2024-05-19,VIL-002,Garamur,Majuli,Assam,6.59,2.71,0.487,81.4,14.7,27.0,86.8,1,3,2,37.5,2.02,0.00591,0,0
2024-05-20,VIL-002,Garamur,Majuli,Assam,5.89,1.02,0.431,30.9,0.0,35.1,46.1,4,4,4,37.5,2.14,0.01351,0,0
2024-05-21,VIL-002,Garamur,Majuli,Assam,7.18,7.42,0.626,26.9,0.0,27.4,91.3,1,3,2,14.7,2.58,0.02244,25,0
2024-05-22,VIL-002,Garamur,Majuli,Assam,6.79,1.12,0.426,82.4,0.0,27.2,85.6,3,2,0,0.0,2.41,0.00511,0,0
2024-05-23,VIL-002,Garamur,Majuli,Assam,6.66,1.84,0.683,17.4,0.0,35.1,61.9,1,1,1,0.0,2.47,0.03712,0,0
2024-05-24,VIL-002,Garamur,Majuli,Assam,6.55,2.42,0.447,38.9,20.1,28.7,78.0,2,1,6,20.1,2.79,0.0112,0,0
2024-05-25,VIL-002,Garamur,Majuli,Assam,7.09,0.33,0.541,14.9,0.0,33.7,50.7,1,2,4,20.1,2.41,0.03403,0,0
2024-05-26,VIL-002,Garamur,Majuli,Assam,6.62,8.29,0.292,0.6,0.0,30.7,65.8,3,1,3,20.1,3.21,0.1825,25,0
2024-05-27,VIL-002,Garamur,Majuli,Assam,7.23,1.45,0.353,250.9,0.0,30.8,88.1,3,4,4,0.0,3.27,0.0014,35,1
2024-05-28,VIL-002,Garamur,Majuli,Assam,7.38,0.26,0.514,40.4,6.7,28.0,74.8,1,1,3,6.7,2.24,0.01242,0,0
2024-05-29,VIL-002,Garamur,Majuli,Assam,6.92,1.51,0.64,249.2,13.5,31.0,74.2,5,3,2,20.2,2.3,0.00256,35,1
2024-05-30,VIL-002,Garamur,Majuli,Assam,6.88,2.82,0.481,10.8,0.0,28.5,75.5,6,1,1,20.2,2.44,0.04076,0,0
2024-05-31,VIL-002,Garamur,Majuli,Assam,7.21,2.22,0.335,63.3,0.0,25.8,74.1,1,2,1,13.5,2.41,0.00521,0,0
2024-06-01,VIL-002,Garamur,Majuli,Assam,7.08,3.65,0.598,16.0,0.0,28.6,86.8,2,1,2,0.0,2.89,0.03518,0,0
2024-06-02,VIL-002,Garamur,Majuli,Assam,7.9,0.2,0.0,111.6,0.0,34.2,67.6,3,3,1,0.0,1.73,0.0,70,2
2024-06-03,VIL-002,Garamur,Majuli,Assam,7.29,1.03,0.094,109.5,34.1,31.1,80.0,1,3,4,34.1,1.67,0.00085,70,2
2024-06-04,VIL-002,Garamur,Majuli,Assam,7.76,5.27,0.473,8.5,0.0,32.1,61.3,3,1,1,34.1,2.39,0.04979,25,0
2024-06-05,VIL-002,Garamur,Majuli,Assam,7.47,0.26,0.353,173.8,0.0,29.0,83.9,2,5,3,34.1,2.21,0.00202,35,1
2024-06-06,VIL-002,Garamur,Majuli,Assam,6.31,5.96,0.459,15.5,0.0,21.2,71.1,0,6,1,0.0,2.66,0.02782,45,1
2024-06-07,VIL-002,Garamur,Majuli,Assam,6.77,0.3,0.362,67.9,22.1,24.1,74.5,1,1,2,22.1,2.38,0.00525,0,0
2024-06-08,VIL-002,Garamur,Majuli,Assam,7.07,5.54,0.453,303.4,65.2,27.8,70.7,2,2,1,87.3,2.65,0.00149,75,2
2024-06-09,VIL-002,Garamur,Majuli,Assam,7.62,1.38,0.203,153.0,40.3,24.5,72.2,1,3,3,127.6,2.82,0.00132,50,1
2024-06-10,VIL-002,Garamur,Majuli,Assam,8.26,2.92,0.453,224.3,0.0,26.9,62.9,1,1,3,105.5,3.09,0.00201,50,1
2024-06-11,VIL-002,Garamur,Majuli,Assam,6.81,0.51,0.529,30.0,113.7,26.8,79.0,3,3,1,154.0,2.41,0.01706,15,0
2024-06-12,VIL-002,Garamur,Majuli,Assam,7.13,0.21,0.57,8.0,0.1,26.9,81.7,0,2,5,113.8,2.4,0.06333,15,0
2024-06-13,VIL-002,Garamur,Majuli,Assam,7.58,0.75,0.712,14.9,0.0,34.7,59.0,2,0,6,113.8,1.66,0.04478,15,0
2024-06-14,VIL-002,Garamur,Majuli,Assam,7.07,0.42,0.394,49.6,31.3,28.8,67.8,2,1,1,31.4,1.68,0.00779,0,0
2024-06-15,VIL-002,Garamur,Majuli,Assam,8.09,1.15,0.399,112.7,4.0,32.7,75.4,2,2,2,35.3,1.05,0.00351,35,1
2024-06-16,VIL-002,Garamur,Majuli,Assam,6.29,2.22,0.076,11.6,1.1,29.7,67.8,1,1,3,36.4,1.17,0.00603,20,0
2024-06-17,VIL-002,Garamur,Majuli,Assam,7.51,2.74,0.254,77.1,4.9,34.7,72.3,2,1,1,10.0,1.14,0.00325,0,0
2024-06-18,VIL-002,Garamur,Majuli,Assam,7.5,4.8,0.315,28.0,0.0,33.1,94.4,3,3,3,6.0,1.76,0.01086,25,0
2024-06-19,VIL-002,Garamur,Majuli,Assam,7.79,3.29,0.539,29.8,0.0,26.6,62.8,3,0,2,4.9,2.2,0.0175,0,0
2024-06-20,VIL-002,Garamur,Majuli,Assam,7.14,2.89,0.24,77.5,0.0,36.8,47.3,5,2,0,0.0,2.5,0.00306,0,0
2024-06-21,VIL-002,Garamur,Majuli,Assam,7.63,1.63,0.493,45.0,0.0,27.2,67.8,2,2,1,0.0,2.67,0.01072,0,0
2024-06-22,VIL-002,Garamur,Majuli,Assam,6.95,1.98,0.35,119.5,0.0,29.8,71.1,0,2,2,0.0,2.79,0.0029,35,1
2024-06-23,VIL-002,Garamur,Majuli,Assam,6.62,1.65,0.318,12.1,0.0,30.5,69.1,1,1,1,0.0,2.71,0.02427,0,0
2024-06-24,VIL-002,Garamur,Majuli,Assam,6.53,5.69,0.395,111.6,30.4,31.0,78.2,1,2,1,30.4,3.13,0.00351,60,1
2024-06-25,VIL-002,Garamur,Majuli,Assam,6.24,0.81,0.28,4.7,7.0,32.2,62.7,2,3,3,37.4,2.56,0.04912,0,0
2024-06-26,VIL-002,Garamur,Majuli,Assam,6.84,0.2,0.273,15.4,0.0,26.0,60.9,3,3,0,37.4,2.12,0.01665,0,0
2024-06-27,VIL-002,Garamur,Majuli,Assam,7.29,3.25,0.043,76.3,22.2,31.8,66.9,5,5,2,29.2,2.17,0.00056,35,1
2024-06-28,VIL-002,Garamur,Majuli,Assam,6.98,0.7,0.305,138.0,1.2,31.3,67.2,2,2,2,23.4,2.04,0.00219,35,1
2024-06-29,VIL-002,Garamur,Majuli,Assam,7.22,6.8,0.264,20.8,0.0,29.0,99.0,1,0,2,23.4,2.73,0.01211,25,0
2024-06-30,VIL-002,Garamur,Majuli,Assam,7.84,6.03,0.257,28.3,0.0,28.2,93.6,2,1,1,1.2,3.35,0.00877,25,0
2024-07-01,VIL-002,Garamur,Majuli,Assam,6.79,0.25,0.425,55.1,23.4,25.8,55.0,3,1,2,23.4,2.58,0.00758,0,0
2024-07-02,VIL-002,Garamur,Majuli,Assam,8.5,0.35,0.469,17.0,3.7,30.9,51.8,2,2,3,27.1,2.51,0.02606,0,0
2024-07-03,VIL-002,Garamur,Majuli,Assam,7.55,2.11,0.392,119.2,12.9,26.4,74.0,2,3,3,40.0,2.78,0.00326,35,1
2024-07-04,VIL-002,Garamur,Majuli,Assam,6.98,2.89,0.529,106.2,0.0,30.0,97.9,1,5,5,16.6,2.73,0.00493,35,1
2024-07-05,VIL-002,Garamur,Majuli,Assam,6.97,0.99,0.454,11.2,45.7,28.6,83.0,3,2,2,58.6,2.77,0.03721,15,0
2024-07-06,VIL-002,Garamur,Majuli,Assam,6.5,3.89,0.297,44.6,0.0,23.7,74.6,3,1,0,45.7,2.36,0.00651,0,0
2024-07-07,VIL-002,Garamur,Majuli,Assam,7.08,2.78,0.267,106.6,0.0,25.3,69.5,3,2,1,45.7,1.89,0.00248,35,1
2024-07-08,VIL-002,Garamur,Majuli,Assam,5.8,1.21,0.406,29.4,0.0,30.6,87.9,3,3,1,0.0,2.03,0.01336,0,0
2024-07-09,VIL-002,Garamur,Majuli,Assam,7.85,0.2,0.453,71.7,0.1,26.9,77.1,2,2,2,0.1,2.01,0.00623,0,0
2024-07-10,VIL-002,Garamur,Majuli,Assam,5.41,4.27,0.602,3.7,11.2,26.8,95.8,5,2,3,11.3,2.32,0.12809,25,0
2024-07-11,VIL-002,Garamur,Majuli,Assam,7.13,0.74,0.564,67.1,0.0,25.9,54.7,3,1,5,11.3,2.01,0.00828,0,0
2024-07-12,VIL-002,Garamur,Majuli,Assam,6.41,5.54,0.253,11.8,0.0,26.1,80.1,2,3,2,11.2,2.66,0.01977,25,0
2024-07-13,VIL-002,Garamur,Majuli,Assam,6.68,1.68,0.332,126.9,13.2,35.6,68.2,5,3,1,13.2,2.35,0.0026,35,1
2024-07-14,VIL-002,Garamur,Majuli,Assam,6.76,2.65,0.471,31.4,0.0,24.5,80.0,3,3,2,13.2,2.33,0.01454,0,0
2024-07-15,VIL-002,Garamur,Majuli,Assam,8.26,6.35,0.542,23.6,2.1,34.9,78.0,0,3,3,15.3,3.06,0.02203,25,0
2024-07-16,VIL-002,Garamur,Majuli,Assam,6.44,6.14,0.519,131.4,8.7,27.7,81.1,1,2,2,10.8,3.91,0.00392,60,1
2024-07-17,VIL-002,Garamur,Majuli,Assam,7.65,1.43,0.339,3.7,0.0,26.4,86.7,2,5,2,10.8,3.5,0.07213,0,0
2024-07-18,VIL-002,Garamur,Majuli,Assam,7.8,0.72,0.124,36.1,21.3,30.5,91.7,1,3,1,30.0,3.5,0.00334,20,0
2024-07-19,VIL-002,Garamur,Majuli,Assam,5.7,4.6,0.17,33.0,0.0,29.2,98.4,3,2,3,21.3,3.37,0.005,45,1
2024-07-20,VIL-002,Garamur,Majuli,Assam,6.73,1.75,0.399,24.0,0.0,28.2,75.2,7,5,3,21.3,3.38,0.01596,0,0
2024-07-21,VIL-002,Garamur,Majuli,Assam,7.99,0.66,0.412,173.6,0.0,29.9,68.5,1,3,3,0.0,3.09,0.00236,35,1
2024-07-22,VIL-002,Garamur,Majuli,Assam,6.31,7.23,0.152,99.4,0.0,29.1,60.3,2,0,3,0.0,3.22,0.00151,45,1
2024-07-23,VIL-002,Garamur,Majuli,Assam,7.82,0.68,0.358,4.7,0.0,28.1,80.2,1,1,2,0.0,2.44,0.06281,0,0
2024-07-24,VIL-002,Garamur,Majuli,Assam,7.09,0.2,0.464,89.7,53.1,32.7,85.0,2,2,5,53.1,2.26,0.00512,15,0
2024-07-25,VIL-002,Garamur,Majuli,Assam,7.06,0.2,0.143,53.6,0.0,23.2,58.8,0,1,3,53.1,2.19,0.00262,35,1
2024-07-26,VIL-002,Garamur,Majuli,Assam,7.14,3.0,0.549,165.3,0.0,25.3,88.7,3,3,2,53.1,1.96,0.0033,50,1
2024-07-27,VIL-002,Garamur,Majuli,Assam,7.31,3.34,0.282,26.8,21.0,25.8,73.8,4,7,5,21.0,2.19,0.01014,20,0
2024-07-28,VIL-002,Garamur,Majuli,Assam,6.53,1.15,0.576,61.0,70.9,24.8,59.9,2,1,3,91.9,2.26,0.00929,15,0
2024-07-29,VIL-002,Garamur,Majuli,Assam,6.94,1.19,0.254,49.7,60.7,29.3,64.8,4,2,0,152.6,1.39,0.00501,15,0
2024-07-30,VIL-002,Garamur,Majuli,Assam,7.32,1.28,0.165,48.1,0.0,31.0,63.7,3,1,1,131.6,1.48,0.00336,35,1
2024-07-31,VIL-002,Garamur,Majuli,Assam,7.21,3.51,0.268,43.5,0.0,21.1,63.9,2,2,2,60.7,1.95,0.00602,15,0
2024-08-01,VIL-002,Garamur,Majuli,Assam,7.31,0.2,0.333,16.5,0.0,27.1,81.8,3,0,1,0.0,1.95,0.01903,0,0
2024-08-02,VIL-002,Garamur,Majuli,Assam,6.67,8.15,0.28,100.8,0.0,27.7,85.4,5,3,3,0.0,2.69,0.00275,60,1
2024-08-03,VIL-002,Garamur,Majuli,Assam,7.48,0.78,0.311,42.9,0.0,27.9,95.4,3,4,7,0.0,2.32,0.00708,0,0
2024-08-04,VIL-002,Garamur,Majuli,Assam,7.18,24.72,0.41,227.5,0.0,23.9,66.6,0,2,1,0.0,5.69,0.00179,60,1
2024-08-05,VIL-002,Garamur,Majuli,Assam,6.15,0.58,0.319,21.6,0.0,27.7,79.1,2,4,2,0.0,5.6,0.01412,0,0
2024-08-06,VIL-002,Garamur,Majuli,Assam,6.78,4.55,0.338,82.1,0.0,25.4,67.2,2,3,1,0.0,6.07,0.00407,25,0
2024-08-07,VIL-002,Garamur,Majuli,Assam,6.56,0.78,0.042,202.0,0.0,27.7,75.2,3,2,2,0.0,5.68,0.00021,70,2
2024-08-08,VIL-002,Garamur,Majuli,Assam,6.55,0.26,0.421,77.9,0.0,22.1,57.2,2,3,0,0.0,5.69,0.00534,0,0
2024-08-09,VIL-002,Garamur,Majuli,Assam,6.81,6.4,0.334,146.6,0.0,27.7,61.5,0,5,3,0.0,5.44,0.00226,60,1
2024-08-10,VIL-002,Garamur,Majuli,Assam,7.47,6.03,0.64,125.6,0.0,26.1,84.6,2,3,4,0.0,6.19,0.00506,60,1
2024-08-11,VIL-002,Garamur,Majuli,Assam,6.72,1.59,0.181,31.9,0.0,28.0,57.2,5,0,2,0.0,2.88,0.0055,20,0
2024-08-12,VIL-002,Garamur,Majuli,Assam,7.24,3.73,0.025,65.5,0.0,30.2,82.4,1,2,4,0.0,3.33,0.00038,35,1
2024-08-13,VIL-002,Garamur,Majuli,Assam,7.14,2.51,0.461,12.1,0.0,28.8,66.9,2,2,3,0.0,3.04,0.03519,0,0
2024-08-14,VIL-002,Garamur,Majuli,Assam,6.63,5.9,0.412,54.8,0.0,32.2,51.9,0,3,2,0.0,3.77,0.00738,25,0
2024-08-15,VIL-002,Garamur,Majuli,Assam,6.89,1.17,0.168,18.7,0.0,27.6,44.5,2,2,3,0.0,3.9,0.00853,20,0
2024-08-16,VIL-002,Garamur,Majuli,Assam,7.62,2.28,0.075,97.4,0.0,31.5,92.6,1,0,5,0.0,3.32,0.00076,35,1
2024-08-17,VIL-002,Garamur,Majuli,Assam,7.19,2.05,0.627,53.7,0.7,33.5,52.1,2,2,3,0.7,2.75,0.01146,0,0
2024-08-18,VIL-002,Garamur,Majuli,Assam,7.43,1.35,0.605,37.9,4.0,30.1,74.2,1,5,0,4.7,2.71,0.01555,0,0
2024-08-19,VIL-002,Garamur,Majuli,Assam,7.86,6.84,0.0,22.4,0.0,28.9,79.2,2,1,2,4.7,3.16,0.0,60,1
2024-08-20,VIL-002,Garamur,Majuli,Assam,7.36,0.56,0.268,475.1,0.0,30.7,59.2,1,2,2,4.0,2.88,0.00056,50,1
2024-08-21,VIL-002,Garamur,Majuli,Assam,5.95,0.5,0.65,5.3,0.0,30.2,68.4,3,0,3,0.0,2.11,0.10317,0,0
2024-08-22,VIL-002,Garamur,Majuli,Assam,7.26,2.65,0.264,3.2,8.0,33.0,80.7,1,2,2,8.0,2.32,0.06286,0,0
2024-08-23,VIL-002,Garamur,Majuli,Assam,6.73,3.3,0.262,17.5,9.8,32.2,78.5,2,1,0,17.8,2.46,0.01416,0,0
2024-08-24,VIL-002,Garamur,Majuli,Assam,8.19,0.67,0.299,253.3,1.9,32.2,69.5,1,2,2,19.7,2.27,0.00118,35,1
2024-08-25,VIL-002,Garamur,Majuli,Assam,7.34,1.53,0.148,277.0,0.8,29.2,77.8,0,1,5,12.5,2.29,0.00053,70,2
2024-08-26,VIL-002,Garamur,Majuli,Assam,6.74,9.02,0.043,76.1,0.0,30.4,73.8,1,2,1,2.7,2.6,0.00056,60,1
2024-08-27,VIL-002,Garamur,Majuli,Assam,7.44,0.87,0.539,151.7,13.9,30.3,63.4,2,1,2,14.7,2.65,0.00353,35,1
2024-08-28,VIL-002,Garamur,Majuli,Assam,7.15,3.4,0.018,17.2,0.0,24.2,89.4,0,3,0,13.9,3.06,0.00099,35,1
2024-08-29,VIL-002,Garamur,Majuli,Assam,6.07,4.15,0.395,255.8,0.0,33.3,77.5,2,1,2,13.9,3.28,0.00154,60,1
2024-08-30,VIL-002,Garamur,Majuli,Assam,7.62,1.83,0.51,11.0,0.0,22.3,52.9,2,2,1,0.0,3.07,0.0425,0,0
2024-08-31,VIL-002,Garamur,Majuli,Assam,6.86,8.54,0.089,7.6,0.0,31.8,81.3,0,1,2,0.0,4.19,0.01035,45,1
2024-09-01,VIL-002,Garamur,Majuli,Assam,7.95,4.11,0.184,8.5,0.0,30.1,67.6,1,0,1,0.0,4.56,0.01937,45,1
2024-09-02,VIL-002,Garamur,Majuli,Assam,7.03,1.89,0.568,60.9,55.3,27.9,71.5,2,1,2,55.3,3.54,0.00918,15,0
2024-09-03,VIL-002,Garamur,Majuli,Assam,7.96,2.59,0.446,108.6,0.0,30.6,75.1,0,2,1,55.3,3.79,0.00407,50,1
2024-09-04,VIL-002,Garamur,Majuli,Assam,7.35,3.63,0.239,32.7,0.0,30.7,65.5,4,0,3,55.3,3.82,0.00709,15,0
2024-09-05,VIL-002,Garamur,Majuli,Assam,7.68,2.76,0.566,272.6,18.6,23.8,96.6,4,2,1,18.6,3.62,0.00207,35,1
2024-09-06,VIL-002,Garamur,Majuli,Assam,6.8,6.5,0.567,40.7,3.5,34.7,57.1,2,2,2,22.1,4.29,0.0136,25,0
2024-09-07,VIL-002,Garamur,Majuli,Assam,7.31,1.36,0.398,11.7,14.8,29.3,75.7,1,0,1,36.9,3.26,0.03134,0,0
2024-09-08,VIL-002,Garamur,Majuli,Assam,6.06,1.1,0.188,44.9,71.7,38.3,79.6,4,1,0,90.0,2.83,0.0041,35,1
2024-09-09,VIL-002,Garamur,Majuli,Assam,7.02,0.74,0.276,81.3,0.0,32.2,75.5,6,2,1,86.5,2.67,0.00335,15,0
2024-09-10,VIL-002,Garamur,Majuli,Assam,6.21,0.2,0.402,127.6,0.0,29.2,72.7,2,0,2,71.7,2.33,0.00313,50,1
2024-09-11,VIL-002,Garamur,Majuli,Assam,6.41,0.2,0.316,43.9,9.4,26.2,70.5,3,4,0,9.4,1.84,0.00704,0,0
2024-09-12,VIL-002,Garamur,Majuli,Assam,6.57,6.29,0.519,64.4,0.0,28.6,65.4,1,4,2,9.4,2.34,0.00794,25,0
2024-09-13,VIL-002,Garamur,Majuli,Assam,7.5,3.49,0.075,22.2,0.0,29.6,65.1,2,2,2,9.4,1.91,0.00323,20,0
2024-09-14,VIL-002,Garamur,Majuli,Assam,7.01,3.33,0.081,74.2,0.8,34.9,88.9,3,1,0,0.8,2.19,0.00108,20,0
2024-09-15,VIL-002,Garamur,Majuli,Assam,7.12,2.94,0.383,305.1,0.0,33.9,69.7,0,4,1,0.8,2.46,0.00125,35,1
2024-09-16,VIL-002,Garamur,Majuli,Assam,7.0,5.83,0.262,3.6,0.0,30.8,99.0,0,6,2,0.8,3.18,0.05696,45,1
2024-09-17,VIL-002,Garamur,Majuli,Assam,7.75,2.02,0.237,155.6,0.0,36.1,83.0,3,2,0,0.0,3.44,0.00151,35,1
2024-09-18,VIL-002,Garamur,Majuli,Assam,7.1,6.29,0.032,59.1,0.0,20.9,43.0,0,3,4,0.0,4.31,0.00053,60,1
2024-09-19,VIL-002,Garamur,Majuli,Assam,7.25,1.37,0.354,20.8,0.0,30.9,85.6,2,1,4,0.0,3.61,0.01624,0,0
2024-09-20,VIL-002,Garamur,Majuli,Assam,6.76,8.05,0.341,221.6,28.7,34.0,74.4,0,2,2,28.7,4.26,0.00153,60,1
2024-09-21,VIL-002,Garamur,Majuli,Assam,7.79,3.69,0.468,47.2,0.0,31.2,58.3,1,3,1,28.7,4.31,0.00971,0,0
2024-09-22,VIL-002,Garamur,Majuli,Assam,7.83,0.92,0.362,28.8,0.0,23.7,90.7,2,0,4,28.7,4.02,0.01215,0,0
2024-09-23,VIL-002,Garamur,Majuli,Assam,7.08,2.56,0.326,14.3,65.6,34.6,69.8,3,0,6,65.6,3.56,0.02131,15,0
2024-09-24,VIL-002,Garamur,Majuli,Assam,6.75,2.35,0.562,20.0,0.0,32.0,68.7,1,3,2,65.6,3.6,0.02676,15,0
2024-09-25,VIL-002,Garamur,Majuli,Assam,6.13,0.46,0.114,127.9,0.0,30.4,79.5,1,0,3,65.6,2.77,0.00088,85,2
2024-09-26,VIL-002,Garamur,Majuli,Assam,6.58,2.76,0.447,68.1,16.9,29.4,88.7,3,2,1,16.9,2.97,0.00647,0,0
2024-09-27,VIL-002,Garamur,Majuli,Assam,5.8,1.16,0.049,174.8,0.0,37.0,76.4,2,0,2,16.9,1.99,0.00028,70,2
2024-09-28,VIL-002,Garamur,Majuli,Assam,6.55,0.2,0.199,18.9,44.3,30.8,75.5,1,1,3,61.2,1.49,0.01,35,1
2024-09-29,VIL-002,Garamur,Majuli,Assam,7.31,9.15,0.132,9.2,0.0,28.0,66.6,1,2,0,44.3,2.66,0.01294,45,1
2024-09-30,VIL-002,Garamur,Majuli,Assam,7.07,3.16,0.491,0.4,9.3,25.8,88.5,3,3,0,53.6,2.75,0.35071,15,0
2024-10-01,VIL-002,Garamur,Majuli,Assam,8.49,6.45,0.338,50.7,0.0,32.0,76.5,3,1,3,9.3,3.33,0.00654,25,0
2024-10-02,VIL-002,Garamur,Majuli,Assam,6.88,3.47,0.348,456.3,3.6,32.9,72.3,2,1,0,12.9,3.76,0.00076,50,1
2024-10-03,VIL-002,Garamur,Majuli,Assam,6.83,1.36,0.151,84.9,14.1,29.2,70.8,3,3,2,17.7,3.56,0.00176,20,0
2024-10-04,VIL-002,Garamur,Majuli,Assam,7.74,2.21,0.296,26.4,54.1,26.8,87.3,1,2,0,71.8,3.71,0.0108,15,0
2024-10-05,VIL-002,Garamur,Majuli,Assam,5.94,3.47,0.213,149.8,0.0,34.3,71.9,2,1,1,68.2,4.18,0.00141,50,1
2024-10-06,VIL-002,Garamur,Majuli,Assam,6.21,9.93,0.419,108.8,0.0,25.5,87.4,1,1,2,54.1,4.29,0.00382,75,2
2024-10-07,VIL-002,Garamur,Majuli,Assam,7.5,0.9,0.172,1.1,0.0,36.9,69.3,2,3,3,0.0,3.97,0.0819,20,0
2024-10-08,VIL-002,Garamur,Majuli,Assam,6.98,6.4,0.589,121.4,0.0,26.1,83.7,1,3,1,0.0,3.96,0.00481,60,1
2024-10-09,VIL-002,Garamur,Majuli,Assam,7.0,7.94,0.048,25.6,0.0,23.9,77.5,2,2,1,0.0,4.6,0.0018,45,1
2024-10-10,VIL-002,Garamur,Majuli,Assam,6.54,3.42,0.205,11.6,5.7,24.4,63.6,5,3,3,5.7,4.9,0.01627,0,0
2024-10-11,VIL-002,Garamur,Majuli,Assam,7.24,8.25,0.652,18.3,0.0,24.6,74.0,0,1,2,5.7,5.76,0.03378,25,0
2024-10-12,VIL-002,Garamur,Majuli,Assam,6.62,1.56,0.272,45.2,11.9,28.1,48.7,1,2,1,17.6,5.49,0.00589,0,0
2024-10-13,VIL-002,Garamur,Majuli,Assam,7.14,9.42,0.113,39.6,0.0,27.1,66.1,3,1,1,11.9,5.41,0.00278,45,1
2024-10-14,VIL-002,Garamur,Majuli,Assam,6.4,3.74,0.389,24.4,0.0,33.1,56.1,3,2,3,11.9,5.82,0.01531,0,0
2024-10-15,VIL-002,Garamur,Majuli,Assam,6.99,0.2,0.264,13.5,0.0,32.5,99.0,1,1,3,0.0,4.93,0.01821,0,0
2024-10-16,VIL-002,Garamur,Majuli,Assam,8.31,7.31,0.2,102.7,7.6,28.1,56.2,2,2,2,7.6,4.84,0.00193,60,1
2024-10-17,VIL-002,Garamur,Majuli,Assam,6.85,2.04,0.153,330.1,0.0,41.4,99.0,3,5,3,7.6,4.65,0.00046,70,2
2024-10-18,VIL-002,Garamur,Majuli,Assam,7.02,1.9,0.848,107.5,21.4,28.1,81.2,1,0,1,29.0,3.74,0.00782,35,1
2024-10-19,VIL-002,Garamur,Majuli,Assam,6.98,2.57,0.305,25.1,9.2,28.6,68.8,2,1,2,30.6,3.88,0.01169,0,0
2024-10-20,VIL-002,Garamur,Majuli,Assam,7.2,0.5,0.003,20.1,3.9,23.9,84.7,2,3,1,34.5,2.61,0.00014,35,1
2024-10-21,VIL-002,Garamur,Majuli,Assam,7.38,1.95,0.619,17.6,0.0,28.7,67.3,3,3,2,13.1,2.35,0.03328,0,0
2024-10-22,VIL-002,Garamur,Majuli,Assam,7.25,5.48,0.46,10.5,0.0,30.2,58.1,3,1,1,3.9,3.11,0.04,25,0
2024-10-23,VIL-002,Garamur,Majuli,Assam,7.27,0.2,0.212,57.3,2.0,24.3,75.9,0,2,2,2.0,2.09,0.00364,0,0
2024-10-24,VIL-002,Garamur,Majuli,Assam,6.99,0.98,0.182,66.5,42.7,27.0,83.4,4,3,5,44.7,1.94,0.0027,20,0
2024-10-25,VIL-002,Garamur,Majuli,Assam,7.16,0.2,0.471,87.4,0.0,30.3,90.3,2,1,0,44.7,1.7,0.00533,0,0
2024-10-26,VIL-002,Garamur,Majuli,Assam,6.97,1.66,0.306,81.5,0.0,26.9,81.0,2,2,1,42.7,1.57,0.00371,0,0
2024-10-27,VIL-002,Garamur,Majuli,Assam,6.01,4.01,0.003,24.7,1.0,26.1,68.6,1,2,3,1.0,2.07,0.00012,60,1
2024-10-28,VIL-002,Garamur,Majuli,Assam,8.68,4.94,0.672,28.7,7.2,32.1,91.6,5,3,3,8.2,2.5,0.02263,25,0
2024-10-29,VIL-002,Garamur,Majuli,Assam,7.54,8.94,0.272,81.8,0.0,23.9,89.0,0,3,1,8.2,2.99,0.00329,25,0
2024-10-30,VIL-002,Garamur,Majuli,Assam,6.51,2.89,0.619,30.7,0.0,24.6,78.2,3,0,2,7.2,3.37,0.01953,0,0
2024-10-31,VIL-002,Garamur,Majuli,Assam,7.24,0.91,0.58,17.1,0.0,29.7,89.5,2,4,3,0.0,3.36,0.03204,0,0
2024-11-01,VIL-002,Garamur,Majuli,Assam,6.29,7.94,0.17,33.5,0.0,32.4,99.0,1,2,1,0.0,4.47,0.00493,45,1
2024-11-02,VIL-002,Garamur,Majuli,Assam,6.8,4.6,0.536,22.7,26.8,30.2,68.5,1,2,2,26.8,4.89,0.02262,25,0
2024-11-03,VIL-002,Garamur,Majuli,Assam,6.21,2.63,0.233,6.6,22.4,28.1,64.2,0,1,2,49.2,4.69,0.03066,0,0
2024-11-04,VIL-002,Garamur,Majuli,Assam,7.07,3.66,0.014,126.8,18.1,27.8,68.1,2,5,3,67.3,4.51,0.00011,85,2
2024-11-05,VIL-002,Garamur,Majuli,Assam,6.15,7.95,0.274,137.1,8.8,33.0,58.8,2,0,3,49.3,4.37,0.00198,60,1
2024-11-06,VIL-002,Garamur,Majuli,Assam,7.33,3.84,0.422,17.7,0.0,32.4,82.1,4,3,0,26.9,4.5,0.02257,0,0
2024-11-07,VIL-002,Garamur,Majuli,Assam,7.51,1.42,0.267,4.8,0.0,29.2,55.7,1,2,4,8.8,4.58,0.04603,0,0
2024-11-08,VIL-002,Garamur,Majuli,Assam,6.6,3.84,0.295,96.0,0.0,27.9,90.2,3,1,2,0.0,3.99,0.00304,0,0
2024-11-09,VIL-002,Garamur,Majuli,Assam,7.2,0.2,0.556,17.0,4.5,29.1,66.9,0,1,2,4.5,3.36,0.03089,0,0
2024-11-10,VIL-002,Garamur,Majuli,Assam,6.57,1.5,0.369,35.7,0.0,26.1,91.3,1,0,1,4.5,3.2,0.01005,0,0
2024-11-11,VIL-002,Garamur,Majuli,Assam,7.41,1.61,0.198,4.7,0.0,28.4,44.3,1,2,5,4.5,2.91,0.03474,20,0
2024-11-12,VIL-002,Garamur,Majuli,Assam,6.69,0.56,0.476,18.3,10.3,27.0,70.4,6,2,0,10.3,1.85,0.02466,0,0
2024-11-13,VIL-002,Garamur,Majuli,Assam,7.57,0.2,0.386,112.6,0.0,28.6,59.5,6,4,3,10.3,1.33,0.0034,35,1
2024-11-14,VIL-002,Garamur,Majuli,Assam,6.01,0.44,0.0,116.7,13.3,27.2,91.2,1,1,2,23.6,1.19,0.0,70,2
2024-11-15,VIL-002,Garamur,Majuli,Assam,6.5,3.27,0.427,16.6,7.2,31.1,95.1,3,3,1,20.5,1.11,0.02426,0,0
2024-11-16,VIL-002,Garamur,Majuli,Assam,6.43,4.99,0.421,29.3,0.0,32.3,46.9,2,0,1,20.5,1.8,0.01389,25,0
2024-11-17,VIL-002,Garamur,Majuli,Assam,7.22,13.68,0.354,10.3,0.0,27.5,85.4,2,1,0,7.2,3.54,0.03133,25,0
2024-11-18,VIL-002,Garamur,Majuli,Assam,7.43,1.31,0.511,5.5,4.2,25.8,87.8,2,1,2,4.2,3.49,0.07862,0,0
2024-11-19,VIL-002,Garamur,Majuli,Assam,7.27,2.82,0.229,346.8,19.1,31.8,78.9,2,6,2,23.3,3.82,0.00066,70,2
2024-11-20,VIL-002,Garamur,Majuli,Assam,6.79,8.52,0.411,76.2,0.0,29.7,82.1,1,6,4,23.3,5.0,0.00532,45,1
2024-11-21,VIL-002,Garamur,Majuli,Assam,5.42,0.56,0.068,55.8,0.0,27.5,81.2,3,1,1,19.1,5.02,0.0012,20,0
2024-11-22,VIL-002,Garamur,Majuli,Assam,7.12,3.89,0.423,103.7,0.0,34.5,85.4,2,3,3,0.0,5.11,0.00404,35,1
2024-11-23,VIL-002,Garamur,Majuli,Assam,7.57,4.33,0.702,131.1,2.0,26.7,61.9,4,2,0,2.0,5.02,0.00531,60,1
2024-11-24,VIL-002,Garamur,Majuli,Assam,8.71,0.29,0.171,117.5,0.4,21.0,89.4,4,2,1,2.4,3.1,0.00144,55,1
2024-11-25,VIL-002,Garamur,Majuli,Assam,6.85,6.08,0.213,1.2,3.4,26.2,77.5,2,2,1,5.8,3.78,0.09682,25,0
2024-11-26,VIL-002,Garamur,Majuli,Assam,6.7,5.17,0.222,14.8,15.0,35.5,76.8,2,2,6,18.8,4.12,0.01405,25,0
2024-11-27,VIL-002,Garamur,Majuli,Assam,7.29,0.2,0.373,76.1,21.9,27.7,81.8,4,1,6,40.3,2.93,0.00484,0,0
2024-11-28,VIL-002,Garamur,Majuli,Assam,6.95,0.29,0.159,33.7,4.1,26.9,59.8,2,3,1,41.0,2.89,0.00458,20,0
2024-11-29,VIL-002,Garamur,Majuli,Assam,7.87,0.2,0.426,289.2,0.0,29.1,56.4,4,2,3,26.0,2.37,0.00147,35,1
2024-11-30,VIL-002,Garamur,Majuli,Assam,6.62,1.26,0.502,78.3,3.6,33.0,73.5,0,4,2,7.7,1.93,0.00633,0,0
2024-12-01,VIL-002,Garamur,Majuli,Assam,6.95,2.19,0.446,224.2,0.0,28.7,93.5,1,4,2,3.6,2.2,0.00198,35,1
2024-12-02,VIL-002,Garamur,Majuli,Assam,7.63,2.34,0.032,16.1,9.6,31.4,60.8,1,2,2,13.2,1.66,0.00187,20,0
2024-12-03,VIL-002,Garamur,Majuli,Assam,7.29,0.96,0.529,142.6,0.0,28.2,77.1,2,2,2,9.6,1.06,0.00368,35,1
2024-12-04,VIL-002,Garamur,Majuli,Assam,7.8,7.47,0.519,27.7,95.6,31.4,66.4,4,4,1,105.2,2.1,0.01808,40,1
2024-12-05,VIL-002,Garamur,Majuli,Assam,6.84,1.41,0.499,326.2,0.0,29.7,64.8,2,2,3,95.6,2.26,0.00153,50,1
2024-12-06,VIL-002,Garamur,Majuli,Assam,7.86,0.2,0.417,12.3,0.1,27.4,81.0,5,4,2,95.7,2.26,0.03135,15,0
2024-12-07,VIL-002,Garamur,Majuli,Assam,6.1,1.1,0.39,51.9,0.0,30.0,84.1,1,0,4,0.1,2.24,0.00737,0,0
2024-12-08,VIL-002,Garamur,Majuli,Assam,6.13,2.33,0.536,112.6,0.0,26.8,65.5,2,1,4,0.1,2.26,0.00472,35,1
2024-12-09,VIL-002,Garamur,Majuli,Assam,7.87,1.62,0.696,40.5,0.0,23.5,91.6,2,1,2,0.0,2.16,0.01677,0,0
2024-12-10,VIL-002,Garamur,Majuli,Assam,7.1,0.99,0.178,45.1,6.0,28.9,80.1,5,2,2,6.0,2.16,0.00386,20,0
2024-12-11,VIL-002,Garamur,Majuli,Assam,7.65,0.43,0.544,307.1,0.0,23.8,72.1,1,4,4,6.0,1.15,0.00177,35,1
2024-12-12,VIL-002,Garamur,Majuli,Assam,7.16,5.27,0.334,39.6,0.0,31.4,79.2,3,2,2,6.0,1.71,0.00823,25,0
2024-12-13,VIL-002,Garamur,Majuli,Assam,7.1,17.12,0.327,66.2,2.1,28.9,99.0,1,5,4,2.1,4.12,0.00487,25,0
2024-12-14,VIL-002,Garamur,Majuli,Assam,6.3,1.23,0.073,4.0,0.0,34.7,84.0,0,1,0,2.1,4.14,0.0146,20,0
2024-12-15,VIL-002,Garamur,Majuli,Assam,7.08,1.48,0.299,132.0,0.0,27.7,66.6,1,2,1,2.1,4.02,0.00225,35,1
2024-12-16,VIL-002,Garamur,Majuli,Assam,7.92,2.96,0.17,74.7,0.0,28.9,74.8,0,2,1,0.0,4.21,0.00225,20,0
2024-12-17,VIL-002,Garamur,Majuli,Assam,7.13,3.9,0.267,37.0,0.0,23.1,76.6,1,5,2,0.0,4.63,0.00703,0,0
2024-12-18,VIL-002,Garamur,Majuli,Assam,7.51,1.53,0.152,1.2,0.0,24.6,83.0,3,1,4,0.0,4.78,0.06909,20,0
2024-12-19,VIL-002,Garamur,Majuli,Assam,7.49,7.25,0.269,64.0,0.0,22.3,77.9,2,3,2,0.0,5.07,0.00414,25,0
2024-12-20,VIL-002,Garamur,Majuli,Assam,6.49,2.53,0.277,0.9,0.0,33.3,97.7,1,1,5,0.0,2.98,0.14579,0,0
2024-12-21,VIL-002,Garamur,Majuli,Assam,7.61,1.84,0.367,0.1,0.0,27.2,72.3,3,0,1,0.0,3.07,0.33364,0,0
2024-12-22,VIL-002,Garamur,Majuli,Assam,6.91,3.2,0.059,68.5,0.0,34.3,54.2,3,1,2,0.0,3.32,0.00085,35,1
2024-12-23,VIL-002,Garamur,Majuli,Assam,6.94,9.4,0.09,15.0,0.0,18.3,77.6,0,0,2,0.0,4.24,0.00562,45,1
2024-12-24,VIL-002,Garamur,Majuli,Assam,8.36,4.87,0.415,15.2,0.0,35.2,69.7,3,1,5,0.0,4.37,0.02562,25,0
2024-12-25,VIL-002,Garamur,Majuli,Assam,7.46,0.2,0.206,75.7,3.6,28.7,57.0,2,3,1,3.6,4.18,0.00269,0,0
2024-12-26,VIL-002,Garamur,Majuli,Assam,6.72,1.24,0.543,3.9,2.4,30.4,66.6,1,2,3,6.0,3.33,0.11082,0,0
2024-12-27,VIL-002,Garamur,Majuli,Assam,7.14,1.96,0.391,26.9,44.3,24.7,70.7,4,1,1,50.3,3.24,0.01401,15,0
2024-12-28,VIL-002,Garamur,Majuli,Assam,7.12,1.16,0.459,11.6,2.7,31.1,88.7,1,3,0,49.4,3.15,0.03643,0,0
2024-12-29,VIL-002,Garamur,Majuli,Assam,8.11,3.71,0.604,62.1,13.9,27.5,57.2,4,3,1,60.9,3.22,0.00957,15,0
2024-12-30,VIL-002,Garamur,Majuli,Assam,7.12,5.39,0.294,77.5,0.0,24.2,79.2,1,0,0,16.6,2.65,0.00375,25,0
2024-12-31,VIL-002,Garamur,Majuli,Assam,8.42,4.05,0.247,91.3,14.1,24.2,99.0,5,3,1,28.0,2.53,0.00268,25,0
2025-01-01,VIL-002,Garamur,Majuli,Assam,6.32,13.99,0.507,21.1,0.0,24.1,72.9,2,2,3,14.1,4.5,0.02294,25,0
2025-01-02,VIL-002,Garamur,Majuli,Assam,7.08,0.98,0.442,6.7,0.0,30.5,72.5,2,1,2,14.1,4.46,0.0574,0,0
2025-01-03,VIL-002,Garamur,Majuli,Assam,6.64,6.4,0.316,5.9,0.9,26.5,83.6,2,4,1,0.9,5.1,0.0458,25,0
2025-01-04,VIL-002,Garamur,Majuli,Assam,6.8,4.48,0.6,39.7,9.1,22.4,81.3,4,1,3,10.0,5.57,0.01474,25,0
2025-01-05,VIL-002,Garamur,Majuli,Assam,6.82,1.39,0.312,208.5,0.0,30.5,92.0,2,4,3,10.0,5.24,0.00149,35,1
2025-01-06,VIL-002,Garamur,Majuli,Assam,6.67,4.08,0.356,17.6,0.0,20.3,73.0,2,1,0,9.1,5.05,0.01914,25,0
2025-01-07,VIL-002,Garamur,Majuli,Assam,8.14,0.34,0.354,21.2,0.0,34.3,83.4,2,5,3,0.0,4.52,0.01595,0,0
2025-01-08,VIL-002,Garamur,Majuli,Assam,7.95,4.8,0.182,7.6,0.0,36.9,83.6,2,2,2,0.0,3.21,0.02116,45,1
2025-01-09,VIL-002,Garamur,Majuli,Assam,7.34,2.34,0.364,66.5,0.0,23.8,71.0,4,2,1,0.0,3.4,0.00539,0,0
2025-01-10,VIL-002,Garamur,Majuli,Assam,6.82,1.06,0.601,81.4,0.0,33.2,73.6,0,2,4,0.0,2.64,0.00729,0,0
2025-01-11,VIL-002,Garamur,Majuli,Assam,6.69,3.28,0.43,73.6,0.0,30.4,74.9,4,4,1,0.0,2.47,0.00576,0,0
2025-01-12,VIL-002,Garamur,Majuli,Assam,7.55,3.16,0.356,141.2,0.0,27.0,60.1,1,2,4,0.0,2.72,0.0025,35,1
2025-01-13,VIL-002,Garamur,Majuli,Assam,7.28,0.72,0.321,47.6,0.0,27.2,70.3,1,2,1,0.0,2.24,0.0066,0,0
2025-01-14,VIL-002,Garamur,Majuli,Assam,7.01,0.2,0.41,10.3,25.5,31.6,93.0,4,2,5,25.5,2.22,0.03628,0,0
2025-01-15,VIL-002,Garamur,Majuli,Assam,7.42,1.75,0.485,24.4,0.0,28.8,87.5,2,2,2,25.5,1.79,0.01909,0,0
2025-01-16,VIL-002,Garamur,Majuli,Assam,7.63,2.6,0.46,77.6,0.0,18.6,68.0,6,4,2,25.5,1.82,0.00585,0,0
2025-01-17,VIL-002,Garamur,Majuli,Assam,7.01,6.44,0.29,67.9,0.0,37.3,74.8,4,0,2,0.0,2.59,0.00421,25,0
2025-01-18,VIL-002,Garamur,Majuli,Assam,6.63,8.11,0.408,54.1,1.8,30.7,86.7,3,4,4,1.8,3.28,0.0074,25,0
2025-01-19,VIL-002,Garamur,Majuli,Assam,6.31,2.32,0.436,82.1,0.8,28.8,80.3,2,1,2,2.6,3.16,0.00525,0,0
2025-01-20,VIL-002,Garamur,Majuli,Assam,7.25,4.32,0.169,72.5,2.1,26.1,84.6,3,1,2,4.7,3.68,0.0023,45,1
2025-01-21,VIL-002,Garamur,Majuli,Assam,8.4,1.78,0.38,152.4,3.7,28.2,81.4,3,4,2,6.6,3.9,0.00248,35,1
2025-01-22,VIL-002,Garamur,Majuli,Assam,6.43,4.22,0.0,63.1,12.6,34.1,77.6,4,2,2,18.4,4.26,0.0,60,1
2025-01-23,VIL-002,Garamur,Majuli,Assam,7.76,0.71,0.437,107.8,0.0,30.0,73.0,2,6,4,16.3,3.99,0.00402,55,1
2025-01-24,VIL-002,Garamur,Majuli,Assam,6.69,1.43,0.469,20.4,4.8,30.5,60.7,2,4,0,17.4,3.27,0.02192,0,0
2025-01-25,VIL-002,Garamur,Majuli,Assam,6.82,3.1,0.485,81.1,49.2,24.0,83.3,1,3,4,54.0,2.55,0.00591,15,0
2025-01-26,VIL-002,Garamur,Majuli,Assam,7.65,0.2,0.279,166.2,55.8,27.6,72.3,2,2,1,109.8,2.25,0.00167,50,1
2025-01-27,VIL-002,Garamur,Majuli,Assam,6.95,3.95,0.406,34.8,0.0,29.2,55.2,5,3,1,105.0,2.2,0.01134,15,0
2025-01-28,VIL-002,Garamur,Majuli,Assam,7.25,5.56,0.606,108.0,32.7,31.8,68.5,4,3,4,88.5,2.74,0.00556,75,2
2025-01-29,VIL-002,Garamur,Majuli,Assam,7.24,1.57,0.604,92.3,8.1,27.3,85.2,1,4,2,40.8,2.36,0.00647,0,0
2025-01-30,VIL-002,Garamur,Majuli,Assam,6.7,1.83,0.345,4.4,0.0,32.7,52.0,1,2,6,40.8,2.52,0.06389,0,0
2025-01-31,VIL-002,Garamur,Majuli,Assam,7.64,5.87,0.375,62.3,0.0,24.4,62.6,0,2,4,8.1,3.15,0.00592,25,0
2025-02-01,VIL-002,Garamur,Majuli,Assam,7.06,4.6,0.55,10.0,14.7,29.3,76.6,1,1,3,14.7,3.37,0.05,25,0
2025-02-02,VIL-002,Garamur,Majuli,Assam,6.27,1.05,0.08,244.6,34.1,28.6,91.9,2,2,2,48.8,3.49,0.00033,70,2
2025-02-03,VIL-002,Garamur,Majuli,Assam,6.56,1.21,0.292,119.3,99.3,22.9,87.0,0,5,3,148.1,3.1,0.00243,50,1
2025-02-04,VIL-002,Garamur,Majuli,Assam,5.23,3.5,0.59,8.3,0.0,28.8,93.0,2,4,3,133.4,2.8,0.06344,15,0
2025-02-05,VIL-002,Garamur,Majuli,Assam,7.13,2.55,0.526,9.3,7.6,26.7,77.5,4,1,4,106.9,2.94,0.05107,15,0
2025-02-06,VIL-002,Garamur,Majuli,Assam,7.88,0.55,0.416,64.5,0.0,34.7,72.5,3,1,2,7.6,2.76,0.00635,0,0
2025-02-07,VIL-002,Garamur,Majuli,Assam,6.47,1.14,0.079,30.2,0.1,27.4,85.1,3,0,2,7.7,2.09,0.00253,20,0
2025-02-08,VIL-002,Garamur,Majuli,Assam,7.45,7.09,0.341,2.5,0.0,30.4,64.2,6,1,1,0.1,2.44,0.09743,25,0
2025-02-09,VIL-002,Garamur,Majuli,Assam,7.36,3.59,0.244,55.8,14.6,24.1,63.3,2,2,2,14.7,2.8,0.0043,0,0
2025-02-10,VIL-002,Garamur,Majuli,Assam,6.65,13.14,0.41,35.1,31.4,29.9,61.1,6,0,5,46.0,4.51,0.01136,25,0
2025-02-11,VIL-002,Garamur,Majuli,Assam,8.02,4.49,0.204,7.6,0.0,27.3,88.1,1,2,4,46.0,4.65,0.02372,25,0
2025-02-12,VIL-002,Garamur,Majuli,Assam,6.94,8.77,0.165,115.8,44.7,25.9,65.0,4,4,1,76.1,5.54,0.00141,95,2
2025-02-13,VIL-002,Garamur,Majuli,Assam,8.31,0.75,0.0,176.3,17.8,40.3,87.0,0,3,1,62.5,5.57,0.0,85,2
2025-02-14,VIL-002,Garamur,Majuli,Assam,6.12,4.55,0.57,101.0,0.0,27.6,76.8,2,3,0,62.5,6.05,0.00559,75,2
2025-02-15,VIL-002,Garamur,Majuli,Assam,6.94,0.2,0.278,123.6,0.0,28.2,88.2,5,6,1,17.8,5.07,0.00223,55,1
2025-02-16,VIL-002,Garamur,Majuli,Assam,7.01,3.42,0.378,17.4,34.8,32.6,61.7,1,2,2,34.8,5.05,0.02054,0,0
2025-02-17,VIL-002,Garamur,Majuli,Assam,7.08,1.95,0.35,21.9,0.0,25.9,67.5,4,6,0,34.8,3.45,0.01528,20,0
2025-02-18,VIL-002,Garamur,Majuli,Assam,7.53,1.31,0.158,16.7,0.0,30.6,80.4,0,1,2,34.8,2.99,0.00893,20,0
2025-02-19,VIL-002,Garamur,Majuli,Assam,9.14,6.11,0.123,103.6,0.0,31.0,69.8,3,4,4,0.0,2.61,0.00118,80,2
2025-02-20,VIL-002,Garamur,Majuli,Assam,7.37,5.93,0.169,211.3,0.0,30.0,45.1,4,0,3,0.0,3.35,0.0008,95,2
2025-02-21,VIL-002,Garamur,Majuli,Assam,7.11,0.2,0.22,90.2,0.0,38.2,58.5,1,2,3,0.0,2.73,0.00241,0,0
2025-02-22,VIL-002,Garamur,Majuli,Assam,6.44,2.9,0.416,152.5,11.2,25.8,61.6,1,5,6,11.2,3.12,0.00271,35,1
2025-02-23,VIL-002,Garamur,Majuli,Assam,5.97,1.41,0.207,72.8,0.0,35.2,62.5,2,1,2,11.2,2.83,0.0028,0,0
2025-02-24,VIL-002,Garamur,Majuli,Assam,7.8,1.65,0.664,35.1,19.7,30.9,83.2,2,4,6,30.9,2.79,0.01839,0,0
2025-02-25,VIL-002,Garamur,Majuli,Assam,6.77,5.49,0.535,39.7,32.9,32.6,79.0,2,0,1,52.6,3.38,0.01314,40,1
2025-02-26,VIL-002,Garamur,Majuli,Assam,8.66,1.14,0.496,5.6,0.0,30.4,76.9,3,3,4,52.6,2.67,0.07515,15,0
2025-02-27,VIL-002,Garamur,Majuli,Assam,7.62,8.83,0.328,2.3,10.0,36.5,99.0,1,4,0,42.9,3.09,0.09939,25,0
2025-02-28,VIL-002,Garamur,Majuli,Assam,7.3,0.61,0.623,85.0,0.0,27.7,89.1,1,1,2,10.0,3.15,0.00724,0,0
2025-03-01,VIL-002,Garamur,Majuli,Assam,7.34,3.35,0.311,41.3,0.0,31.0,84.6,1,1,5,10.0,3.21,0.00735,0,0
2025-03-02,VIL-002,Garamur,Majuli,Assam,7.34,3.43,0.344,57.4,0.0,34.2,57.1,2,2,1,0.0,3.5,0.00589,0,0
2025-03-03,VIL-002,Garamur,Majuli,Assam,6.68,0.9,0.381,58.3,10.4,26.8,75.7,2,2,4,10.4,3.39,0.00642,0,0
2025-03-04,VIL-002,Garamur,Majuli,Assam,6.05,1.21,0.476,23.2,4.8,33.0,78.6,2,2,0,15.2,2.78,0.01967,0,0
2025-03-05,VIL-002,Garamur,Majuli,Assam,6.77,5.55,0.465,46.2,0.0,28.9,70.0,0,3,3,15.2,3.41,0.00985,25,0
2025-03-06,VIL-002,Garamur,Majuli,Assam,7.09,4.42,0.264,45.5,0.0,24.1,95.5,3,1,4,4.8,2.78,0.00568,25,0
2025-03-07,VIL-002,Garamur,Majuli,Assam,6.71,1.23,0.254,35.2,2.1,23.2,75.6,5,1,1,2.1,2.87,0.00702,0,0
2025-03-08,VIL-002,Garamur,Majuli,Assam,6.33,2.35,0.465,122.9,5.7,28.6,60.3,3,1,1,7.8,2.73,0.00375,35,1
2025-03-09,VIL-002,Garamur,Majuli,Assam,6.65,0.2,0.479,42.9,0.0,33.0,63.0,5,2,2,7.8,2.27,0.01091,0,0
2025-03-10,VIL-002,Garamur,Majuli,Assam,7.72,0.72,0.279,66.2,10.2,20.7,99.0,3,2,2,15.9,2.24,0.00415,0,0
2025-03-11,VIL-002,Garamur,Majuli,Assam,7.55,2.05,0.064,161.5,0.0,29.8,70.0,1,2,2,10.2,2.36,0.00039,70,2
2025-03-12,VIL-002,Garamur,Majuli,Assam,7.2,0.28,0.313,143.8,0.0,32.6,50.1,2,0,3,10.2,1.61,0.00216,35,1
2025-03-13,VIL-002,Garamur,Majuli,Assam,7.45,5.71,0.462,158.1,0.0,23.9,67.8,1,3,1,0.0,1.79,0.0029,60,1
2025-03-14,VIL-002,Garamur,Majuli,Assam,6.42,3.9,0.675,22.5,48.5,26.5,53.1,2,5,1,48.5,2.17,0.02872,0,0
2025-03-15,VIL-002,Garamur,Majuli,Assam,6.62,8.86,0.134,2.5,4.9,31.3,86.0,1,3,1,53.4,3.1,0.03829,60,1
2025-03-16,VIL-002,Garamur,Majuli,Assam,7.29,3.64,0.273,21.6,21.3,32.4,51.5,4,5,2,74.7,3.59,0.01208,15,0
2025-03-17,VIL-002,Garamur,Majuli,Assam,6.5,8.69,0.28,23.4,0.0,35.4,58.2,3,3,2,26.2,4.73,0.01148,25,0
2025-03-18,VIL-002,Garamur,Majuli,Assam,7.17,2.49,0.594,171.7,0.0,26.7,75.0,3,1,2,21.3,4.8,0.00344,35,1
2025-03-19,VIL-002,Garamur,Majuli,Assam,6.34,2.82,0.344,74.9,0.0,25.7,88.3,5,2,0,0.0,5.16,0.00453,0,0
2025-03-20,VIL-002,Garamur,Majuli,Assam,6.11,11.61,0.187,6.1,0.0,35.6,74.2,3,1,3,0.0,6.0,0.02634,45,1
2025-03-21,VIL-002,Garamur,Majuli,Assam,7.54,3.16,0.451,10.4,2.9,26.0,59.9,4,2,5,2.9,5.9,0.03956,0,0
2025-03-22,VIL-002,Garamur,Majuli,Assam,7.72,0.2,0.277,12.1,0.0,31.0,77.2,0,1,3,2.9,4.66,0.02115,0,0
2025-03-23,VIL-002,Garamur,Majuli,Assam,6.72,3.96,0.13,71.2,0.0,37.7,69.4,5,4,5,2.9,4.7,0.0018,20,0
2025-03-24,VIL-002,Garamur,Majuli,Assam,6.19,7.27,0.189,95.1,0.0,32.0,88.6,2,3,3,0.0,4.5,0.00197,45,1
2025-03-25,VIL-002,Garamur,Majuli,Assam,5.77,4.89,0.662,140.4,7.4,32.1,85.3,0,3,1,7.4,4.84,0.00468,60,1
2025-03-26,VIL-002,Garamur,Majuli,Assam,8.21,2.7,0.419,201.9,0.0,34.1,68.6,2,5,2,7.4,4.83,0.00207,35,1
2025-03-27,VIL-002,Garamur,Majuli,Assam,7.17,3.43,0.369,16.1,0.0,31.1,84.4,4,3,1,7.4,3.66,0.02158,0,0
2025-03-28,VIL-002,Garamur,Majuli,Assam,6.74,14.24,0.305,26.5,0.0,32.2,78.3,1,4,2,0.0,5.24,0.01109,25,0
2025-03-29,VIL-002,Garamur,Majuli,Assam,6.88,0.29,0.403,19.7,23.5,27.6,91.4,4,0,1,23.5,5.25,0.01947,0,0
2025-03-30,VIL-002,Garamur,Majuli,Assam,5.95,3.39,0.4,31.8,0.0,33.6,83.8,2,5,4,23.5,5.17,0.0122,0,0
2025-03-31,VIL-002,Garamur,Majuli,Assam,7.47,1.03,0.403,176.0,7.4,30.7,81.6,1,2,3,30.9,4.28,0.00228,35,1
2025-04-01,VIL-002,Garamur,Majuli,Assam,8.3,3.15,0.371,61.2,0.0,23.1,90.9,2,0,3,7.4,4.03,0.00596,0,0
2025-04-02,VIL-002,Garamur,Majuli,Assam,6.63,2.88,0.506,95.8,0.0,30.0,75.2,2,2,5,7.4,4.06,0.00523,0,0
2025-04-03,VIL-002,Garamur,Majuli,Assam,8.53,0.51,0.354,48.2,0.0,20.3,65.7,2,4,3,0.0,3.64,0.0072,0,0
2025-04-04,VIL-002,Garamur,Majuli,Assam,7.03,0.71,0.174,2.1,0.0,31.9,77.4,4,1,4,0.0,1.71,0.05613,20,0
2025-04-05,VIL-002,Garamur,Majuli,Assam,8.1,2.99,0.24,4.7,0.0,28.1,70.7,4,4,0,0.0,2.09,0.04211,0,0
2025-04-06,VIL-002,Garamur,Majuli,Assam,7.28,0.42,0.0,55.2,0.7,36.6,82.3,1,2,5,0.7,1.67,0.0,35,1
2025-04-07,VIL-002,Garamur,Majuli,Assam,7.28,0.95,0.715,90.7,3.7,31.0,75.7,0,1,2,4.4,1.66,0.0078,0,0
2025-04-08,VIL-002,Garamur,Majuli,Assam,8.21,5.55,0.505,17.3,0.0,32.7,79.8,2,2,0,4.4,2.0,0.0276,25,0
2025-04-09,VIL-002,Garamur,Majuli,Assam,7.57,1.22,0.201,91.5,0.0,24.8,60.6,3,2,2,3.7,1.76,0.00217,0,0
2025-04-10,VIL-002,Garamur,Majuli,Assam,7.32,2.06,0.299,119.0,19.9,31.7,81.1,1,2,4,19.9,1.99,0.00249,35,1
2025-04-11,VIL-002,Garamur,Majuli,Assam,5.94,8.72,0.235,38.0,22.7,26.4,59.6,2,4,1,42.6,3.13,0.00603,25,0
2025-04-12,VIL-002,Garamur,Majuli,Assam,6.2,0.79,0.628,98.1,0.0,33.4,86.5,1,4,4,42.6,2.82,0.00634,0,0
2025-04-13,VIL-002,Garamur,Majuli,Assam,7.38,1.52,0.094,37.0,0.0,24.5,86.6,2,1,2,22.7,2.97,0.00247,20,0
2025-04-14,VIL-002,Garamur,Majuli,Assam,7.98,2.87,0.371,81.1,0.0,29.4,79.2,1,0,1,0.0,3.25,0.00452,0,0
2025-04-15,VIL-002,Garamur,Majuli,Assam,7.18,4.34,0.33,103.2,24.2,24.4,78.7,2,2,2,24.2,3.07,0.00317,60,1
2025-04-16,VIL-002,Garamur,Majuli,Assam,6.75,7.14,0.499,344.6,0.0,29.5,72.3,4,3,2,24.2,3.92,0.00144,60,1
2025-04-17,VIL-002,Garamur,Majuli,Assam,6.0,7.61,0.331,30.3,0.0,37.1,67.8,4,1,2,24.2,4.71,0.01058,25,0
2025-04-18,VIL-002,Garamur,Majuli,Assam,6.63,4.62,0.034,37.9,0.0,31.9,74.8,3,2,4,0.0,4.13,0.00087,60,1
2025-04-19,VIL-002,Garamur,Majuli,Assam,7.18,0.8,0.305,12.9,0.0,28.9,98.8,1,1,4,0.0,4.13,0.02194,0,0
2025-04-20,VIL-002,Garamur,Majuli,Assam,6.59,0.2,0.175,16.3,3.4,19.2,77.8,2,2,1,3.4,3.94,0.01012,20,0
2025-04-21,VIL-002,Garamur,Majuli,Assam,6.52,1.49,0.364,84.5,0.0,26.9,58.9,0,1,0,3.4,3.74,0.00426,0,0
2025-04-22,VIL-002,Garamur,Majuli,Assam,7.07,0.47,0.608,178.0,22.4,30.9,54.5,2,2,2,25.8,3.19,0.0034,35,1
2025-04-23,VIL-002,Garamur,Majuli,Assam,7.97,3.82,0.037,35.9,6.9,27.0,57.7,1,4,3,29.3,2.72,0.001,20,0
2025-04-24,VIL-002,Garamur,Majuli,Assam,7.51,3.33,0.206,14.2,0.0,34.7,70.5,1,4,1,29.3,2.1,0.01355,0,0
2025-04-25,VIL-002,Garamur,Majuli,Assam,7.27,0.2,0.251,24.0,0.0,29.3,90.2,3,3,2,6.9,1.47,0.01004,0,0
2025-04-26,VIL-002,Garamur,Majuli,Assam,7.21,5.58,0.281,43.4,0.0,33.3,62.7,2,1,1,0.0,2.16,0.00633,25,0
2025-04-27,VIL-002,Garamur,Majuli,Assam,7.43,0.88,0.483,24.6,0.0,29.8,92.1,2,2,2,0.0,2.25,0.01887,0,0
2025-04-28,VIL-002,Garamur,Majuli,Assam,7.03,1.74,0.319,19.0,26.6,27.9,77.2,3,0,1,26.6,2.29,0.01595,0,0
2025-04-29,VIL-002,Garamur,Majuli,Assam,6.85,3.4,0.425,95.2,0.0,27.1,80.8,1,2,2,26.6,2.71,0.00442,0,0
2025-04-30,VIL-002,Garamur,Majuli,Assam,7.54,1.73,0.237,0.6,17.5,25.0,80.5,7,1,4,44.1,2.41,0.14812,0,0
2025-05-01,VIL-002,Garamur,Majuli,Assam,6.96,1.79,0.391,55.4,0.0,33.4,82.1,3,1,4,17.5,2.19,0.00693,0,0
2025-05-02,VIL-002,Garamur,Majuli,Assam,6.39,0.21,0.49,112.9,14.7,27.3,70.1,5,3,3,32.2,2.19,0.0043,35,1
2025-05-03,VIL-002,Garamur,Majuli,Assam,7.97,1.58,0.218,22.1,0.0,31.1,47.0,1,2,1,14.7,1.62,0.00944,0,0
2025-05-04,VIL-002,Garamur,Majuli,Assam,5.98,4.46,0.491,66.1,38.0,26.9,67.9,4,2,2,52.7,2.13,0.00732,40,1
2025-05-05,VIL-002,Garamur,Majuli,Assam,8.01,7.6,0.359,79.0,0.0,24.7,64.3,1,3,0,38.0,2.97,0.00449,25,0
2025-05-06,VIL-002,Garamur,Majuli,Assam,7.4,1.64,0.538,76.1,0.0,31.2,78.7,2,1,2,38.0,2.72,0.00698,0,0
2025-05-07,VIL-002,Garamur,Majuli,Assam,6.52,1.7,0.314,42.2,0.0,26.0,77.6,1,7,1,0.0,2.71,0.00727,20,0
2025-05-08,VIL-002,Garamur,Majuli,Assam,7.11,3.74,0.419,30.4,0.0,27.4,71.7,3,3,1,0.0,2.99,0.01334,0,0
2025-05-09,VIL-002,Garamur,Majuli,Assam,6.84,8.81,0.343,129.2,0.0,24.0,96.1,2,5,3,0.0,4.22,0.00263,60,1
2025-05-10,VIL-002,Garamur,Majuli,Assam,7.58,0.96,0.333,101.6,0.0,27.0,67.3,4,1,2,0.0,4.13,0.00325,35,1
2025-05-11,VIL-002,Garamur,Majuli,Assam,7.57,1.79,0.397,27.7,0.0,29.1,48.3,0,4,2,0.0,3.75,0.01383,0,0
2025-05-12,VIL-002,Garamur,Majuli,Assam,7.38,4.9,0.447,7.8,0.0,27.9,76.4,2,1,3,0.0,3.36,0.0508,25,0
2025-05-13,VIL-002,Garamur,Majuli,Assam,7.55,2.9,0.125,5.3,4.5,32.3,89.3,2,2,1,4.5,3.54,0.01984,20,0
2025-05-14,VIL-002,Garamur,Majuli,Assam,7.03,0.36,0.608,7.1,63.9,29.6,78.4,2,1,7,68.4,3.35,0.07506,15,0
2025-05-15,VIL-002,Garamur,Majuli,Assam,8.16,3.04,0.015,62.5,23.4,41.3,70.7,3,3,3,91.8,3.25,0.00024,50,1
2025-05-16,VIL-002,Garamur,Majuli,Assam,7.83,0.64,0.227,3.8,7.7,30.7,77.9,4,2,5,95.0,2.08,0.04729,15,0
2025-05-17,VIL-002,Garamur,Majuli,Assam,6.81,2.2,0.333,29.4,0.0,22.1,97.1,2,4,1,31.1,2.26,0.01095,0,0
2025-05-18,VIL-002,Garamur,Majuli,Assam,7.59,2.32,0.424,100.0,13.1,28.1,64.5,2,0,4,20.8,2.34,0.0042,0,0
2025-05-19,VIL-002,Garamur,Majuli,Assam,7.53,6.43,0.634,24.9,4.3,28.5,75.4,4,2,1,17.4,2.56,0.02448,25,0
2025-05-20,VIL-002,Garamur,Majuli,Assam,6.94,1.91,0.016,103.0,13.8,26.5,83.0,2,2,2,31.2,2.41,0.00015,70,2
2025-05-21,VIL-002,Garamur,Majuli,Assam,6.9,1.01,0.259,97.8,0.0,29.3,78.0,1,2,1,18.1,2.51,0.00262,0,0
2025-05-22,VIL-002,Garamur,Majuli,Assam,7.83,0.81,0.0,20.2,0.0,26.4,72.0,2,3,3,13.8,2.19,0.0,35,1
2025-05-23,VIL-002,Garamur,Majuli,Assam,7.09,6.39,0.356,93.3,18.1,30.3,69.9,1,4,2,18.1,3.01,0.00378,25,0
2025-05-24,VIL-002,Garamur,Majuli,Assam,7.26,0.58,0.399,98.5,0.0,21.4,71.6,1,2,4,18.1,2.78,0.00401,0,0
2025-05-25,VIL-002,Garamur,Majuli,Assam,7.94,1.71,0.636,36.2,47.2,33.6,81.4,2,2,0,65.3,2.69,0.0171,15,0
2025-05-26,VIL-002,Garamur,Majuli,Assam,8.62,0.64,0.372,16.9,0.0,22.7,80.7,5,4,2,47.2,1.86,0.02078,0,0
2025-05-27,VIL-002,Garamur,Majuli,Assam,6.78,4.57,0.538,52.7,0.0,27.9,99.0,4,2,2,47.2,2.24,0.01002,25,0
2025-05-28,VIL-002,Garamur,Majuli,Assam,6.97,1.98,0.455,181.8,6.6,26.1,56.6,3,1,2,6.6,2.38,0.00249,35,1
2025-05-29,VIL-002,Garamur,Majuli,Assam,7.14,1.33,0.272,73.0,0.0,30.2,96.1,4,2,3,6.6,2.46,0.00368,0,0
2025-05-30,VIL-002,Garamur,Majuli,Assam,7.16,1.38,0.096,13.6,0.0,28.3,72.5,0,1,4,6.6,1.74,0.00658,20,0
2025-05-31,VIL-002,Garamur,Majuli,Assam,7.33,5.89,0.4,82.1,0.0,30.0,73.9,0,1,2,0.0,2.5,0.00481,25,0
2025-06-01,VIL-002,Garamur,Majuli,Assam,6.81,2.49,0.081,39.8,0.0,33.4,85.3,0,2,2,0.0,2.61,0.00199,20,0
2025-06-02,VIL-002,Garamur,Majuli,Assam,6.34,3.9,0.583,64.0,2.0,32.1,85.2,2,5,4,2.0,3.08,0.00897,0,0
2025-06-03,VIL-002,Garamur,Majuli,Assam,8.15,7.0,0.321,94.7,4.0,29.1,88.9,1,4,2,6.0,3.42,0.00335,25,0
2025-06-04,VIL-002,Garamur,Majuli,Assam,7.47,7.15,0.565,51.7,11.8,30.8,91.5,1,3,1,17.8,4.16,0.01072,25,0
2025-06-05,VIL-002,Garamur,Majuli,Assam,6.85,1.23,0.264,120.3,39.3,36.8,74.5,1,4,2,55.1,4.15,0.00218,50,1
2025-06-06,VIL-002,Garamur,Majuli,Assam,7.36,9.38,0.398,91.6,15.0,32.2,91.7,2,0,1,66.1,5.29,0.0043,40,1
2025-06-07,VIL-002,Garamur,Majuli,Assam,8.2,0.2,0.388,68.3,0.0,27.8,67.5,1,0,1,54.3,4.48,0.0056,15,0
2025-06-08,VIL-002,Garamur,Majuli,Assam,6.63,1.46,0.342,11.7,7.5,34.1,71.3,3,0,2,22.5,4.33,0.02693,0,0
2025-06-09,VIL-002,Garamur,Majuli,Assam,7.23,6.97,0.272,129.2,0.0,30.6,72.8,2,2,5,7.5,4.77,0.00209,60,1
2025-06-10,VIL-002,Garamur,Majuli,Assam,6.27,0.99,0.421,196.4,0.0,25.1,68.7,2,1,4,7.5,3.91,0.00213,35,1
2025-06-11,VIL-002,Garamur,Majuli,Assam,7.03,0.98,0.183,10.5,0.0,28.3,75.7,1,1,3,0.0,3.03,0.01591,20,0
2025-06-12,VIL-002,Garamur,Majuli,Assam,7.47,1.11,0.132,47.9,0.0,23.1,85.8,0,1,4,0.0,3.01,0.0027,20,0
2025-06-13,VIL-002,Garamur,Majuli,Assam,6.43,2.92,0.574,21.4,0.0,19.9,82.8,2,2,0,0.0,2.09,0.02562,0,0
2025-06-14,VIL-002,Garamur,Majuli,Assam,6.99,1.78,0.481,100.4,0.0,25.2,67.6,4,1,0,0.0,2.32,0.00474,35,1
2025-06-15,VIL-002,Garamur,Majuli,Assam,7.58,4.0,0.362,91.4,0.0,29.5,66.7,4,3,0,0.0,2.68,0.00392,0,0
2025-06-16,VIL-002,Garamur,Majuli,Assam,7.45,6.94,0.65,10.9,0.0,29.5,64.7,5,2,2,0.0,2.67,0.05462,25,0
2025-06-17,VIL-002,Garamur,Majuli,Assam,6.41,3.45,0.302,149.8,0.0,23.4,76.1,1,2,1,0.0,3.03,0.002,35,1
2025-06-18,VIL-002,Garamur,Majuli,Assam,7.32,0.7,0.588,14.3,6.7,19.5,56.0,3,1,1,6.7,2.99,0.03843,0,0
2025-06-19,VIL-002,Garamur,Majuli,Assam,7.44,8.31,0.382,114.1,0.0,34.9,64.3,2,0,1,6.7,4.01,0.00332,60,1
2025-06-20,VIL-002,Garamur,Majuli,Assam,7.16,0.95,0.166,43.7,0.0,29.4,69.5,1,2,2,6.7,3.73,0.00371,20,0
2025-06-21,VIL-002,Garamur,Majuli,Assam,7.75,0.5,0.683,28.5,9.7,35.2,87.7,1,4,1,9.7,3.55,0.02315,0,0
2025-06-22,VIL-002,Garamur,Majuli,Assam,6.75,0.29,0.528,12.3,24.5,35.0,73.4,2,4,3,34.2,3.02,0.0397,0,0
2025-06-23,VIL-002,Garamur,Majuli,Assam,7.35,2.55,0.328,13.1,0.0,31.9,87.1,1,5,2,34.2,2.39,0.02326,0,0
2025-06-24,VIL-002,Garamur,Majuli,Assam,6.4,0.37,0.481,77.5,0.0,29.2,77.3,1,1,2,24.5,1.95,0.00613,0,0
2025-06-25,VIL-002,Garamur,Majuli,Assam,6.14,0.46,0.277,57.2,9.0,27.4,69.3,2,3,1,9.0,1.92,0.00476,0,0
2025-06-26,VIL-002,Garamur,Majuli,Assam,7.57,1.1,0.499,9.3,0.0,31.9,69.8,1,2,0,9.0,0.89,0.04845,0,0
2025-06-27,VIL-002,Garamur,Majuli,Assam,7.11,1.02,0.0,8.5,0.0,28.4,61.0,4,1,2,9.0,0.9,0.0,35,1
2025-06-28,VIL-002,Garamur,Majuli,Assam,6.82,2.85,0.166,5.4,0.0,26.6,99.0,1,1,4,0.0,1.23,0.02594,20,0
2025-06-29,VIL-002,Garamur,Majuli,Assam,6.46,5.23,0.526,97.4,0.0,20.6,88.3,1,2,4,0.0,1.94,0.00535,25,0
2025-06-30,VIL-002,Garamur,Majuli,Assam,7.6,4.41,0.305,89.0,0.0,28.7,82.2,3,1,5,0.0,2.21,0.00339,25,0
2025-07-01,VIL-002,Garamur,Majuli,Assam,6.2,0.94,0.387,4.3,0.0,33.4,59.4,3,1,1,0.0,2.29,0.07302,0,0
2025-07-02,VIL-002,Garamur,Majuli,Assam,7.7,0.87,0.108,58.7,10.3,34.0,69.6,1,2,3,10.3,2.35,0.00181,20,0
2025-07-03,VIL-002,Garamur,Majuli,Assam,7.37,10.4,0.683,6.3,0.0,29.2,63.3,2,1,2,10.3,3.67,0.09356,25,0
2025-07-04,VIL-002,Garamur,Majuli,Assam,6.23,0.2,0.564,167.4,0.0,25.4,76.5,3,4,1,10.3,3.56,0.00335,35,1
2025-07-05,VIL-002,Garamur,Majuli,Assam,7.18,6.52,0.314,169.9,0.0,32.6,63.9,2,1,1,0.0,4.08,0.00184,60,1
2025-07-06,VIL-002,Garamur,Majuli,Assam,8.69,0.69,0.277,85.7,0.0,28.9,67.0,3,1,2,0.0,3.43,0.00319,0,0
2025-07-07,VIL-002,Garamur,Majuli,Assam,7.81,9.06,0.535,186.3,41.7,27.5,64.2,2,3,1,41.7,4.1,0.00286,60,1
2025-07-08,VIL-002,Garamur,Majuli,Assam,6.6,1.29,0.707,119.3,0.0,23.2,72.1,0,3,1,41.7,4.15,0.00588,35,1
2025-07-09,VIL-002,Garamur,Majuli,Assam,7.53,1.79,0.522,126.1,36.4,37.4,75.9,3,1,2,78.1,4.28,0.00411,50,1
2025-07-10,VIL-002,Garamur,Majuli,Assam,6.25,3.78,0.741,60.3,18.6,32.0,72.4,1,2,1,55.0,3.33,0.01209,15,0
2025-07-11,VIL-002,Garamur,Majuli,Assam,6.28,2.73,0.184,26.1,0.4,32.4,93.4,4,3,4,55.4,3.69,0.00679,35,1
2025-07-12,VIL-002,Garamur,Majuli,Assam,7.06,1.18,0.203,17.6,23.2,25.5,84.7,3,2,1,42.2,2.93,0.01091,0,0
2025-07-13,VIL-002,Garamur,Majuli,Assam,7.43,2.49,0.136,28.3,0.0,29.3,65.6,4,3,1,23.6,3.19,0.00464,20,0
2025-07-14,VIL-002,Garamur,Majuli,Assam,7.59,4.04,0.43,70.8,107.0,28.7,78.9,3,2,3,130.2,2.47,0.00599,40,1
2025-07-15,VIL-002,Garamur,Majuli,Assam,7.6,0.2,0.382,13.6,37.1,32.1,66.6,0,0,3,144.1,2.32,0.02616,15,0
2025-07-16,VIL-002,Garamur,Majuli,Assam,7.4,0.2,0.323,21.4,0.0,34.4,70.3,2,3,1,144.1,2.09,0.01442,15,0
2025-07-17,VIL-002,Garamur,Majuli,Assam,6.13,1.89,0.496,45.1,5.4,23.3,80.8,2,1,2,42.5,1.82,0.01076,0,0
2025-07-18,VIL-002,Garamur,Majuli,Assam,7.06,0.44,0.572,19.0,8.6,24.7,83.0,1,4,3,14.0,1.49,0.0286,0,0
2025-07-19,VIL-002,Garamur,Majuli,Assam,7.68,3.36,0.075,63.5,7.9,31.6,68.0,1,3,2,21.9,1.8,0.00116,20,0
2025-07-20,VIL-002,Garamur,Majuli,Assam,7.37,0.74,0.243,183.5,8.4,27.0,61.7,1,4,3,24.9,1.55,0.00132,35,1
2025-07-21,VIL-002,Garamur,Majuli,Assam,7.21,1.75,0.498,98.6,6.9,32.3,76.1,5,3,2,23.2,1.23,0.005,0,0
2025-07-22,VIL-002,Garamur,Majuli,Assam,7.3,0.68,0.266,78.5,17.5,27.5,80.2,3,0,0,32.8,1.29,0.00335,0,0
2025-07-23,VIL-002,Garamur,Majuli,Assam,7.29,2.45,0.206,62.5,0.0,24.0,67.3,1,2,3,24.4,1.62,0.00324,0,0
2025-07-24,VIL-002,Garamur,Majuli,Assam,5.92,0.38,0.533,47.9,33.7,22.0,84.8,5,2,1,51.2,1.4,0.0109,15,0
2025-07-25,VIL-002,Garamur,Majuli,Assam,7.79,0.2,0.118,14.8,30.1,30.9,82.7,0,1,4,63.8,1.37,0.00747,35,1
2025-07-26,VIL-002,Garamur,Majuli,Assam,7.03,0.2,0.296,160.9,0.0,31.0,67.2,2,1,3,63.8,0.91,0.00183,50,1
2025-07-27,VIL-002,Garamur,Majuli,Assam,7.52,9.5,0.409,20.4,0.0,32.9,88.6,0,1,4,30.1,2.17,0.01911,25,0
2025-07-28,VIL-002,Garamur,Majuli,Assam,5.72,0.47,0.247,6.8,0.0,30.3,88.9,3,5,3,0.0,1.98,0.03167,0,0
2025-07-29,VIL-002,Garamur,Majuli,Assam,8.1,3.8,0.491,99.1,0.0,14.0,99.0,2,3,0,0.0,2.43,0.00491,0,0
2025-07-30,VIL-002,Garamur,Majuli,Assam,6.41,0.22,0.248,13.8,17.4,31.0,95.5,2,1,2,17.4,2.11,0.01676,0,0
2025-07-31,VIL-002,Garamur,Majuli,Assam,8.62,0.35,0.604,33.3,0.0,23.2,64.2,2,5,2,17.4,2.11,0.01761,0,0
2025-08-01,VIL-002,Garamur,Majuli,Assam,8.37,2.19,0.327,2.1,15.1,21.5,86.1,1,0,1,32.5,2.39,0.10548,0,0
2025-08-02,VIL-002,Garamur,Majuli,Assam,6.31,1.93,0.471,10.5,41.3,21.0,85.6,3,2,1,56.4,2.64,0.04096,15,0
2025-08-03,VIL-002,Garamur,Majuli,Assam,7.59,9.33,0.484,13.6,0.0,20.7,70.8,4,0,1,56.4,2.61,0.03315,40,1
2025-08-04,VIL-002,Garamur,Majuli,Assam,6.49,8.92,0.237,4.0,0.0,30.1,80.5,3,3,5,41.3,3.82,0.0474,25,0
2025-08-05,VIL-002,Garamur,Majuli,Assam,6.72,4.66,0.0,76.4,0.0,26.1,52.5,2,2,3,0.0,3.94,0.0,60,1
2025-08-06,VIL-002,Garamur,Majuli,Assam,6.73,2.84,0.415,129.7,0.0,22.9,52.1,3,2,1,0.0,4.32,0.00318,35,1
2025-08-07,VIL-002,Garamur,Majuli,Assam,7.37,1.87,0.363,33.4,3.2,29.1,54.4,3,2,5,3.2,4.53,0.01055,0,0
2025-08-08,VIL-002,Garamur,Majuli,Assam,7.29,1.36,0.45,148.4,0.0,24.6,79.7,4,1,0,3.2,4.42,0.00301,35,1
2025-08-09,VIL-002,Garamur,Majuli,Assam,6.38,9.05,0.309,17.2,0.0,32.9,80.2,0,3,2,3.2,5.43,0.01698,25,0
2025-08-10,VIL-002,Garamur,Majuli,Assam,7.36,2.84,0.273,28.1,0.0,34.8,71.7,1,4,0,0.0,4.51,0.00938,0,0
2025-08-11,VIL-002,Garamur,Majuli,Assam,6.98,2.67,0.712,11.7,0.0,28.1,95.7,0,3,3,0.0,3.61,0.05606,0,0
2025-08-12,VIL-002,Garamur,Majuli,Assam,6.01,0.81,0.085,69.3,0.0,34.5,86.8,2,2,2,0.0,3.06,0.00121,20,0
2025-08-13,VIL-002,Garamur,Majuli,Assam,6.84,0.2,0.482,38.9,3.7,34.5,55.8,2,3,2,3.7,2.69,0.01208,0,0
2025-08-14,VIL-002,Garamur,Majuli,Assam,8.1,8.94,0.247,67.9,0.0,29.3,72.9,5,3,2,3.7,3.7,0.00358,25,0
2025-08-15,VIL-002,Garamur,Majuli,Assam,6.86,1.16,0.29,102.5,3.4,35.9,63.7,1,4,1,7.1,3.67,0.0028,35,1
2025-08-16,VIL-002,Garamur,Majuli,Assam,6.0,1.8,0.293,56.4,1.2,26.5,80.0,5,0,3,4.6,2.63,0.0051,0,0
2025-08-17,VIL-002,Garamur,Majuli,Assam,7.59,0.38,0.205,70.6,0.0,21.2,74.6,1,1,4,4.6,2.28,0.00286,0,0
2025-08-18,VIL-002,Garamur,Majuli,Assam,6.54,5.59,0.453,195.7,4.7,22.8,64.4,4,0,3,5.9,2.7,0.0023,60,1
2025-08-19,VIL-002,Garamur,Majuli,Assam,7.23,0.2,0.6,25.4,0.0,26.3,95.3,2,2,2,4.7,2.61,0.02273,0,0
2025-08-20,VIL-002,Garamur,Majuli,Assam,7.0,5.53,0.435,31.8,1.0,31.1,75.7,3,2,3,5.7,3.37,0.01326,25,0
2025-08-21,VIL-002,Garamur,Majuli,Assam,8.16,0.47,0.369,90.4,0.0,24.4,70.0,3,5,3,1.0,2.16,0.00404,0,0
2025-08-22,VIL-002,Garamur,Majuli,Assam,7.0,6.7,0.172,67.6,14.3,26.3,72.0,4,1,4,15.3,2.95,0.00251,45,1
2025-08-23,VIL-002,Garamur,Majuli,Assam,6.41,4.03,0.443,14.1,11.8,24.0,94.4,2,5,0,26.1,3.27,0.02934,25,0
2025-08-24,VIL-002,Garamur,Majuli,Assam,6.82,0.55,0.738,33.7,0.8,26.4,85.9,5,1,1,26.9,3.3,0.02127,0,0
2025-08-25,VIL-002,Garamur,Majuli,Assam,6.36,2.57,0.281,45.1,0.0,34.4,73.1,2,4,0,12.6,2.86,0.0061,0,0
2025-08-26,VIL-002,Garamur,Majuli,Assam,6.97,1.15,0.282,38.9,79.7,30.4,63.1,3,2,2,80.5,3.0,0.00707,15,0
2025-08-27,VIL-002,Garamur,Majuli,Assam,8.16,0.6,0.249,14.0,0.0,26.7,65.0,3,3,2,79.7,2.3,0.0166,15,0
2025-08-28,VIL-002,Garamur,Majuli,Assam,7.85,6.04,0.262,184.7,8.2,33.9,69.2,3,3,5,87.9,3.09,0.00141,75,2
2025-08-29,VIL-002,Garamur,Majuli,Assam,8.32,1.59,0.0,102.7,11.4,29.1,81.1,2,4,1,19.6,2.36,0.0,70,2
2025-08-30,VIL-002,Garamur,Majuli,Assam,7.39,1.57,0.423,46.9,5.6,29.5,84.1,5,2,5,25.2,2.01,0.00883,0,0
2025-08-31,VIL-002,Garamur,Majuli,Assam,7.19,0.57,0.198,81.5,0.0,33.6,66.3,1,5,1,17.0,2.01,0.0024,20,0
2025-09-01,VIL-002,Garamur,Majuli,Assam,6.5,1.49,0.06,162.7,0.0,27.6,84.6,2,2,4,5.6,1.86,0.00037,70,2
2025-09-02,VIL-002,Garamur,Majuli,Assam,7.26,6.32,0.486,10.5,0.0,32.7,64.1,2,3,2,0.0,2.6,0.04226,25,0
2025-09-03,VIL-002,Garamur,Majuli,Assam,7.02,1.39,0.155,20.6,3.7,32.4,67.7,1,3,3,3.7,2.71,0.00718,20,0
2025-09-04,VIL-002,Garamur,Majuli,Assam,7.57,9.33,0.289,55.9,0.0,28.4,57.6,0,3,3,3.7,3.18,0.00508,25,0
2025-09-05,VIL-002,Garamur,Majuli,Assam,6.43,9.01,0.614,114.7,0.0,23.4,57.2,3,2,4,3.7,4.24,0.00531,60,1
2025-09-06,VIL-002,Garamur,Majuli,Assam,7.13,0.48,0.096,2.6,4.4,29.1,64.0,3,5,2,4.4,4.08,0.02667,20,0
2025-09-07,VIL-002,Garamur,Majuli,Assam,6.16,0.6,0.074,295.7,0.0,33.5,74.7,3,1,5,4.4,4.09,0.00025,70,2
2025-09-08,VIL-002,Garamur,Majuli,Assam,7.3,6.12,0.398,43.4,0.0,32.3,63.1,2,2,2,4.4,4.75,0.00896,25,0
2025-09-09,VIL-002,Garamur,Majuli,Assam,7.51,1.54,0.557,31.8,44.9,35.8,93.0,3,2,3,44.9,4.07,0.01698,0,0
2025-09-10,VIL-002,Garamur,Majuli,Assam,6.13,0.2,0.067,24.8,11.1,27.0,63.8,3,1,3,56.0,3.9,0.0026,35,1
2025-09-11,VIL-002,Garamur,Majuli,Assam,6.3,0.99,0.423,13.7,1.5,32.1,77.2,0,0,3,57.5,2.71,0.02878,15,0
2025-09-12,VIL-002,Garamur,Majuli,Assam,6.32,2.8,0.455,112.1,0.0,25.0,90.8,1,3,2,12.6,1.82,0.00402,35,1
2025-09-13,VIL-002,Garamur,Majuli,Assam,6.99,4.95,0.0,222.4,38.0,29.8,76.1,4,3,5,39.5,2.46,0.0,95,2
2025-09-14,VIL-002,Garamur,Majuli,Assam,6.26,0.44,0.494,38.2,25.3,33.4,70.6,1,3,1,63.3,2.43,0.0126,15,0
2025-09-15,VIL-002,Garamur,Majuli,Assam,7.93,0.36,0.508,217.7,48.8,32.6,76.8,2,2,2,112.1,1.61,0.00232,50,1
2025-09-16,VIL-002,Garamur,Majuli,Assam,7.36,7.86,0.294,124.1,4.5,29.4,68.3,3,3,2,78.6,2.51,0.00235,75,2
2024-01-01,VIL-003,Diamond Harbour,South 24 Parganas,West Bengal,7.59,4.5,0.337,85.5,13.2,26.9,92.1,5,0,0,13.2,4.5,0.0039,25,0
2024-01-02,VIL-003,Diamond Harbour,South 24 Parganas,West Bengal,7.01,0.2,0.522,22.4,0.0,29.8,81.9,4,0,0,13.2,2.35,0.02231,0,0
2024-01-03,VIL-003,Diamond Harbour,South 24 Parganas,West Bengal,7.59,1.13,0.314,95.8,0.0,23.0,61.4,0,0,0,13.2,1.94,0.00324,0,0
2024-01-04,VIL-003,Diamond Harbour,South 24 Parganas,West Bengal,7.45,1.71,0.449,132.0,52.1,26.0,67.8,4,0,0,52.1,1.88,0.00338,50,1
2024-01-05,VIL-003,Diamond Harbour,South 24 Parganas,West Bengal,7.44,5.27,0.612,40.3,0.0,32.0,79.5,2,0,0,52.1,2.56,0.01482,40,1
2024-01-06,VIL-003,Diamond Harbour,South 24 Parganas,West Bengal,7.93,2.67,0.483,147.1,7.3,39.3,64.1,2,0,0,59.4,2.58,0.00326,50,1
2024-01-07,VIL-003,Diamond Harbour,South 24 Parganas,West Bengal,6.43,0.2,0.333,39.0,34.7,21.1,66.3,4,0,0,42.0,2.24,0.00833,0,0
2024-01-08,VIL-003,Diamond Harbour,South 24 Parganas,West Bengal,6.82,3.76,0.7,129.2,0.0,28.2,91.1,2,5,0,42.0,2.13,0.00538,35,1
2024-01-09,VIL-003,Diamond Harbour,South 24 Parganas,West Bengal,8.16,2.08,0.342,3.1,0.0,30.6,67.6,1,4,0,34.7,2.4,0.08341,0,0
2024-01-10,VIL-003,Diamond Harbour,South 24 Parganas,West Bengal,6.95,9.99,0.367,72.9,0.0,26.5,86.5,2,0,0,0.0,3.67,0.00497,25,0
2024-01-11,VIL-003,Diamond Harbour,South 24 Parganas,West Bengal,5.41,2.71,0.321,317.7,47.0,32.4,90.1,0,4,0,47.0,3.81,0.00101,35,1
2024-01-12,VIL-003,Diamond Harbour,South 24 Parganas,West Bengal,6.98,4.84,0.129,361.8,0.0,25.5,66.2,2,2,0,47.0,3.75,0.00036,95,2
2024-01-13,VIL-003,Diamond Harbour,South 24 Parganas,West Bengal,7.18,0.97,0.11,30.1,22.7,29.6,64.3,3,2,0,69.7,3.51,0.00354,35,1
2024-01-14,VIL-003,Diamond Harbour,South 24 Parganas,West Bengal,5.53,5.61,0.25,53.0,0.0,26.9,71.7,1,4,0,22.7,4.28,0.00463,25,0
2024-01-15,VIL-003,Diamond Harbour,South 24 Parganas,West Bengal,7.9,5.0,0.168,5.9,0.0,33.9,61.9,4,2,5,22.7,4.46,0.02435,45,1
2024-01-16,VIL-003,Diamond Harbour,South 24 Parganas,West Bengal,6.67,9.19,0.3,188.0,0.0,26.3,76.5,1,1,4,0.0,5.47,0.00159,60,1
2024-01-17,VIL-003,Diamond Harbour,South 24 Parganas,West Bengal,7.3,0.2,0.499,76.5,0.0,27.6,72.5,1,2,0,0.0,4.07,0.00644,0,0
2024-01-18,VIL-003,Diamond Harbour,South 24 Parganas,West Bengal,6.96,2.33,0.276,44.3,0.0,32.8,79.3,3,0,4,0.0,4.02,0.00609,0,0
2024-01-19,VIL-003,Diamond Harbour,South 24 Parganas,West Bengal,6.33,4.46,0.39,10.9,0.0,24.9,91.8,5,2,2,0.0,3.97,0.03277,25,0
2024-01-20,VIL-003,Diamond Harbour,South 24 Parganas,West Bengal,6.46,0.39,0.259,266.9,0.0,29.3,84.8,3,3,2,0.0,3.88,0.00097,50,1
2024-01-21,VIL-003,Diamond Harbour,South 24 Parganas,West Bengal,6.54,2.07,0.808,68.7,0.0,21.7,80.9,6,1,4,0.0,3.38,0.01159,0,0
2024-01-22,VIL-003,Diamond Harbour,South 24 Parganas,West Bengal,7.75,11.17,0.621,30.3,0.0,24.6,51.4,0,4,2,0.0,4.26,0.01984,25,0
2024-01-23,VIL-003,Diamond Harbour,South 24 Parganas,West Bengal,7.01,2.24,0.305,39.2,0.0,30.5,80.3,1,1,1,0.0,3.27,0.00759,0,0
2024-01-24,VIL-003,Diamond Harbour,South 24 Parganas,West Bengal,6.79,16.57,0.399,28.7,0.0,25.0,95.7,3,1,2,0.0,5.6,0.01343,25,0
2024-01-25,VIL-003,Diamond Harbour,South 24 Parganas,West Bengal,6.54,0.23,0.109,83.8,6.1,26.8,38.9,4,3,0,6.1,5.3,0.00129,20,0
2024-01-26,VIL-003,Diamond Harbour,South 24 Parganas,West Bengal,7.82,4.96,0.311,241.9,5.4,31.0,83.3,0,5,2,11.5,5.38,0.00128,60,1
2024-01-27,VIL-003,Diamond Harbour,South 24 Parganas,West Bengal,7.98,3.41,0.242,176.8,0.0,26.7,73.1,1,3,3,11.5,5.81,0.00136,35,1
2024-01-28,VIL-003,Diamond Harbour,South 24 Parganas,West Bengal,7.81,2.72,0.484,56.1,0.0,32.3,64.8,1,6,1,5.4,5.9,0.00848,20,0
2024-01-29,VIL-003,Diamond Harbour,South 24 Parganas,West Bengal,7.4,13.86,0.183,159.4,0.0,29.9,84.6,1,0,4,0.0,6.28,0.00114,80,2
2024-01-30,VIL-003,Diamond Harbour,South 24 Parganas,West Bengal,7.27,0.54,0.648,50.1,26.4,30.7,95.5,3,1,1,26.4,6.04,0.01268,0,0
2024-01-31,VIL-003,Diamond Harbour,South 24 Parganas,West Bengal,6.37,8.87,0.338,26.5,44.0,34.0,84.3,1,3,1,70.4,4.94,0.01229,40,1
2024-02-01,VIL-003,Diamond Harbour,South 24 Parganas,West Bengal,6.95,4.61,0.194,373.0,0.0,30.3,70.5,6,4,3,70.4,5.57,0.00052,110,2
2024-02-02,VIL-003,Diamond Harbour,South 24 Parganas,West Bengal,6.69,1.18,0.356,33.0,0.0,35.2,63.7,3,0,5,44.0,5.03,0.01047,0,0
2024-02-03,VIL-003,Diamond Harbour,South 24 Parganas,West Bengal,6.0,9.09,0.483,35.6,14.3,32.6,76.7,3,1,3,14.3,5.84,0.0132,25,0
2024-02-04,VIL-003,Diamond Harbour,South 24 Parganas,West Bengal,7.73,2.2,0.444,416.3,0.0,26.9,85.5,4,1,6,14.3,5.76,0.00106,35,1
2024-02-05,VIL-003,Diamond Harbour,South 24 Parganas,West Bengal,6.68,6.6,0.378,13.1,0.0,34.2,70.4,2,1,0,14.3,4.73,0.02681,25,0
2024-02-06,VIL-003,Diamond Harbour,South 24 Parganas,West Bengal,7.82,1.93,0.508,130.1,21.5,30.1,71.5,3,3,1,21.5,4.93,0.00387,35,1
2024-02-07,VIL-003,Diamond Harbour,South 24 Parganas,West Bengal,7.63,7.46,0.497,249.9,0.6,27.4,99.0,1,1,3,22.1,4.72,0.00198,60,1
2024-02-08,VIL-003,Diamond Harbour,South 24 Parganas,West Bengal,7.43,3.97,0.498,65.2,25.9,30.1,87.9,3,6,4,48.0,4.63,0.00752,20,0
2024-02-09,VIL-003,Diamond Harbour,South 24 Parganas,West Bengal,7.47,0.6,0.3,0.2,0.6,33.4,88.8,1,3,0,27.1,4.55,0.25,0,0
2024-02-10,VIL-003,Diamond Harbour,South 24 Parganas,West Bengal,6.73,4.11,0.299,42.8,0.0,30.8,57.5,3,3,1,26.5,3.84,0.00683,25,0
2024-02-11,VIL-003,Diamond Harbour,South 24 Parganas,West Bengal,8.21,0.83,0.313,10.8,2.9,36.3,66.5,0,4,1,3.5,3.64,0.02653,0,0
2024-02-12,VIL-003,Diamond Harbour,South 24 Parganas,West Bengal,7.13,2.08,0.261,49.0,31.2,33.3,75.9,6,2,1,34.1,3.0,0.00522,0,0
2024-02-13,VIL-003,Diamond Harbour,South 24 Parganas,West Bengal,7.28,0.73,0.369,142.0,0.0,31.1,63.0,1,3,3,34.1,2.83,0.00258,35,1
2024-02-14,VIL-003,Diamond Harbour,South 24 Parganas,West Bengal,6.71,0.2,0.349,52.6,0.0,24.9,94.2,3,1,1,31.2,1.79,0.00651,0,0
2024-02-15,VIL-003,Diamond Harbour,South 24 Parganas,West Bengal,6.54,0.93,0.648,51.5,0.0,28.3,91.9,2,3,6,0.0,1.35,0.01234,0,0
2024-02-16,VIL-003,Diamond Harbour,South 24 Parganas,West Bengal,7.39,3.01,0.259,74.0,26.7,29.3,68.6,1,1,3,26.7,1.7,0.00345,0,0
2024-02-17,VIL-003,Diamond Harbour,South 24 Parganas,West Bengal,7.23,2.58,0.172,79.3,0.0,31.8,96.4,3,3,3,26.7,1.48,0.00214,20,0
2024-02-18,VIL-003,Diamond Harbour,South 24 Parganas,West Bengal,6.63,2.73,0.466,176.5,0.0,31.5,74.9,8,0,4,26.7,1.75,0.00263,35,1
2024-02-19,VIL-003,Diamond Harbour,South 24 Parganas,West Bengal,6.24,1.12,0.363,33.6,0.0,29.7,99.0,1,6,2,0.0,1.61,0.01049,20,0
2024-02-20,VIL-003,Diamond Harbour,South 24 Parganas,West Bengal,6.34,4.53,0.226,156.9,0.0,29.5,76.7,3,1,3,0.0,2.16,0.00143,60,1
2024-02-21,VIL-003,Diamond Harbour,South 24 Parganas,West Bengal,7.82,4.78,0.491,75.9,0.0,31.9,81.9,2,3,1,0.0,2.81,0.00638,25,0
2024-02-22,VIL-003,Diamond Harbour,South 24 Parganas,West Bengal,6.73,1.74,0.3,32.5,0.0,25.6,91.8,2,2,3,0.0,2.93,0.00896,0,0
2024-02-23,VIL-003,Diamond Harbour,South 24 Parganas,West Bengal,6.9,8.35,0.624,31.8,0.0,35.8,90.3,3,1,1,0.0,3.69,0.01902,25,0
2024-02-24,VIL-003,Diamond Harbour,South 24 Parganas,West Bengal,7.97,4.05,0.179,40.8,0.8,20.8,81.1,1,3,3,0.8,3.9,0.00428,45,1
2024-02-25,VIL-003,Diamond Harbour,South 24 Parganas,West Bengal,6.43,4.89,0.245,88.7,3.1,34.8,73.3,4,8,0,3.9,4.21,0.00273,45,1
2024-02-26,VIL-003,Diamond Harbour,South 24 Parganas,West Bengal,6.66,1.27,0.373,23.9,18.4,28.8,81.2,5,1,6,22.3,4.23,0.01498,0,0
2024-02-27,VIL-003,Diamond Harbour,South 24 Parganas,West Bengal,6.64,0.2,0.594,230.2,9.2,33.0,65.2,4,3,1,30.7,3.61,0.00257,35,1
2024-02-28,VIL-003,Diamond Harbour,South 24 Parganas,West Bengal,8.07,7.86,0.222,77.8,31.4,30.5,76.8,0,2,3,59.0,4.05,0.00282,40,1
2024-02-29,VIL-003,Diamond Harbour,South 24 Parganas,West Bengal,8.3,6.78,0.418,229.9,0.0,30.4,61.7,1,2,2,40.6,4.77,0.00181,60,1
2024-03-01,VIL-003,Diamond Harbour,South 24 Parganas,West Bengal,7.55,0.52,0.14,4.3,3.9,31.2,53.6,0,3,1,35.3,3.65,0.02642,20,0
2024-03-02,VIL-003,Diamond Harbour,South 24 Parganas,West Bengal,7.57,1.84,0.515,38.2,0.0,32.2,75.6,2,1,3,3.9,3.34,0.01314,0,0
2024-03-03,VIL-003,Diamond Harbour,South 24 Parganas,West Bengal,6.75,4.24,0.233,2.1,0.0,27.7,90.1,3,4,8,3.9,3.24,0.07516,25,0
2024-03-04,VIL-003,Diamond Harbour,South 24 Parganas,West Bengal,8.27,4.14,0.461,28.9,20.8,33.1,86.1,2,5,1,20.8,3.65,0.01542,25,0
2024-03-05,VIL-003,Diamond Harbour,South 24 Parganas,West Bengal,7.26,7.72,0.471,180.2,0.0,24.7,74.0,4,4,3,20.8,4.73,0.0026,60,1
2024-03-06,VIL-003,Diamond Harbour,South 24 Parganas,West Bengal,7.61,0.59,0.023,3.4,51.8,29.0,96.0,2,0,2,72.6,3.69,0.00523,35,1
2024-03-07,VIL-003,Diamond Harbour,South 24 Parganas,West Bengal,7.04,2.2,0.388,52.1,0.0,32.3,68.2,1,1,2,51.8,3.04,0.00731,15,0
2024-03-08,VIL-003,Diamond Harbour,South 24 Parganas,West Bengal,6.94,0.4,0.259,11.4,0.0,33.0,52.0,2,0,3,51.8,3.02,0.02089,15,0
2024-03-09,VIL-003,Diamond Harbour,South 24 Parganas,West Bengal,8.1,1.94,0.44,49.1,13.4,30.8,48.8,1,2,1,13.4,3.03,0.00878,0,0
2024-03-10,VIL-003,Diamond Harbour,South 24 Parganas,West Bengal,7.42,0.2,0.193,166.1,0.0,27.4,60.8,2,3,4,13.4,2.46,0.00115,55,1
2024-03-11,VIL-003,Diamond Harbour,South 24 Parganas,West Bengal,7.97,8.96,0.245,88.8,0.0,32.6,84.8,4,2,5,13.4,3.14,0.00273,25,0
2024-03-12,VIL-003,Diamond Harbour,South 24 Parganas,West Bengal,7.25,2.94,0.566,121.5,30.7,26.3,67.4,3,4,4,30.7,2.46,0.00462,35,1
2024-03-13,VIL-003,Diamond Harbour,South 24 Parganas,West Bengal,6.59,7.43,0.552,39.1,0.0,36.0,80.5,5,2,0,30.7,3.44,0.01377,25,0
2024-03-14,VIL-003,Diamond Harbour,South 24 Parganas,West Bengal,6.75,0.24,0.171,262.9,0.0,28.7,94.8,0,1,1,30.7,3.16,0.00065,70,2
2024-03-15,VIL-003,Diamond Harbour,South 24 Parganas,West Bengal,7.16,1.01,0.673,112.4,5.4,22.8,61.8,3,2,0,5.4,3.25,0.00593,35,1
2024-03-16,VIL-003,Diamond Harbour,South 24 Parganas,West Bengal,6.72,1.18,0.0,49.9,0.0,24.2,80.7,1,1,2,5.4,3.14,0.0,35,1
2024-03-17,VIL-003,Diamond Harbour,South 24 Parganas,West Bengal,6.44,1.92,0.389,50.6,6.7,29.2,81.5,2,2,3,12.1,3.38,0.00754,0,0
2024-03-18,VIL-003,Diamond Harbour,South 24 Parganas,West Bengal,7.82,6.37,0.119,228.4,0.0,29.6,64.7,1,4,2,6.7,3.01,0.00052,95,2
2024-03-19,VIL-003,Diamond Harbour,South 24 Parganas,West Bengal,6.77,1.92,0.417,78.2,4.4,36.9,91.3,2,3,4,11.1,2.87,0.00527,0,0
2024-03-20,VIL-003,Diamond Harbour,South 24 Parganas,West Bengal,7.18,0.9,0.303,111.5,0.0,24.8,71.5,4,5,2,4.4,1.93,0.00269,35,1
2024-03-21,VIL-003,Diamond Harbour,South 24 Parganas,West Bengal,7.28,0.26,0.167,49.1,0.0,29.2,70.4,2,0,1,4.4,1.94,0.00333,20,0
2024-03-22,VIL-003,Diamond Harbour,South 24 Parganas,West Bengal,6.75,0.32,0.217,23.0,3.8,24.8,99.0,4,3,2,3.8,1.84,0.00904,0,0
2024-03-23,VIL-003,Diamond Harbour,South 24 Parganas,West Bengal,7.97,5.6,0.208,117.0,12.8,27.0,81.3,2,1,1,16.6,2.47,0.00176,60,1
2024-03-24,VIL-003,Diamond Harbour,South 24 Parganas,West Bengal,6.43,2.31,0.364,85.2,4.1,35.7,86.1,4,2,2,20.7,2.53,0.00422,0,0
2024-03-25,VIL-003,Diamond Harbour,South 24 Parganas,West Bengal,7.26,5.08,0.525,63.3,0.0,24.5,91.3,4,1,4,16.9,2.34,0.00816,25,0
2024-03-26,VIL-003,Diamond Harbour,South 24 Parganas,West Bengal,7.25,4.49,0.703,89.0,5.0,31.3,67.2,3,2,3,9.1,2.71,0.00781,25,0
2024-03-27,VIL-003,Diamond Harbour,South 24 Parganas,West Bengal,7.07,0.57,0.319,21.3,0.0,30.6,90.0,2,4,5,5.0,2.66,0.0143,0,0
2024-03-28,VIL-003,Diamond Harbour,South 24 Parganas,West Bengal,6.32,0.6,0.404,143.7,0.0,28.9,69.0,6,2,0,5.0,2.71,0.00279,35,1
2024-03-29,VIL-003,Diamond Harbour,South 24 Parganas,West Bengal,7.62,5.52,0.564,269.3,0.0,31.1,68.5,4,4,3,0.0,3.45,0.00209,60,1
2024-03-30,VIL-003,Diamond Harbour,South 24 Parganas,West Bengal,7.55,5.01,0.269,201.8,166.0,24.4,71.7,3,2,1,166.0,3.37,0.00133,75,2
2024-03-31,VIL-003,Diamond Harbour,South 24 Parganas,West Bengal,6.69,1.86,0.209,35.3,36.7,35.6,67.5,5,4,2,202.7,3.3,0.00576,15,0
2024-04-01,VIL-003,Diamond Harbour,South 24 Parganas,West Bengal,7.52,0.32,0.701,47.4,0.0,36.7,84.9,1,4,1,202.7,2.62,0.01448,15,0
2024-04-02,VIL-003,Diamond Harbour,South 24 Parganas,West Bengal,7.32,0.2,0.318,150.4,0.0,29.2,78.2,4,3,2,36.7,2.01,0.0021,35,1
2024-04-03,VIL-003,Diamond Harbour,South 24 Parganas,West Bengal,6.33,1.33,0.389,82.3,0.0,38.7,69.1,0,2,4,0.0,2.12,0.00467,0,0
2024-04-04,VIL-003,Diamond Harbour,South 24 Parganas,West Bengal,6.59,0.2,0.061,72.2,0.0,27.4,83.1,1,6,2,0.0,2.06,0.00083,55,1
2024-04-05,VIL-003,Diamond Harbour,South 24 Parganas,West Bengal,7.78,1.02,0.256,237.7,0.4,30.6,71.7,3,4,4,0.4,1.42,0.00107,35,1
2024-04-06,VIL-003,Diamond Harbour,South 24 Parganas,West Bengal,7.29,2.13,0.69,69.9,0.0,34.7,71.1,2,3,2,0.4,1.01,0.00973,0,0
2024-04-07,VIL-003,Diamond Harbour,South 24 Parganas,West Bengal,6.76,0.51,0.433,65.8,4.4,27.2,75.6,3,5,4,4.8,0.82,0.00648,0,0
2024-04-08,VIL-003,Diamond Harbour,South 24 Parganas,West Bengal,6.58,0.43,0.345,3.9,0.0,23.5,80.6,7,1,4,4.4,0.83,0.07041,0,0
2024-04-09,VIL-003,Diamond Harbour,South 24 Parganas,West Bengal,6.79,8.89,0.601,6.5,0.0,22.6,79.7,5,4,3,4.4,2.07,0.08013,25,0
2024-04-10,VIL-003,Diamond Harbour,South 24 Parganas,West Bengal,6.83,3.45,0.054,0.7,15.4,37.2,70.6,4,0,2,15.4,2.38,0.03176,20,0
2024-04-11,VIL-003,Diamond Harbour,South 24 Parganas,West Bengal,6.59,10.68,0.275,222.5,0.0,26.9,85.2,5,1,6,15.4,3.87,0.00123,60,1
2024-04-12,VIL-003,Diamond Harbour,South 24 Parganas,West Bengal,6.05,1.66,0.759,47.8,0.0,28.3,72.3,2,3,4,15.4,3.96,0.01555,0,0
2024-04-13,VIL-003,Diamond Harbour,South 24 Parganas,West Bengal,7.78,4.43,0.341,57.5,0.0,24.5,67.1,4,2,3,0.0,4.29,0.00583,25,0
2024-04-14,VIL-003,Diamond Harbour,South 24 Parganas,West Bengal,7.68,0.9,0.34,169.9,33.7,32.8,57.4,7,3,5,33.7,4.35,0.00199,35,1
2024-04-15,VIL-003,Diamond Harbour,South 24 Parganas,West Bengal,6.34,3.78,0.562,85.5,6.9,25.9,86.8,3,7,1,40.6,4.83,0.0065,20,0
2024-04-16,VIL-003,Diamond Harbour,South 24 Parganas,West Bengal,7.18,0.54,0.575,85.6,10.4,27.0,75.1,1,5,4,51.0,3.63,0.00664,15,0
2024-04-17,VIL-003,Diamond Harbour,South 24 Parganas,West Bengal,6.56,0.2,0.116,32.0,11.4,30.2,77.5,1,4,0,28.7,3.17,0.00352,20,0
2024-04-18,VIL-003,Diamond Harbour,South 24 Parganas,West Bengal,6.94,10.51,0.427,163.4,0.0,24.7,87.5,0,5,1,21.8,3.15,0.0026,60,1
2024-04-19,VIL-003,Diamond Harbour,South 24 Parganas,West Bengal,6.89,3.17,0.666,16.5,0.0,28.3,69.3,1,2,3,11.4,3.36,0.03806,0,0
2024-04-20,VIL-003,Diamond Harbour,South 24 Parganas,West Bengal,6.84,10.26,0.234,5.0,16.4,34.6,58.5,1,4,2,16.4,4.19,0.039,25,0
2024-04-21,VIL-003,Diamond Harbour,South 24 Parganas,West Bengal,8.3,1.59,0.283,19.4,0.0,30.7,75.8,1,7,3,16.4,4.29,0.01387,20,0
2024-04-22,VIL-003,Diamond Harbour,South 24 Parganas,West Bengal,6.84,1.56,0.355,28.4,0.0,29.5,78.7,5,3,7,16.4,3.98,0.01207,0,0
2024-04-23,VIL-003,Diamond Harbour,South 24 Parganas,West Bengal,6.62,2.01,0.475,30.2,7.8,29.9,71.8,1,1,5,7.8,4.19,0.01522,0,0
2024-04-24,VIL-003,Diamond Harbour,South 24 Parganas,West Bengal,6.64,4.8,0.093,101.0,6.8,27.4,92.7,1,1,4,14.6,4.84,0.00091,95,2
2024-04-25,VIL-003,Diamond Harbour,South 24 Parganas,West Bengal,7.73,3.27,0.0,22.4,17.0,37.0,45.2,1,0,5,31.6,3.81,0.0,35,1
2024-04-26,VIL-003,Diamond Harbour,South 24 Parganas,West Bengal,6.11,10.17,0.389,102.7,0.0,25.8,88.4,7,1,2,23.8,4.81,0.00375,60,1
2024-04-27,VIL-003,Diamond Harbour,South 24 Parganas,West Bengal,6.64,0.2,0.56,8.7,0.0,29.8,84.5,6,1,4,17.0,3.37,0.05773,0,0
2024-04-28,VIL-003,Diamond Harbour,South 24 Parganas,West Bengal,7.97,4.83,0.294,14.5,0.0,29.5,80.5,3,1,7,0.0,3.83,0.01897,25,0
2024-04-29,VIL-003,Diamond Harbour,South 24 Parganas,West Bengal,7.25,1.57,0.24,64.7,1.4,33.0,35.0,1,5,3,1.4,3.84,0.00365,0,0
2024-04-30,VIL-003,Diamond Harbour,South 24 Parganas,West Bengal,7.22,0.78,0.32,232.0,0.0,33.4,90.4,4,1,1,1.4,3.66,0.00137,35,1
2024-05-01,VIL-003,Diamond Harbour,South 24 Parganas,West Bengal,8.38,2.8,0.638,178.6,0.4,28.9,62.7,2,1,1,1.8,3.37,0.00355,35,1
2024-05-02,VIL-003,Diamond Harbour,South 24 Parganas,West Bengal,7.25,2.76,0.23,315.4,0.0,30.2,68.9,6,1,0,0.4,3.3,0.00073,50,1
2024-05-03,VIL-003,Diamond Harbour,South 24 Parganas,West Bengal,6.68,0.58,0.453,95.7,0.0,30.3,73.0,3,7,1,0.4,1.93,0.00468,20,0
2024-05-04,VIL-003,Diamond Harbour,South 24 Parganas,West Bengal,6.93,0.88,0.142,102.5,1.1,19.9,79.9,4,6,1,1.1,2.03,0.00137,75,2
2024-05-05,VIL-003,Diamond Harbour,South 24 Parganas,West Bengal,6.42,2.06,0.151,89.3,0.0,22.6,82.7,5,3,1,1.1,1.63,0.00167,20,0
2024-05-06,VIL-003,Diamond Harbour,South 24 Parganas,West Bengal,7.85,2.06,0.502,88.7,0.0,26.6,85.7,2,1,5,1.1,1.7,0.0056,0,0
2024-05-07,VIL-003,Diamond Harbour,South 24 Parganas,West Bengal,7.44,1.5,0.644,14.5,0.0,26.8,84.8,3,4,1,0.0,1.81,0.04155,0,0
2024-05-08,VIL-003,Diamond Harbour,South 24 Parganas,West Bengal,7.77,0.63,0.51,71.4,6.6,24.2,78.0,4,2,1,6.6,1.5,0.00704,0,0
2024-05-09,VIL-003,Diamond Harbour,South 24 Parganas,West Bengal,7.83,0.2,0.0,44.4,0.0,32.0,80.0,6,6,1,6.6,1.13,0.0,55,1
2024-05-10,VIL-003,Diamond Harbour,South 24 Parganas,West Bengal,6.85,13.78,0.274,53.2,0.0,29.0,61.9,3,3,7,6.6,3.02,0.00506,25,0
2024-05-11,VIL-003,Diamond Harbour,South 24 Parganas,West Bengal,6.53,11.26,0.393,67.5,0.0,28.1,66.0,1,4,6,0.0,4.5,0.00574,25,0
2024-05-12,VIL-003,Diamond Harbour,South 24 Parganas,West Bengal,7.07,2.59,0.361,12.5,92.3,24.0,85.7,3,5,3,92.3,4.57,0.02674,15,0
2024-05-13,VIL-003,Diamond Harbour,South 24 Parganas,West Bengal,6.58,20.81,0.004,40.5,0.0,28.8,85.0,5,2,1,92.3,7.25,0.0001,75,2
2024-05-14,VIL-003,Diamond Harbour,South 24 Parganas,West Bengal,7.2,4.39,0.117,6.0,11.3,18.5,83.7,1,3,4,103.6,7.67,0.01671,60,1
2024-05-15,VIL-003,Diamond Harbour,South 24 Parganas,West Bengal,7.78,0.28,0.206,354.5,0.0,28.3,68.8,6,4,2,11.3,7.62,0.00058,50,1
2024-05-16,VIL-003,Diamond Harbour,South 24 Parganas,West Bengal,7.0,0.49,0.338,11.5,20.0,29.3,85.9,4,6,6,31.3,7.66,0.02704,20,0
2024-05-17,VIL-003,Diamond Harbour,South 24 Parganas,West Bengal,7.19,9.71,0.002,27.2,3.9,30.0,61.1,1,3,3,23.9,7.08,7e-05,60,1
2024-05-18,VIL-003,Diamond Harbour,South 24 Parganas,West Bengal,7.04,3.9,0.458,201.9,0.0,22.7,87.9,5,1,4,23.9,6.02,0.00226,35,1
2024-05-19,VIL-003,Diamond Harbour,South 24 Parganas,West Bengal,7.58,7.26,0.333,60.0,0.0,29.9,71.9,0,3,5,3.9,6.69,0.00546,25,0
2024-05-20,VIL-003,Diamond Harbour,South 24 Parganas,West Bengal,6.7,8.96,0.162,13.3,0.0,24.8,95.2,5,5,2,0.0,5.0,0.01133,45,1
2024-05-21,VIL-003,Diamond Harbour,South 24 Parganas,West Bengal,5.78,2.33,0.385,44.1,0.0,25.8,56.7,7,1,3,0.0,4.7,0.00854,0,0
2024-05-22,VIL-003,Diamond Harbour,South 24 Parganas,West Bengal,7.38,0.2,0.091,11.2,27.5,31.9,96.2,5,6,4,27.5,4.69,0.00746,40,1
2024-05-23,VIL-003,Diamond Harbour,South 24 Parganas,West Bengal,7.69,0.82,0.341,20.3,1.1,37.1,70.7,3,4,6,28.6,4.74,0.01601,0,0
2024-05-24,VIL-003,Diamond Harbour,South 24 Parganas,West Bengal,7.37,0.27,0.026,4.9,0.0,29.2,70.4,5,1,3,28.6,3.39,0.00441,20,0
2024-05-25,VIL-003,Diamond Harbour,South 24 Parganas,West Bengal,6.72,0.82,0.052,52.5,18.3,25.7,77.3,2,5,1,19.4,2.95,0.00097,35,1
2024-05-26,VIL-003,Diamond Harbour,South 24 Parganas,West Bengal,6.42,2.07,0.268,149.5,0.0,29.8,66.6,3,0,3,18.3,2.21,0.00178,35,1
2024-05-27,VIL-003,Diamond Harbour,South 24 Parganas,West Bengal,7.4,0.49,0.221,80.2,0.0,32.8,74.1,2,5,5,18.3,1.0,0.00272,0,0
2024-05-28,VIL-003,Diamond Harbour,South 24 Parganas,West Bengal,7.18,0.72,0.419,84.8,0.0,31.5,66.1,4,7,1,0.0,0.77,0.00488,20,0
2024-05-29,VIL-003,Diamond Harbour,South 24 Parganas,West Bengal,7.02,2.31,0.347,20.4,0.0,40.0,66.6,5,5,6,0.0,1.07,0.01621,0,0
2024-05-30,VIL-003,Diamond Harbour,South 24 Parganas,West Bengal,8.19,1.63,0.728,38.4,1.2,26.1,80.8,2,3,4,1.2,1.19,0.01848,0,0
2024-05-31,VIL-003,Diamond Harbour,South 24 Parganas,West Bengal,6.53,2.47,0.302,169.8,0.0,30.0,64.2,3,5,1,1.2,1.5,0.00177,35,1
2024-06-01,VIL-003,Diamond Harbour,South 24 Parganas,West Bengal,8.17,2.2,0.0,8.4,0.0,35.2,65.8,2,2,5,1.2,1.7,0.0,35,1
2024-06-02,VIL-003,Diamond Harbour,South 24 Parganas,West Bengal,7.12,4.05,0.0,177.6,0.0,34.9,58.5,1,3,0,0.0,1.98,0.0,95,2
2024-06-03,VIL-003,Diamond Harbour,South 24 Parganas,West Bengal,6.0,10.85,0.135,60.2,0.0,21.2,69.0,3,2,5,0.0,3.46,0.00221,45,1
2024-06-04,VIL-003,Diamond Harbour,South 24 Parganas,West Bengal,6.99,0.45,0.959,165.2,0.0,29.0,90.7,5,4,7,0.0,3.42,0.00577,35,1
2024-06-05,VIL-003,Diamond Harbour,South 24 Parganas,West Bengal,7.68,0.41,0.343,34.8,0.0,34.9,64.8,5,5,5,0.0,3.15,0.00958,0,0
2024-06-06,VIL-003,Diamond Harbour,South 24 Parganas,West Bengal,6.88,7.51,0.55,37.7,0.3,40.6,66.2,4,2,3,0.3,3.99,0.01421,25,0
2024-06-07,VIL-003,Diamond Harbour,South 24 Parganas,West Bengal,6.22,2.77,0.531,126.7,0.0,31.8,77.3,2,3,5,0.3,4.03,0.00416,35,1
2024-06-08,VIL-003,Diamond Harbour,South 24 Parganas,West Bengal,7.0,5.7,0.122,139.9,1.4,27.5,70.6,4,2,2,1.7,4.53,0.00087,95,2
2024-06-09,VIL-003,Diamond Harbour,South 24 Parganas,West Bengal,6.59,0.95,0.027,23.7,0.1,25.0,99.0,4,1,3,1.5,4.09,0.00109,20,0
2024-06-10,VIL-003,Diamond Harbour,South 24 Parganas,West Bengal,7.4,6.92,0.466,328.3,2.9,37.9,73.0,0,3,2,4.4,3.53,0.00142,60,1
2024-06-11,VIL-003,Diamond Harbour,South 24 Parganas,West Bengal,7.56,10.09,0.0,8.0,9.9,31.9,79.0,2,5,4,12.9,4.91,0.0,60,1
2024-06-12,VIL-003,Diamond Harbour,South 24 Parganas,West Bengal,6.47,3.96,0.526,6.5,29.2,25.6,86.3,3,5,5,42.0,5.41,0.07013,0,0
2024-06-13,VIL-003,Diamond Harbour,South 24 Parganas,West Bengal,6.68,0.44,0.329,82.4,0.0,28.2,86.1,5,4,2,39.1,4.4,0.00394,0,0
2024-06-14,VIL-003,Diamond Harbour,South 24 Parganas,West Bengal,7.55,8.85,0.461,116.7,17.7,30.2,77.8,3,2,3,46.9,5.27,0.00392,60,1
2024-06-15,VIL-003,Diamond Harbour,South 24 Parganas,West Bengal,6.58,6.16,0.405,295.0,0.0,31.2,73.1,1,4,2,17.7,5.34,0.00137,60,1
2024-06-16,VIL-003,Diamond Harbour,South 24 Parganas,West Bengal,6.45,5.45,0.414,47.2,4.8,25.4,99.0,3,4,1,22.5,5.98,0.00859,25,0
2024-06-17,VIL-003,Diamond Harbour,South 24 Parganas,West Bengal,6.39,0.2,0.369,2.3,0.0,26.5,73.8,1,0,3,4.8,5.02,0.11182,0,0
2024-06-18,VIL-003,Diamond Harbour,South 24 Parganas,West Bengal,7.31,6.29,0.401,84.0,28.7,22.4,69.7,3,2,5,33.5,4.48,0.00472,25,0
2024-06-19,VIL-003,Diamond Harbour,South 24 Parganas,West Bengal,7.29,0.58,0.358,31.1,32.2,33.2,67.2,7,3,5,60.9,4.0,0.01115,15,0
2024-06-20,VIL-003,Diamond Harbour,South 24 Parganas,West Bengal,6.69,0.99,0.102,51.6,33.7,27.6,54.3,0,5,4,94.6,4.07,0.00194,35,1
2024-06-21,VIL-003,Diamond Harbour,South 24 Parganas,West Bengal,7.1,3.37,0.279,61.0,0.0,30.9,84.9,4,3,2,65.9,3.29,0.0045,15,0
2024-06-22,VIL-003,Diamond Harbour,South 24 Parganas,West Bengal,8.02,1.21,0.741,6.1,0.0,34.7,46.8,5,1,4,33.7,2.58,0.10437,0,0
2024-06-23,VIL-003,Diamond Harbour,South 24 Parganas,West Bengal,6.52,4.24,0.407,60.6,4.3,29.9,74.9,1,3,4,4.3,2.41,0.00661,25,0
2024-06-24,VIL-003,Diamond Harbour,South 24 Parganas,West Bengal,5.93,3.67,0.556,50.6,24.1,28.5,72.5,5,1,0,28.4,2.91,0.01078,0,0
2024-06-25,VIL-003,Diamond Harbour,South 24 Parganas,West Bengal,7.37,0.45,0.173,113.4,53.4,29.8,99.0,0,3,2,81.8,2.07,0.00151,70,2
2024-06-26,VIL-003,Diamond Harbour,South 24 Parganas,West Bengal,7.03,4.18,0.17,94.4,0.0,29.3,53.0,2,7,3,77.5,2.59,0.00178,80,2
2024-06-27,VIL-003,Diamond Harbour,South 24 Parganas,West Bengal,6.67,10.1,0.133,18.6,0.0,34.0,64.2,1,0,5,53.4,3.89,0.00679,60,1
2024-06-28,VIL-003,Diamond Harbour,South 24 Parganas,West Bengal,7.49,0.69,0.11,21.0,18.8,30.2,73.4,3,4,3,18.8,3.51,0.005,20,0
2024-06-29,VIL-003,Diamond Harbour,South 24 Parganas,West Bengal,7.6,3.56,0.058,26.3,21.8,26.8,72.6,4,5,1,40.6,3.84,0.00212,20,0
2024-06-30,VIL-003,Diamond Harbour,South 24 Parganas,West Bengal,5.78,1.64,0.392,17.9,0.0,33.2,68.4,2,1,3,40.6,3.47,0.02074,0,0
2024-07-01,VIL-003,Diamond Harbour,South 24 Parganas,West Bengal,6.71,2.41,0.286,97.4,64.5,33.9,74.0,3,5,1,86.3,3.29,0.00291,15,0
2024-07-02,VIL-003,Diamond Harbour,South 24 Parganas,West Bengal,8.49,1.33,0.508,472.3,0.0,23.6,59.9,0,0,3,64.5,3.42,0.00107,50,1
2024-07-03,VIL-003,Diamond Harbour,South 24 Parganas,West Bengal,7.45,1.71,0.294,96.1,3.2,35.1,79.3,4,2,7,67.7,3.06,0.00303,15,0
2024-07-04,VIL-003,Diamond Harbour,South 24 Parganas,West Bengal,7.51,0.2,0.0,84.9,0.0,30.5,47.1,1,1,0,3.2,1.65,0.0,35,1
2024-07-05,VIL-003,Diamond Harbour,South 24 Parganas,West Bengal,7.8,15.65,0.43,48.0,0.0,30.1,74.7,3,3,4,3.2,3.79,0.00878,25,0
2024-07-06,VIL-003,Diamond Harbour,South 24 Parganas,West Bengal,7.11,3.84,0.0,34.1,0.0,33.0,67.8,4,4,5,0.0,3.83,0.0,35,1
2024-07-07,VIL-003,Diamond Harbour,South 24 Parganas,West Bengal,7.58,2.72,0.389,220.2,0.0,26.7,87.2,0,2,1,0.0,3.98,0.00176,35,1
2024-07-08,VIL-003,Diamond Harbour,South 24 Parganas,West Bengal,7.53,1.9,0.211,316.1,0.0,32.8,96.1,2,3,5,0.0,3.91,0.00067,50,1
2024-07-09,VIL-003,Diamond Harbour,South 24 Parganas,West Bengal,7.42,3.04,0.392,62.5,0.0,27.5,71.0,2,0,0,0.0,4.15,0.00617,0,0
2024-07-10,VIL-003,Diamond Harbour,South 24 Parganas,West Bengal,6.91,1.87,0.09,31.2,20.9,23.1,91.7,2,4,2,20.9,4.17,0.0028,20,0
2024-07-11,VIL-003,Diamond Harbour,South 24 Parganas,West Bengal,7.2,1.75,0.49,133.8,0.0,25.0,71.2,2,1,1,20.9,4.4,0.00364,35,1
2024-07-12,VIL-003,Diamond Harbour,South 24 Parganas,West Bengal,6.75,2.44,0.357,12.9,0.0,31.3,63.4,7,3,3,20.9,2.51,0.02568,0,0
2024-07-13,VIL-003,Diamond Harbour,South 24 Parganas,West Bengal,7.11,1.27,0.288,132.0,0.0,25.2,96.0,3,4,4,0.0,2.14,0.00217,35,1
2024-07-14,VIL-003,Diamond Harbour,South 24 Parganas,West Bengal,6.4,0.78,0.045,155.5,5.7,35.4,81.2,6,0,2,5.7,1.86,0.00029,70,2
2024-07-15,VIL-003,Diamond Harbour,South 24 Parganas,West Bengal,6.63,3.19,0.676,12.1,0.0,33.8,75.1,3,2,3,5.7,2.05,0.0516,0,0
2024-07-16,VIL-003,Diamond Harbour,South 24 Parganas,West Bengal,6.93,7.25,0.187,342.7,0.0,34.3,83.2,4,2,0,5.7,2.65,0.00054,95,2
2024-07-17,VIL-003,Diamond Harbour,South 24 Parganas,West Bengal,6.53,0.65,0.397,385.3,0.0,29.5,78.3,3,2,4,0.0,2.48,0.00103,35,1
2024-07-18,VIL-003,Diamond Harbour,South 24 Parganas,West Bengal,6.8,0.2,0.179,251.2,20.6,30.0,74.2,3,2,1,20.6,2.25,0.00071,70,2
2024-07-19,VIL-003,Diamond Harbour,South 24 Parganas,West Bengal,7.0,1.11,1.03,62.4,4.6,24.2,59.1,5,7,3,25.2,2.06,0.01625,20,0
2024-07-20,VIL-003,Diamond Harbour,South 24 Parganas,West Bengal,7.34,15.28,0.377,25.7,13.8,33.0,71.8,1,3,4,39.0,4.07,0.01412,25,0
2024-07-21,VIL-003,Diamond Harbour,South 24 Parganas,West Bengal,7.67,6.92,0.239,79.4,0.0,30.5,82.5,2,6,0,18.4,4.94,0.00297,45,1
2024-07-22,VIL-003,Diamond Harbour,South 24 Parganas,West Bengal,6.82,3.55,0.459,49.6,0.0,31.3,73.5,5,3,2,13.8,4.99,0.00907,0,0
2024-07-23,VIL-003,Diamond Harbour,South 24 Parganas,West Bengal,7.9,10.38,0.485,21.0,0.0,35.8,85.8,0,4,2,0.0,5.44,0.02205,25,0
2024-07-24,VIL-003,Diamond Harbour,South 24 Parganas,West Bengal,7.66,2.31,0.421,50.1,0.0,26.6,79.6,1,3,2,0.0,5.68,0.00824,0,0
2024-07-25,VIL-003,Diamond Harbour,South 24 Parganas,West Bengal,7.4,16.04,0.292,99.2,0.0,28.5,64.5,5,3,2,0.0,7.94,0.00291,25,0
2024-07-26,VIL-003,Diamond Harbour,South 24 Parganas,West Bengal,7.19,1.38,0.429,6.7,0.0,30.3,59.2,3,5,7,0.0,7.98,0.05571,0,0
2024-07-27,VIL-003,Diamond Harbour,South 24 Parganas,West Bengal,7.29,1.08,0.322,36.9,0.0,25.3,73.1,1,1,3,0.0,5.95,0.0085,0,0
2024-07-28,VIL-003,Diamond Harbour,South 24 Parganas,West Bengal,7.81,3.98,0.345,1.6,0.0,28.2,68.7,2,2,6,0.0,5.53,0.13269,0,0
2024-07-29,VIL-003,Diamond Harbour,South 24 Parganas,West Bengal,7.83,1.86,0.209,126.0,0.0,31.0,79.0,2,5,3,0.0,5.29,0.00165,35,1
2024-07-30,VIL-003,Diamond Harbour,South 24 Parganas,West Bengal,7.9,3.86,0.087,93.1,0.0,27.7,66.4,2,0,4,0.0,4.36,0.00092,35,1
2024-07-31,VIL-003,Diamond Harbour,South 24 Parganas,West Bengal,7.12,1.43,0.451,5.9,11.0,34.2,67.6,1,1,3,11.0,4.23,0.06536,0,0
2024-08-01,VIL-003,Diamond Harbour,South 24 Parganas,West Bengal,7.43,3.77,0.459,304.4,4.4,23.0,87.6,4,5,3,15.4,2.48,0.0015,35,1
2024-08-02,VIL-003,Diamond Harbour,South 24 Parganas,West Bengal,7.91,1.26,0.583,2.1,0.0,33.5,76.8,4,3,5,15.4,2.46,0.18806,0,0
2024-08-03,VIL-003,Diamond Harbour,South 24 Parganas,West Bengal,6.73,0.21,0.359,81.1,0.0,31.6,66.6,2,1,1,4.4,2.34,0.00437,0,0
2024-08-04,VIL-003,Diamond Harbour,South 24 Parganas,West Bengal,6.91,9.53,0.311,136.3,0.0,26.7,75.2,2,2,2,0.0,3.13,0.00227,60,1
2024-08-05,VIL-003,Diamond Harbour,South 24 Parganas,West Bengal,7.11,8.42,0.096,141.1,15.4,25.3,91.5,1,2,5,15.4,4.07,0.00068,95,2
2024-08-06,VIL-003,Diamond Harbour,South 24 Parganas,West Bengal,7.64,13.85,0.343,3.2,0.0,20.7,78.5,1,2,0,15.4,5.5,0.08167,25,0
2024-08-07,VIL-003,Diamond Harbour,South 24 Parganas,West Bengal,7.65,4.94,0.415,215.6,0.0,25.8,82.1,3,1,1,15.4,6.0,0.00192,60,1
2024-08-08,VIL-003,Diamond Harbour,South 24 Parganas,West Bengal,6.96,4.5,0.022,228.1,0.0,33.2,66.0,3,4,5,0.0,6.1,0.0001,95,2
2024-08-09,VIL-003,Diamond Harbour,South 24 Parganas,West Bengal,6.19,3.21,0.542,75.0,0.0,28.8,87.3,2,4,3,0.0,6.38,0.00713,0,0
2024-08-10,VIL-003,Diamond Harbour,South 24 Parganas,West Bengal,7.25,0.53,0.222,59.9,0.0,33.7,99.0,2,2,1,0.0,6.43,0.00365,0,0
2024-08-11,VIL-003,Diamond Harbour,South 24 Parganas,West Bengal,6.55,0.82,0.315,4.2,0.0,26.5,65.5,6,2,2,0.0,5.18,0.06058,0,0
2024-08-12,VIL-003,Diamond Harbour,South 24 Parganas,West Bengal,6.21,1.34,0.458,75.1,0.0,31.8,60.8,1,1,2,0.0,4.17,0.00602,0,0
2024-08-13,VIL-003,Diamond Harbour,South 24 Parganas,West Bengal,6.34,8.66,0.349,47.9,6.6,26.1,77.1,5,1,2,6.6,3.43,0.00714,25,0
2024-08-14,VIL-003,Diamond Harbour,South 24 Parganas,West Bengal,7.3,0.74,0.603,134.9,3.0,25.1,85.5,3,3,1,9.6,2.83,0.00444,35,1
2024-08-15,VIL-003,Diamond Harbour,South 24 Parganas,West Bengal,7.92,10.04,0.463,47.1,33.0,28.6,73.9,2,3,4,42.6,3.62,0.00963,25,0
2024-08-16,VIL-003,Diamond Harbour,South 24 Parganas,West Bengal,7.12,2.9,0.323,104.7,1.2,26.3,62.4,4,2,4,37.2,3.58,0.00306,35,1
2024-08-17,VIL-003,Diamond Harbour,South 24 Parganas,West Bengal,7.23,4.93,0.0,9.7,6.2,22.8,73.7,1,2,2,40.4,4.2,0.0,60,1
2024-08-18,VIL-003,Diamond Harbour,South 24 Parganas,West Bengal,7.81,0.46,0.529,13.0,6.6,28.3,82.2,6,6,2,14.0,4.15,0.03779,20,0
2024-08-19,VIL-003,Diamond Harbour,South 24 Parganas,West Bengal,6.17,1.23,0.138,13.7,3.2,29.4,70.1,1,1,1,16.0,4.14,0.00939,20,0
2024-08-20,VIL-003,Diamond Harbour,South 24 Parganas,West Bengal,7.41,12.48,0.503,4.2,12.8,34.1,82.3,2,5,1,22.6,4.68,0.09673,25,0
2024-08-21,VIL-003,Diamond Harbour,South 24 Parganas,West Bengal,7.09,1.21,0.438,70.9,0.2,32.7,89.0,6,3,3,16.2,4.75,0.00609,0,0
2024-08-22,VIL-003,Diamond Harbour,South 24 Parganas,West Bengal,7.44,1.38,0.314,143.8,6.4,33.9,77.9,0,2,3,19.4,3.51,0.00217,35,1
2024-08-23,VIL-003,Diamond Harbour,South 24 Parganas,West Bengal,6.81,0.86,0.522,85.8,0.0,31.9,74.7,8,4,2,6.6,3.22,0.00601,0,0
2024-08-24,VIL-003,Diamond Harbour,South 24 Parganas,West Bengal,6.61,0.54,0.444,77.9,0.0,30.3,85.0,1,1,2,6.4,2.59,0.00563,0,0
2024-08-25,VIL-003,Diamond Harbour,South 24 Parganas,West Bengal,7.18,1.04,0.409,103.9,8.0,24.1,64.7,4,6,6,8.0,2.68,0.0039,55,1
2024-08-26,VIL-003,Diamond Harbour,South 24 Parganas,West Bengal,8.09,4.03,0.041,37.8,0.0,29.6,63.5,1,1,1,8.0,3.08,0.00106,45,1
2024-08-27,VIL-003,Diamond Harbour,South 24 Parganas,West Bengal,7.62,2.38,0.357,40.9,0.0,31.4,71.8,5,2,5,8.0,1.63,0.00852,0,0
2024-08-28,VIL-003,Diamond Harbour,South 24 Parganas,West Bengal,6.8,3.16,0.126,34.3,0.0,34.8,69.1,2,6,3,0.0,1.91,0.00357,40,1
2024-08-29,VIL-003,Diamond Harbour,South 24 Parganas,West Bengal,6.3,0.51,0.153,113.3,3.8,31.7,65.4,0,0,2,3.8,1.79,0.00134,55,1
2024-08-30,VIL-003,Diamond Harbour,South 24 Parganas,West Bengal,6.09,6.35,0.285,16.0,0.0,34.0,97.0,4,8,4,3.8,2.57,0.01676,45,1
2024-08-31,VIL-003,Diamond Harbour,South 24 Parganas,West Bengal,7.89,6.01,0.613,1.2,25.5,24.9,99.0,1,1,1,29.3,3.35,0.27864,25,0
2024-09-01,VIL-003,Diamond Harbour,South 24 Parganas,West Bengal,6.53,0.2,0.416,82.5,23.1,27.7,70.8,3,4,6,48.6,3.23,0.00498,0,0
2024-09-02,VIL-003,Diamond Harbour,South 24 Parganas,West Bengal,6.9,1.9,0.428,259.7,1.6,30.7,76.1,4,1,1,50.2,2.93,0.00164,50,1
2024-09-03,VIL-003,Diamond Harbour,South 24 Parganas,West Bengal,7.89,0.28,0.489,85.5,0.4,33.6,72.7,4,5,2,25.1,2.63,0.00565,0,0
2024-09-04,VIL-003,Diamond Harbour,South 24 Parganas,West Bengal,6.13,6.16,0.193,139.0,0.0,28.4,88.3,2,2,6,2.0,3.06,0.00138,80,2
2024-09-05,VIL-003,Diamond Harbour,South 24 Parganas,West Bengal,8.0,5.24,0.066,101.7,0.0,28.7,90.7,0,0,0,0.4,3.73,0.00064,95,2
2024-09-06,VIL-003,Diamond Harbour,South 24 Parganas,West Bengal,6.95,9.1,0.034,62.6,0.0,31.7,53.7,2,4,8,0.0,4.13,0.00053,60,1
2024-09-07,VIL-003,Diamond Harbour,South 24 Parganas,West Bengal,6.41,1.06,0.392,115.3,4.3,24.5,80.7,1,1,1,4.3,3.42,0.00337,35,1
2024-09-08,VIL-003,Diamond Harbour,South 24 Parganas,West Bengal,6.95,2.39,0.528,158.1,1.7,35.4,59.3,6,3,4,6.0,3.73,0.00332,35,1
2024-09-09,VIL-003,Diamond Harbour,South 24 Parganas,West Bengal,6.67,0.8,0.514,23.2,21.6,25.5,96.1,3,4,1,27.6,3.58,0.02124,0,0
2024-09-10,VIL-003,Diamond Harbour,South 24 Parganas,West Bengal,7.36,1.82,0.2,37.3,23.0,21.3,80.3,2,4,5,46.3,3.8,0.00522,0,0
2024-09-11,VIL-003,Diamond Harbour,South 24 Parganas,West Bengal,6.71,2.9,0.594,23.0,0.0,29.0,65.1,1,2,2,44.6,3.33,0.02475,0,0
2024-09-12,VIL-003,Diamond Harbour,South 24 Parganas,West Bengal,5.95,0.21,0.718,54.8,0.0,35.8,72.1,2,0,0,23.0,2.61,0.01287,0,0
2024-09-13,VIL-003,Diamond Harbour,South 24 Parganas,West Bengal,6.97,4.92,0.459,196.9,0.0,31.3,71.5,3,2,4,0.0,2.01,0.00232,60,1
2024-09-14,VIL-003,Diamond Harbour,South 24 Parganas,West Bengal,6.29,3.07,0.618,38.5,0.0,32.0,81.3,6,1,1,0.0,2.3,0.01565,0,0
2024-09-15,VIL-003,Diamond Harbour,South 24 Parganas,West Bengal,7.22,6.92,0.507,42.7,0.0,29.2,87.5,1,6,3,0.0,2.95,0.0116,45,1
2024-09-16,VIL-003,Diamond Harbour,South 24 Parganas,West Bengal,6.39,1.24,0.309,179.2,29.9,28.4,61.2,0,3,4,29.9,3.01,0.00171,35,1
2024-09-17,VIL-003,Diamond Harbour,South 24 Parganas,West Bengal,6.81,9.16,0.23,65.9,0.0,22.8,97.1,5,2,4,29.9,4.06,0.00344,25,0
2024-09-18,VIL-003,Diamond Harbour,South 24 Parganas,West Bengal,7.21,26.03,0.06,69.8,0.0,20.0,94.3,1,1,2,29.9,7.36,0.00085,60,1
2024-09-19,VIL-003,Diamond Harbour,South 24 Parganas,West Bengal,6.97,9.87,0.27,179.4,0.0,29.8,64.5,4,2,0,0.0,8.74,0.0015,60,1
2024-09-20,VIL-003,Diamond Harbour,South 24 Parganas,West Bengal,7.25,5.9,0.307,61.4,0.0,34.3,75.9,4,3,2,0.0,8.88,0.00492,25,0
2024-09-21,VIL-003,Diamond Harbour,South 24 Parganas,West Bengal,7.51,6.56,0.311,104.1,42.5,30.4,95.5,5,6,1,42.5,9.38,0.00296,80,2
2024-09-22,VIL-003,Diamond Harbour,South 24 Parganas,West Bengal,6.41,3.34,0.33,8.1,0.0,31.5,89.8,2,1,6,42.5,8.87,0.03626,0,0
2024-09-23,VIL-003,Diamond Harbour,South 24 Parganas,West Bengal,7.06,0.83,0.0,17.9,0.0,35.3,71.0,3,0,3,42.5,8.81,0.0,35,1
2024-09-24,VIL-003,Diamond Harbour,South 24 Parganas,West Bengal,5.1,4.43,0.49,47.2,0.0,30.3,84.8,2,5,2,0.0,8.14,0.01017,25,0
2024-09-25,VIL-003,Diamond Harbour,South 24 Parganas,West Bengal,7.25,4.89,0.511,62.1,0.0,28.5,99.0,3,1,1,0.0,5.12,0.0081,25,0
2024-09-26,VIL-003,Diamond Harbour,South 24 Parganas,West Bengal,6.92,16.56,0.417,307.0,20.4,25.7,76.3,3,4,2,20.4,6.07,0.00135,60,1
2024-09-27,VIL-003,Diamond Harbour,South 24 Parganas,West Bengal,6.51,3.06,0.14,321.1,0.0,37.1,67.4,5,4,3,20.4,5.67,0.00043,70,2
2024-09-28,VIL-003,Diamond Harbour,South 24 Parganas,West Bengal,7.29,1.24,0.416,173.4,55.4,31.1,77.1,1,5,6,75.8,4.91,0.00239,50,1
2024-09-29,VIL-003,Diamond Harbour,South 24 Parganas,West Bengal,7.8,4.51,0.354,34.5,10.8,25.2,78.0,3,2,1,66.2,5.07,0.00997,40,1
2024-09-30,VIL-003,Diamond Harbour,South 24 Parganas,West Bengal,6.81,15.21,0.435,302.6,0.0,24.3,68.7,6,3,0,66.2,7.13,0.00143,75,2
2024-10-01,VIL-003,Diamond Harbour,South 24 Parganas,West Bengal,6.53,0.76,0.629,106.4,2.1,34.0,80.3,4,2,5,12.9,6.6,0.00586,35,1
2024-10-02,VIL-003,Diamond Harbour,South 24 Parganas,West Bengal,7.2,1.55,0.318,45.4,0.0,24.9,59.9,2,3,1,2.1,6.13,0.00685,0,0
2024-10-03,VIL-003,Diamond Harbour,South 24 Parganas,West Bengal,6.3,3.06,0.383,110.1,0.0,36.4,67.0,5,3,4,2.1,4.2,0.00345,35,1
2024-10-04,VIL-003,Diamond Harbour,South 24 Parganas,West Bengal,6.7,0.73,0.194,1.5,1.8,18.0,84.1,0,5,4,1.8,3.87,0.0776,20,0
2024-10-05,VIL-003,Diamond Harbour,South 24 Parganas,West Bengal,7.83,0.2,0.516,14.4,0.0,34.7,53.9,3,1,5,1.8,3.72,0.03351,0,0
2024-10-06,VIL-003,Diamond Harbour,South 24 Parganas,West Bengal,7.14,1.61,0.476,161.1,0.0,30.9,85.8,5,3,2,1.8,3.3,0.00294,35,1
2024-10-07,VIL-003,Diamond Harbour,South 24 Parganas,West Bengal,5.97,7.86,0.389,94.4,23.3,29.5,50.9,6,6,3,23.3,2.25,0.00408,45,1
2024-10-08,VIL-003,Diamond Harbour,South 24 Parganas,West Bengal,6.02,0.2,0.16,41.2,0.0,28.3,54.2,2,4,2,23.3,2.17,0.00379,20,0
2024-10-09,VIL-003,Diamond Harbour,South 24 Parganas,West Bengal,7.2,2.2,0.227,63.2,0.0,36.6,69.0,4,2,3,23.3,2.27,0.00354,0,0
2024-10-10,VIL-003,Diamond Harbour,South 24 Parganas,West Bengal,7.62,5.63,0.02,214.3,0.0,31.8,78.4,5,5,3,0.0,2.63,9e-05,95,2
2024-10-11,VIL-003,Diamond Harbour,South 24 Parganas,West Bengal,6.13,12.0,0.225,90.9,0.0,25.4,90.9,1,0,5,0.0,4.24,0.00245,25,0
2024-10-12,VIL-003,Diamond Harbour,South 24 Parganas,West Bengal,7.37,16.59,0.478,46.2,0.0,22.1,75.7,4,3,1,0.0,6.58,0.01013,25,0
2024-10-13,VIL-003,Diamond Harbour,South 24 Parganas,West Bengal,7.9,2.15,0.421,11.7,0.0,29.7,72.0,3,5,3,0.0,6.66,0.03315,0,0
2024-10-14,VIL-003,Diamond Harbour,South 24 Parganas,West Bengal,8.23,11.77,0.379,31.6,0.0,29.0,82.0,6,6,6,0.0,7.22,0.01163,45,1
2024-10-15,VIL-003,Diamond Harbour,South 24 Parganas,West Bengal,7.3,0.2,0.617,348.7,0.2,22.9,64.5,3,2,4,0.2,7.22,0.00176,35,1
2024-10-16,VIL-003,Diamond Harbour,South 24 Parganas,West Bengal,7.4,5.37,0.405,52.3,0.0,28.8,76.7,1,4,2,0.2,7.67,0.0076,25,0
2024-10-17,VIL-003,Diamond Harbour,South 24 Parganas,West Bengal,5.82,4.03,0.246,58.1,12.4,26.7,60.6,3,5,5,12.6,7.44,0.00416,25,0
2024-10-18,VIL-003,Diamond Harbour,South 24 Parganas,West Bengal,8.36,1.13,0.224,62.8,0.0,29.0,76.0,4,1,0,12.4,5.89,0.00351,0,0
2024-10-19,VIL-003,Diamond Harbour,South 24 Parganas,West Bengal,6.75,2.77,0.308,196.1,0.0,31.9,73.4,3,4,3,12.4,3.92,0.00156,35,1
2024-10-20,VIL-003,Diamond Harbour,South 24 Parganas,West Bengal,6.54,0.54,0.269,84.3,0.0,35.0,65.3,1,3,5,0.0,3.69,0.00315,0,0
2024-10-21,VIL-003,Diamond Harbour,South 24 Parganas,West Bengal,6.95,8.05,0.522,107.7,3.7,32.6,77.0,0,6,6,3.7,3.16,0.0048,80,2
2024-10-22,VIL-003,Diamond Harbour,South 24 Parganas,West Bengal,8.01,1.74,0.426,44.9,0.0,26.1,76.9,9,3,2,3.7,3.38,0.00928,0,0
2024-10-23,VIL-003,Diamond Harbour,South 24 Parganas,West Bengal,8.42,3.86,0.292,2.7,28.0,30.5,89.1,1,1,4,31.7,3.16,0.07892,0,0
2024-10-24,VIL-003,Diamond Harbour,South 24 Parganas,West Bengal,7.18,0.68,0.299,243.3,0.0,29.3,55.7,4,3,5,28.0,2.68,0.00122,35,1
2024-10-25,VIL-003,Diamond Harbour,South 24 Parganas,West Bengal,7.7,0.91,0.477,271.0,0.0,23.7,74.1,1,4,1,28.0,2.65,0.00175,35,1
2024-10-26,VIL-003,Diamond Harbour,South 24 Parganas,West Bengal,7.13,18.91,0.532,271.1,0.0,30.6,65.9,3,3,4,0.0,4.96,0.00196,60,1
2024-10-27,VIL-003,Diamond Harbour,South 24 Parganas,West Bengal,6.48,5.48,0.018,261.8,5.1,36.4,85.4,1,1,3,5.1,5.66,7e-05,95,2
2024-10-28,VIL-003,Diamond Harbour,South 24 Parganas,West Bengal,7.99,12.82,0.319,153.7,0.0,29.1,84.0,1,0,6,5.1,6.34,0.00206,60,1
2024-10-29,VIL-003,Diamond Harbour,South 24 Parganas,West Bengal,6.73,1.38,0.366,105.0,0.0,22.6,81.1,1,9,3,5.1,6.29,0.00345,55,1
2024-10-30,VIL-003,Diamond Harbour,South 24 Parganas,West Bengal,8.02,0.7,0.449,169.4,0.0,29.1,66.6,1,1,1,0.0,5.84,0.00263,35,1
2024-10-31,VIL-003,Diamond Harbour,South 24 Parganas,West Bengal,7.88,2.74,0.37,83.5,0.0,24.1,85.6,1,4,3,0.0,6.13,0.00438,0,0
2024-11-01,VIL-003,Diamond Harbour,South 24 Parganas,West Bengal,7.47,2.68,0.423,13.1,69.7,32.5,56.6,3,1,4,69.7,6.39,0.03,15,0
2024-11-02,VIL-003,Diamond Harbour,South 24 Parganas,West Bengal,8.2,0.75,0.307,45.2,0.0,31.1,54.2,2,3,3,69.7,3.79,0.00665,15,0
2024-11-03,VIL-003,Diamond Harbour,South 24 Parganas,West Bengal,8.44,5.18,0.205,323.1,0.0,28.3,59.7,9,1,1,69.7,3.75,0.00063,90,2
2024-11-04,VIL-003,Diamond Harbour,South 24 Parganas,West Bengal,6.99,1.76,0.491,39.4,0.0,27.7,74.6,2,1,0,0.0,2.17,0.01215,0,0
2024-11-05,VIL-003,Diamond Harbour,South 24 Parganas,West Bengal,6.61,0.81,0.497,184.2,0.0,28.2,83.1,5,1,9,0.0,2.09,0.00268,35,1
2024-11-06,VIL-003,Diamond Harbour,South 24 Parganas,West Bengal,5.98,1.58,0.467,8.9,9.0,29.0,39.3,3,1,1,9.0,2.21,0.04717,0,0
2024-11-07,VIL-003,Diamond Harbour,South 24 Parganas,West Bengal,8.45,3.25,0.499,37.0,0.0,25.9,90.9,2,1,4,9.0,2.29,0.01313,0,0
2024-11-08,VIL-003,Diamond Harbour,South 24 Parganas,West Bengal,6.84,5.08,0.175,39.3,1.7,23.4,76.6,3,3,1,10.7,2.63,0.00434,45,1
2024-11-09,VIL-003,Diamond Harbour,South 24 Parganas,West Bengal,7.78,2.58,0.259,4.8,0.0,33.6,56.2,3,2,3,1.7,2.89,0.04466,0,0
2024-11-10,VIL-003,Diamond Harbour,South 24 Parganas,West Bengal,6.66,2.92,0.552,11.5,0.0,27.5,76.2,3,9,1,1.7,2.57,0.04416,20,0
2024-11-11,VIL-003,Diamond Harbour,South 24 Parganas,West Bengal,8.02,0.59,0.414,19.5,0.0,29.7,88.1,2,2,1,0.0,2.4,0.0202,0,0
2024-11-12,VIL-003,Diamond Harbour,South 24 Parganas,West Bengal,6.68,9.65,0.36,165.5,0.0,30.1,82.2,5,5,1,0.0,3.66,0.00216,60,1
2024-11-13,VIL-003,Diamond Harbour,South 24 Parganas,West Bengal,6.38,10.35,0.305,6.0,3.7,30.3,88.2,3,3,1,3.7,4.92,0.04357,25,0
2024-11-14,VIL-003,Diamond Harbour,South 24 Parganas,West Bengal,6.97,4.51,0.578,32.3,18.1,24.3,58.6,2,2,1,21.8,5.1,0.01736,25,0
2024-11-15,VIL-003,Diamond Harbour,South 24 Parganas,West Bengal,6.78,0.2,0.031,0.9,16.1,22.3,70.0,3,3,3,37.9,4.4,0.01632,20,0
2024-11-16,VIL-003,Diamond Harbour,South 24 Parganas,West Bengal,7.46,3.02,0.403,108.2,19.0,26.6,63.9,4,3,2,53.2,4.46,0.00369,50,1
2024-11-17,VIL-003,Diamond Harbour,South 24 Parganas,West Bengal,7.07,3.89,0.338,88.1,0.0,30.6,95.6,4,3,9,35.1,4.6,0.00379,0,0
2024-11-18,VIL-003,Diamond Harbour,South 24 Parganas,West Bengal,7.48,20.51,0.125,94.2,14.3,26.1,82.7,1,2,2,33.3,7.45,0.00131,45,1
2024-11-19,VIL-003,Diamond Harbour,South 24 Parganas,West Bengal,6.93,21.71,0.641,42.7,0.0,27.6,99.0,0,5,5,14.3,9.17,0.01467,25,0
2024-11-20,VIL-003,Diamond Harbour,South 24 Parganas,West Bengal,6.7,7.64,0.0,21.3,0.0,37.5,69.4,4,3,3,14.3,8.78,0.0,60,1
2024-11-21,VIL-003,Diamond Harbour,South 24 Parganas,West Bengal,6.75,0.26,0.372,115.9,0.0,21.6,66.3,4,2,2,0.0,8.18,0.00318,35,1
2024-11-22,VIL-003,Diamond Harbour,South 24 Parganas,West Bengal,8.33,12.01,0.445,151.7,0.0,26.0,73.3,3,3,3,0.0,9.86,0.00291,60,1
2024-11-23,VIL-003,Diamond Harbour,South 24 Parganas,West Bengal,7.24,3.72,0.174,13.6,22.4,36.6,91.5,3,4,3,22.4,9.96,0.01192,20,0
2024-11-24,VIL-003,Diamond Harbour,South 24 Parganas,West Bengal,5.91,6.33,0.4,60.7,16.8,28.8,70.6,1,4,3,39.2,10.31,0.00648,25,0
2024-11-25,VIL-003,Diamond Harbour,South 24 Parganas,West Bengal,6.79,2.05,0.31,26.0,33.6,26.2,76.5,2,1,2,72.8,7.67,0.01148,15,0
2024-11-26,VIL-003,Diamond Harbour,South 24 Parganas,West Bengal,7.16,1.51,0.528,16.7,0.0,33.7,76.2,0,0,5,50.4,4.79,0.02983,15,0
2024-11-27,VIL-003,Diamond Harbour,South 24 Parganas,West Bengal,8.21,2.44,0.982,120.6,0.0,29.2,75.5,2,4,3,33.6,4.05,0.00808,35,1
2024-11-28,VIL-003,Diamond Harbour,South 24 Parganas,West Bengal,7.72,0.62,0.411,70.3,24.5,27.6,67.2,4,4,2,24.5,4.1,0.00576,0,0
2024-11-29,VIL-003,Diamond Harbour,South 24 Parganas,West Bengal,6.55,1.73,0.459,22.2,0.0,29.8,73.4,2,3,3,24.5,2.63,0.01978,0,0
2024-11-30,VIL-003,Diamond Harbour,South 24 Parganas,West Bengal,8.55,7.64,0.174,33.8,1.8,26.4,72.8,3,3,4,26.3,3.19,0.005,45,1
2024-12-01,VIL-003,Diamond Harbour,South 24 Parganas,West Bengal,7.08,0.2,0.389,309.5,0.0,24.9,74.9,2,1,4,1.8,2.31,0.00125,35,1
2024-12-02,VIL-003,Diamond Harbour,South 24 Parganas,West Bengal,7.85,0.64,0.283,171.8,0.0,28.5,86.3,4,2,1,1.8,2.11,0.00164,35,1
2024-12-03,VIL-003,Diamond Harbour,South 24 Parganas,West Bengal,6.41,0.52,0.49,192.9,0.0,25.0,96.1,5,0,0,0.0,1.97,0.00253,35,1
2024-12-04,VIL-003,Diamond Harbour,South 24 Parganas,West Bengal,5.66,2.02,0.093,56.1,0.0,29.0,64.9,4,2,4,0.0,1.91,0.00163,20,0
2024-12-05,VIL-003,Diamond Harbour,South 24 Parganas,West Bengal,6.25,22.75,0.157,89.0,0.0,30.4,70.3,4,4,4,0.0,5.07,0.00174,45,1
2024-12-06,VIL-003,Diamond Harbour,South 24 Parganas,West Bengal,5.15,0.75,0.562,43.0,0.0,32.4,65.1,3,2,3,0.0,4.93,0.01277,0,0
2024-12-07,VIL-003,Diamond Harbour,South 24 Parganas,West Bengal,8.37,0.62,0.388,7.4,5.8,33.5,77.2,2,3,3,5.8,3.93,0.04619,0,0
2024-12-08,VIL-003,Diamond Harbour,South 24 Parganas,West Bengal,7.23,9.67,0.588,46.6,0.0,27.4,68.5,5,2,1,5.8,5.28,0.01235,25,0
2024-12-09,VIL-003,Diamond Harbour,South 24 Parganas,West Bengal,6.55,8.38,0.415,82.0,0.0,31.0,77.9,4,4,2,5.8,6.39,0.005,25,0
2024-12-10,VIL-003,Diamond Harbour,South 24 Parganas,West Bengal,7.37,0.2,0.442,30.8,10.2,31.0,88.2,2,5,0,10.2,6.34,0.0139,0,0
2024-12-11,VIL-003,Diamond Harbour,South 24 Parganas,West Bengal,7.21,5.46,0.294,171.4,0.0,30.3,44.7,3,4,2,10.2,6.83,0.00171,60,1
2024-12-12,VIL-003,Diamond Harbour,South 24 Parganas,West Bengal,7.47,4.18,0.315,14.9,12.6,27.1,80.9,3,4,4,22.8,4.18,0.01981,25,0
2024-12-13,VIL-003,Diamond Harbour,South 24 Parganas,West Bengal,7.83,5.72,0.524,41.6,30.3,24.9,69.5,5,3,2,42.9,4.89,0.0123,25,0
2024-12-14,VIL-003,Diamond Harbour,South 24 Parganas,West Bengal,6.93,2.67,0.324,12.1,0.0,31.0,80.5,5,2,3,42.9,5.18,0.02473,0,0
2024-12-15,VIL-003,Diamond Harbour,South 24 Parganas,West Bengal,6.57,18.63,0.563,47.2,0.0,22.2,64.2,3,5,2,30.3,6.46,0.01168,25,0
2024-12-16,VIL-003,Diamond Harbour,South 24 Parganas,West Bengal,7.6,0.2,0.33,3.7,1.9,27.9,89.4,3,4,4,1.9,5.29,0.07021,0,0
2024-12-17,VIL-003,Diamond Harbour,South 24 Parganas,West Bengal,7.58,1.05,0.138,29.0,0.0,18.8,86.0,1,2,5,1.9,5.42,0.0046,20,0
2024-12-18,VIL-003,Diamond Harbour,South 24 Parganas,West Bengal,7.16,1.98,0.121,46.6,0.0,23.7,81.8,5,3,4,1.9,4.92,0.00254,20,0
2024-12-19,VIL-003,Diamond Harbour,South 24 Parganas,West Bengal,8.41,2.34,0.319,59.2,2.4,25.5,84.5,4,3,4,2.4,4.66,0.0053,0,0
2024-12-20,VIL-003,Diamond Harbour,South 24 Parganas,West Bengal,6.84,9.97,0.515,71.4,0.0,33.4,66.1,2,5,3,2.4,5.26,0.00711,25,0
2024-12-21,VIL-003,Diamond Harbour,South 24 Parganas,West Bengal,6.56,3.22,0.23,29.3,0.0,31.8,67.6,4,5,2,2.4,5.34,0.00759,0,0
2024-12-22,VIL-003,Diamond Harbour,South 24 Parganas,West Bengal,7.35,0.2,0.482,67.4,14.5,26.8,84.0,2,3,5,14.5,2.71,0.00705,0,0
2024-12-23,VIL-003,Diamond Harbour,South 24 Parganas,West Bengal,6.7,2.05,0.368,64.7,0.0,31.9,65.8,3,3,4,14.5,2.97,0.0056,0,0
2024-12-24,VIL-003,Diamond Harbour,South 24 Parganas,West Bengal,7.4,2.11,0.459,34.6,81.8,32.6,92.3,1,1,2,96.3,3.12,0.01289,15,0
2024-12-25,VIL-003,Diamond Harbour,South 24 Parganas,West Bengal,6.6,13.2,0.298,161.4,0.0,28.4,71.1,1,5,3,81.8,4.73,0.00183,75,2
2024-12-26,VIL-003,Diamond Harbour,South 24 Parganas,West Bengal,6.86,3.58,0.383,71.8,0.0,23.5,81.0,1,4,3,81.8,4.9,0.00526,15,0
2024-12-27,VIL-003,Diamond Harbour,South 24 Parganas,West Bengal,8.23,3.96,0.519,36.8,25.3,28.2,99.0,3,2,5,25.3,4.05,0.01373,0,0
2024-12-28,VIL-003,Diamond Harbour,South 24 Parganas,West Bengal,6.86,4.9,0.347,267.9,0.0,28.6,66.5,3,4,5,25.3,4.29,0.00129,60,1
2024-12-29,VIL-003,Diamond Harbour,South 24 Parganas,West Bengal,6.62,5.76,0.256,169.7,0.0,24.1,75.8,6,2,3,25.3,5.08,0.0015,60,1
2024-12-30,VIL-003,Diamond Harbour,South 24 Parganas,West Bengal,7.8,3.95,0.023,368.6,25.7,30.5,87.7,4,3,3,25.7,5.35,6e-05,70,2
2024-12-31,VIL-003,Diamond Harbour,South 24 Parganas,West Bengal,6.47,1.06,0.447,107.2,0.0,30.1,86.4,1,1,1,25.7,5.2,0.00413,35,1
2025-01-01,VIL-003,Diamond Harbour,South 24 Parganas,West Bengal,6.68,8.12,0.211,43.2,2.6,30.8,71.1,4,1,5,28.3,4.48,0.00477,25,0
2025-01-02,VIL-003,Diamond Harbour,South 24 Parganas,West Bengal,7.45,5.16,0.256,30.0,0.0,30.1,68.8,5,1,4,2.6,4.7,0.00826,25,0
2025-01-03,VIL-003,Diamond Harbour,South 24 Parganas,West Bengal,7.66,5.31,0.157,99.1,0.0,31.9,72.2,2,3,2,2.6,4.89,0.00157,45,1
2025-01-04,VIL-003,Diamond Harbour,South 24 Parganas,West Bengal,7.83,22.23,0.309,359.8,0.0,28.3,92.4,5,3,4,0.0,7.37,0.00086,75,2
2025-01-05,VIL-003,Diamond Harbour,South 24 Parganas,West Bengal,6.65,6.36,0.728,89.7,0.0,29.8,71.7,1,6,2,0.0,7.46,0.00803,45,1
2025-01-06,VIL-003,Diamond Harbour,South 24 Parganas,West Bengal,7.46,6.93,0.413,194.2,0.0,27.4,75.9,4,4,3,0.0,7.88,0.00212,60,1
2025-01-07,VIL-003,Diamond Harbour,South 24 Parganas,West Bengal,6.82,11.86,0.234,36.3,0.0,26.7,69.9,7,1,1,0.0,9.42,0.00627,25,0
2025-01-08,VIL-003,Diamond Harbour,South 24 Parganas,West Bengal,6.74,0.64,0.268,47.5,0.0,34.4,83.5,3,4,1,0.0,8.36,0.00553,0,0
2025-01-09,VIL-003,Diamond Harbour,South 24 Parganas,West Bengal,7.82,2.7,0.091,215.4,0.0,20.8,76.9,2,5,1,0.0,8.0,0.00042,70,2
2025-01-10,VIL-003,Diamond Harbour,South 24 Parganas,West Bengal,6.77,3.41,0.146,128.7,0.0,32.5,63.0,2,2,3,0.0,7.73,0.00113,55,1
2025-01-11,VIL-003,Diamond Harbour,South 24 Parganas,West Bengal,7.27,1.57,0.118,362.6,9.3,26.5,63.4,3,5,3,9.3,4.78,0.00032,70,2
2025-01-12,VIL-003,Diamond Harbour,South 24 Parganas,West Bengal,7.19,7.17,0.399,135.6,0.0,26.0,51.0,4,1,6,9.3,4.9,0.00292,60,1
2025-01-13,VIL-003,Diamond Harbour,South 24 Parganas,West Bengal,6.46,5.63,0.43,54.2,0.0,30.0,65.0,5,4,4,9.3,4.71,0.00779,25,0
2025-01-14,VIL-003,Diamond Harbour,South 24 Parganas,West Bengal,7.68,5.0,0.364,68.9,0.0,23.0,84.5,9,7,1,0.0,3.73,0.00521,45,1
2025-01-15,VIL-003,Diamond Harbour,South 24 Parganas,West Bengal,7.44,22.97,0.417,210.0,0.0,25.7,90.9,1,3,4,0.0,6.92,0.00198,60,1
2025-01-16,VIL-003,Diamond Harbour,South 24 Parganas,West Bengal,5.91,1.18,0.212,73.0,19.4,25.6,83.2,5,2,5,19.4,6.7,0.00286,0,0
2025-01-17,VIL-003,Diamond Harbour,South 24 Parganas,West Bengal,7.27,5.21,0.143,26.8,0.0,28.1,81.7,4,2,2,19.4,6.96,0.00514,45,1
2025-01-18,VIL-003,Diamond Harbour,South 24 Parganas,West Bengal,6.64,3.14,0.142,52.1,0.4,25.8,73.5,8,3,5,19.8,7.19,0.00267,20,0
2025-01-19,VIL-003,Diamond Harbour,South 24 Parganas,West Bengal,7.76,1.47,0.134,66.1,0.0,35.4,84.3,2,4,1,0.4,6.37,0.002,20,0
2025-01-20,VIL-003,Diamond Harbour,South 24 Parganas,West Bengal,6.23,0.69,0.415,9.3,0.0,36.2,78.4,1,5,4,0.4,5.67,0.04029,0,0
2025-01-21,VIL-003,Diamond Harbour,South 24 Parganas,West Bengal,6.89,8.87,0.712,123.9,0.0,20.9,96.7,4,9,7,0.0,6.22,0.0057,80,2
2025-01-22,VIL-003,Diamond Harbour,South 24 Parganas,West Bengal,7.32,3.55,0.161,10.5,0.0,31.2,73.8,4,1,3,0.0,3.44,0.014,20,0
2025-01-23,VIL-003,Diamond Harbour,South 24 Parganas,West Bengal,7.13,6.83,0.288,47.2,0.0,32.4,91.1,3,5,2,0.0,4.25,0.00598,25,0
2025-01-24,VIL-003,Diamond Harbour,South 24 Parganas,West Bengal,7.56,3.09,0.387,148.6,0.0,31.2,85.5,1,4,2,0.0,3.95,0.00259,35,1
2025-01-25,VIL-003,Diamond Harbour,South 24 Parganas,West Bengal,6.19,0.97,0.3,57.4,0.0,26.4,83.8,3,8,3,0.0,3.64,0.00514,20,0
2025-01-26,VIL-003,Diamond Harbour,South 24 Parganas,West Bengal,8.09,1.61,0.41,167.9,18.4,28.0,50.9,1,2,4,18.4,3.66,0.00243,35,1
2025-01-27,VIL-003,Diamond Harbour,South 24 Parganas,West Bengal,7.42,1.88,0.246,38.1,0.0,26.0,86.2,1,1,5,18.4,3.83,0.00629,0,0
2025-01-28,VIL-003,Diamond Harbour,South 24 Parganas,West Bengal,7.92,14.15,0.228,287.7,0.0,27.3,73.5,4,4,9,18.4,4.58,0.00079,75,2
2025-01-29,VIL-003,Diamond Harbour,South 24 Parganas,West Bengal,7.62,0.2,0.317,21.4,0.0,24.2,69.7,1,4,1,0.0,4.1,0.01415,0,0
2025-01-30,VIL-003,Diamond Harbour,South 24 Parganas,West Bengal,7.09,16.64,0.409,3.6,0.0,28.5,57.2,5,3,5,0.0,5.51,0.08891,25,0
2025-01-31,VIL-003,Diamond Harbour,South 24 Parganas,West Bengal,6.33,15.43,0.581,187.4,0.0,23.0,74.9,1,1,4,0.0,7.27,0.00308,60,1
2025-02-01,VIL-003,Diamond Harbour,South 24 Parganas,West Bengal,6.76,21.79,0.418,127.0,20.6,28.2,75.4,2,3,8,20.6,10.24,0.00327,60,1
2025-02-02,VIL-003,Diamond Harbour,South 24 Parganas,West Bengal,8.05,2.54,0.305,24.0,50.0,24.0,59.4,3,1,2,70.6,10.38,0.0122,15,0
2025-02-03,VIL-003,Diamond Harbour,South 24 Parganas,West Bengal,7.93,13.01,0.5,380.6,0.0,29.8,57.3,4,1,1,70.6,11.97,0.00131,75,2
2025-02-04,VIL-003,Diamond Harbour,South 24 Parganas,West Bengal,6.73,1.97,0.53,63.5,5.3,26.3,80.8,3,4,4,55.3,10.23,0.00822,15,0
2025-02-05,VIL-003,Diamond Harbour,South 24 Parganas,West Bengal,5.41,0.2,0.295,274.6,2.9,30.2,85.5,6,1,4,8.2,10.23,0.00107,35,1
2025-02-06,VIL-003,Diamond Harbour,South 24 Parganas,West Bengal,6.97,1.0,0.324,64.0,0.0,33.3,77.3,3,5,3,8.2,7.99,0.00498,0,0
2025-02-07,VIL-003,Diamond Harbour,South 24 Parganas,West Bengal,6.93,11.39,0.273,58.1,0.0,35.4,88.8,2,1,1,2.9,7.41,0.00462,25,0
2025-02-08,VIL-003,Diamond Harbour,South 24 Parganas,West Bengal,6.95,0.2,0.498,54.3,0.0,18.9,74.0,2,2,3,0.0,4.33,0.00901,0,0
2025-02-09,VIL-003,Diamond Harbour,South 24 Parganas,West Bengal,7.42,3.1,0.363,37.1,37.4,25.7,74.3,5,3,1,37.4,4.41,0.00953,0,0
2025-02-10,VIL-003,Diamond Harbour,South 24 Parganas,West Bengal,7.63,0.31,0.097,69.4,0.0,27.8,64.0,3,4,1,37.4,2.6,0.00138,20,0
2025-02-11,VIL-003,Diamond Harbour,South 24 Parganas,West Bengal,7.69,1.32,0.423,54.8,0.0,30.8,56.3,6,3,4,37.4,2.5,0.00758,0,0
2025-02-12,VIL-003,Diamond Harbour,South 24 Parganas,West Bengal,7.37,0.36,0.618,3.4,7.6,22.4,97.3,2,6,1,7.6,2.53,0.14045,20,0
2025-02-13,VIL-003,Diamond Harbour,South 24 Parganas,West Bengal,6.02,7.69,0.632,27.5,0.0,25.1,88.6,3,3,5,7.6,3.48,0.02218,25,0
2025-02-14,VIL-003,Diamond Harbour,South 24 Parganas,West Bengal,6.9,3.51,0.264,21.8,0.0,29.5,58.3,3,2,1,7.6,2.36,0.01158,0,0
2025-02-15,VIL-003,Diamond Harbour,South 24 Parganas,West Bengal,8.48,9.11,0.225,183.9,0.0,29.3,76.9,3,2,2,0.0,3.63,0.00122,60,1
2025-02-16,VIL-003,Diamond Harbour,South 24 Parganas,West Bengal,7.32,4.57,0.692,83.1,14.3,30.5,73.8,2,5,3,14.3,3.84,0.00823,25,0
2025-02-17,VIL-003,Diamond Harbour,South 24 Parganas,West Bengal,7.32,13.88,0.632,131.3,0.0,30.8,71.7,3,3,4,14.3,5.78,0.00478,60,1
2025-02-18,VIL-003,Diamond Harbour,South 24 Parganas,West Bengal,7.32,2.8,0.434,286.0,20.2,30.4,70.1,3,6,3,34.5,5.99,0.00151,55,1
2025-02-19,VIL-003,Diamond Harbour,South 24 Parganas,West Bengal,7.35,3.99,0.042,94.0,6.3,29.8,79.6,4,2,6,26.5,6.51,0.00044,35,1
2025-02-20,VIL-003,Diamond Harbour,South 24 Parganas,West Bengal,5.67,3.37,0.241,368.7,0.0,29.2,84.8,6,3,3,26.5,5.89,0.00065,50,1
2025-02-21,VIL-003,Diamond Harbour,South 24 Parganas,West Bengal,6.96,2.6,0.153,34.0,0.0,31.7,79.8,1,3,2,6.3,5.76,0.00437,20,0
2025-02-22,VIL-003,Diamond Harbour,South 24 Parganas,West Bengal,7.08,7.33,0.676,18.8,0.0,20.0,73.6,1,3,2,0.0,5.51,0.03414,25,0
2025-02-23,VIL-003,Diamond Harbour,South 24 Parganas,West Bengal,7.87,4.05,0.075,47.0,0.0,35.2,73.1,2,2,5,0.0,5.43,0.00156,45,1
2025-02-24,VIL-003,Diamond Harbour,South 24 Parganas,West Bengal,7.13,6.33,0.675,57.9,14.6,20.2,86.2,4,3,3,14.6,4.35,0.01146,25,0
2025-02-25,VIL-003,Diamond Harbour,South 24 Parganas,West Bengal,6.11,6.05,0.331,205.4,0.0,24.7,80.6,5,3,6,14.6,4.82,0.0016,60,1
2025-02-26,VIL-003,Diamond Harbour,South 24 Parganas,West Bengal,7.36,0.83,0.134,74.7,4.3,28.1,75.9,1,4,2,18.9,4.37,0.00177,20,0
2025-02-27,VIL-003,Diamond Harbour,South 24 Parganas,West Bengal,6.62,4.12,0.528,31.4,0.0,31.7,74.6,1,6,3,4.3,4.47,0.0163,45,1
2025-02-28,VIL-003,Diamond Harbour,South 24 Parganas,West Bengal,6.37,0.87,0.463,123.5,0.0,17.0,79.1,3,1,3,4.3,4.23,0.00372,35,1
2025-03-01,VIL-003,Diamond Harbour,South 24 Parganas,West Bengal,6.6,3.43,0.122,64.1,0.0,28.9,69.4,4,1,3,0.0,3.67,0.00187,20,0
2025-03-02,VIL-003,Diamond Harbour,South 24 Parganas,West Bengal,7.43,4.44,0.345,16.1,0.0,32.2,84.9,3,2,2,0.0,3.72,0.02018,25,0
2025-03-03,VIL-003,Diamond Harbour,South 24 Parganas,West Bengal,7.86,23.09,0.598,78.3,0.0,33.0,62.1,1,4,3,0.0,6.12,0.00754,25,0
2025-03-04,VIL-003,Diamond Harbour,South 24 Parganas,West Bengal,7.39,0.2,0.276,220.5,0.0,26.2,70.1,0,5,3,0.0,5.28,0.00125,35,1
2025-03-05,VIL-003,Diamond Harbour,South 24 Parganas,West Bengal,7.48,0.38,0.652,168.3,0.0,27.8,82.3,4,1,4,0.0,5.22,0.00385,35,1
2025-03-06,VIL-003,Diamond Harbour,South 24 Parganas,West Bengal,7.38,0.31,0.216,80.4,0.0,26.5,61.4,4,1,6,0.0,4.67,0.00265,0,0
2025-03-07,VIL-003,Diamond Harbour,South 24 Parganas,West Bengal,7.16,1.99,0.058,43.1,0.0,27.4,56.1,3,3,1,0.0,4.83,0.00132,20,0
2025-03-08,VIL-003,Diamond Harbour,South 24 Parganas,West Bengal,7.52,6.76,0.358,8.3,0.0,24.9,75.8,2,4,1,0.0,5.31,0.03849,25,0
2025-03-09,VIL-003,Diamond Harbour,South 24 Parganas,West Bengal,5.65,7.28,0.087,57.7,0.0,25.4,54.6,4,3,2,0.0,5.72,0.00148,45,1
2025-03-10,VIL-003,Diamond Harbour,South 24 Parganas,West Bengal,7.17,5.24,0.372,126.9,13.2,30.7,59.4,7,1,4,13.2,3.17,0.00291,60,1
2025-03-11,VIL-003,Diamond Harbour,South 24 Parganas,West Bengal,6.47,8.91,0.351,40.7,4.4,29.5,84.1,2,0,5,17.6,4.41,0.00842,25,0
2025-03-12,VIL-003,Diamond Harbour,South 24 Parganas,West Bengal,7.8,1.53,0.213,24.4,0.0,31.0,72.5,3,4,1,17.6,4.57,0.00839,0,0
2025-03-13,VIL-003,Diamond Harbour,South 24 Parganas,West Bengal,7.01,0.36,0.688,243.8,0.0,29.9,90.4,5,4,1,4.4,4.58,0.00281,35,1
2025-03-14,VIL-003,Diamond Harbour,South 24 Parganas,West Bengal,7.12,0.23,0.349,156.8,0.0,31.8,60.5,4,3,3,0.0,4.33,0.00221,35,1
2025-03-15,VIL-003,Diamond Harbour,South 24 Parganas,West Bengal,6.2,7.49,0.506,92.5,0.0,32.5,73.9,6,2,4,0.0,4.43,0.00541,25,0
2025-03-16,VIL-003,Diamond Harbour,South 24 Parganas,West Bengal,7.71,5.14,0.517,13.4,32.2,22.0,79.8,3,4,3,32.2,4.13,0.0359,25,0
2025-03-17,VIL-003,Diamond Harbour,South 24 Parganas,West Bengal,7.48,4.7,0.667,14.2,0.0,25.6,61.0,3,7,1,32.2,4.05,0.04388,45,1
2025-03-18,VIL-003,Diamond Harbour,South 24 Parganas,West Bengal,7.43,1.63,0.132,9.9,0.0,28.1,87.4,4,2,0,32.2,3.01,0.01211,20,0
2025-03-19,VIL-003,Diamond Harbour,South 24 Parganas,West Bengal,6.61,1.87,0.034,87.2,0.0,28.9,81.1,1,3,4,0.0,3.06,0.00039,35,1
2025-03-20,VIL-003,Diamond Harbour,South 24 Parganas,West Bengal,6.64,12.44,0.66,11.2,0.0,26.3,55.7,2,5,4,0.0,4.79,0.0541,25,0
2025-03-21,VIL-003,Diamond Harbour,South 24 Parganas,West Bengal,7.23,0.26,0.455,168.3,23.1,32.6,74.5,1,4,3,23.1,4.79,0.00269,35,1
2025-03-22,VIL-003,Diamond Harbour,South 24 Parganas,West Bengal,6.68,5.83,0.373,451.1,13.6,36.9,79.6,5,6,2,36.7,4.55,0.00083,95,2
2025-03-23,VIL-003,Diamond Harbour,South 24 Parganas,West Bengal,7.36,1.45,0.326,41.5,0.0,29.7,67.9,1,3,4,36.7,4.03,0.00767,0,0
2025-03-24,VIL-003,Diamond Harbour,South 24 Parganas,West Bengal,5.8,0.2,0.294,55.0,0.0,29.3,57.2,2,3,7,13.6,3.38,0.00525,0,0
2025-03-25,VIL-003,Diamond Harbour,South 24 Parganas,West Bengal,6.81,5.32,0.505,113.2,0.0,32.4,78.3,1,4,2,0.0,3.91,0.00442,60,1
2025-03-26,VIL-003,Diamond Harbour,South 24 Parganas,West Bengal,8.18,1.58,0.09,251.8,0.0,21.5,99.0,5,1,3,0.0,3.87,0.00036,70,2
2025-03-27,VIL-003,Diamond Harbour,South 24 Parganas,West Bengal,7.36,5.02,0.436,204.3,64.8,29.1,70.4,1,2,5,64.8,2.81,0.00212,75,2
2025-03-28,VIL-003,Diamond Harbour,South 24 Parganas,West Bengal,7.2,4.82,0.536,5.4,0.0,32.9,93.8,4,1,4,64.8,3.46,0.08375,40,1
2025-03-29,VIL-003,Diamond Harbour,South 24 Parganas,West Bengal,8.29,3.0,0.484,16.9,0.0,26.4,66.0,3,5,6,64.8,3.06,0.02704,15,0
2025-03-30,VIL-003,Diamond Harbour,South 24 Parganas,West Bengal,5.7,5.89,0.337,127.8,0.0,24.1,77.6,1,1,3,0.0,3.69,0.00262,60,1
2025-03-31,VIL-003,Diamond Harbour,South 24 Parganas,West Bengal,6.61,3.41,0.35,106.3,0.0,28.3,84.3,4,2,3,0.0,4.15,0.00326,35,1
2025-04-01,VIL-003,Diamond Harbour,South 24 Parganas,West Bengal,6.86,1.32,0.581,13.0,0.0,28.8,74.9,1,1,4,0.0,3.58,0.0415,0,0
2025-04-02,VIL-003,Diamond Harbour,South 24 Parganas,West Bengal,7.62,5.19,0.455,63.5,0.0,25.4,71.4,4,5,1,0.0,4.09,0.00705,25,0
2025-04-03,VIL-003,Diamond Harbour,South 24 Parganas,West Bengal,7.63,3.49,0.666,138.1,23.8,37.4,83.7,1,1,2,23.8,3.87,0.00479,35,1
2025-04-04,VIL-003,Diamond Harbour,South 24 Parganas,West Bengal,6.58,0.2,0.036,22.5,24.0,27.1,97.7,2,4,1,47.8,3.21,0.00153,20,0
2025-04-05,VIL-003,Diamond Harbour,South 24 Parganas,West Bengal,7.7,9.09,0.513,186.6,0.0,24.4,78.6,3,3,5,47.8,4.08,0.00273,60,1
2025-04-06,VIL-003,Diamond Harbour,South 24 Parganas,West Bengal,6.86,3.09,0.204,5.0,0.0,28.6,68.8,4,1,1,24.0,3.68,0.034,0,0
2025-04-07,VIL-003,Diamond Harbour,South 24 Parganas,West Bengal,7.83,7.96,0.337,138.7,0.0,32.6,72.7,2,4,2,0.0,4.33,0.00241,60,1
2025-04-08,VIL-003,Diamond Harbour,South 24 Parganas,West Bengal,6.48,8.4,0.598,87.1,0.0,29.1,99.0,3,1,1,0.0,5.35,0.00679,25,0
2025-04-09,VIL-003,Diamond Harbour,South 24 Parganas,West Bengal,7.03,2.31,0.17,34.5,0.0,30.9,76.6,3,4,5,0.0,4.93,0.00479,20,0
2025-04-10,VIL-003,Diamond Harbour,South 24 Parganas,West Bengal,6.81,2.78,0.731,116.1,0.0,25.5,67.9,4,1,1,0.0,4.83,0.00624,35,1
2025-04-11,VIL-003,Diamond Harbour,South 24 Parganas,West Bengal,7.73,2.11,0.549,138.8,28.1,35.0,61.3,2,2,4,28.1,5.11,0.00393,35,1
2025-04-12,VIL-003,Diamond Harbour,South 24 Parganas,West Bengal,6.79,2.34,0.454,247.2,4.0,31.2,53.1,1,3,3,32.1,4.14,0.00183,35,1
2025-04-13,VIL-003,Diamond Harbour,South 24 Parganas,West Bengal,7.07,8.84,0.182,41.7,11.9,33.2,79.4,3,4,1,44.0,4.96,0.00426,45,1
2025-04-14,VIL-003,Diamond Harbour,South 24 Parganas,West Bengal,7.4,6.08,0.318,105.4,0.0,30.5,82.9,3,2,4,15.9,4.69,0.00299,60,1
2025-04-15,VIL-003,Diamond Harbour,South 24 Parganas,West Bengal,7.43,0.53,0.285,84.0,3.1,32.3,70.2,2,3,1,15.0,3.57,0.00335,0,0
2025-04-16,VIL-003,Diamond Harbour,South 24 Parganas,West Bengal,7.63,3.69,0.128,67.8,0.0,25.5,74.8,3,3,4,3.1,3.77,0.00186,20,0
2025-04-17,VIL-003,Diamond Harbour,South 24 Parganas,West Bengal,7.23,21.55,0.547,201.2,6.4,27.0,61.0,2,4,1,9.5,6.45,0.00271,60,1
2025-04-18,VIL-003,Diamond Harbour,South 24 Parganas,West Bengal,6.85,3.55,0.277,0.3,0.0,34.4,76.6,1,2,2,6.4,6.65,0.21308,0,0
2025-04-19,VIL-003,Diamond Harbour,South 24 Parganas,West Bengal,6.89,6.04,0.318,30.2,0.0,35.2,80.8,7,1,3,6.4,7.18,0.01019,25,0
2025-04-20,VIL-003,Diamond Harbour,South 24 Parganas,West Bengal,7.12,5.75,0.327,70.3,0.0,24.4,68.6,3,3,4,0.0,6.74,0.00459,25,0
2025-04-21,VIL-003,Diamond Harbour,South 24 Parganas,West Bengal,7.25,1.69,0.311,17.9,45.5,30.0,95.3,6,3,2,45.5,6.11,0.01646,0,0
2025-04-22,VIL-003,Diamond Harbour,South 24 Parganas,West Bengal,7.01,1.82,0.445,217.0,38.2,27.3,65.0,6,2,3,83.7,6.3,0.00204,50,1
2025-04-23,VIL-003,Diamond Harbour,South 24 Parganas,West Bengal,7.11,5.05,0.238,94.9,0.0,26.2,78.4,6,3,3,83.7,6.49,0.00248,40,1
2025-04-24,VIL-003,Diamond Harbour,South 24 Parganas,West Bengal,6.19,2.72,0.533,59.1,0.0,30.1,85.2,4,2,4,38.2,3.8,0.00887,0,0
2025-04-25,VIL-003,Diamond Harbour,South 24 Parganas,West Bengal,7.5,3.31,0.243,153.4,0.0,33.6,74.1,4,1,2,0.0,3.77,0.00157,35,1
2025-04-26,VIL-003,Diamond Harbour,South 24 Parganas,West Bengal,7.21,4.89,0.345,54.5,0.0,30.8,72.7,4,7,1,0.0,3.6,0.00622,45,1
2025-04-27,VIL-003,Diamond Harbour,South 24 Parganas,West Bengal,7.7,5.89,0.115,74.4,14.2,27.7,57.9,1,3,3,14.2,3.62,0.00153,45,1
2025-04-28,VIL-003,Diamond Harbour,South 24 Parganas,West Bengal,7.1,1.24,0.543,0.3,29.4,31.1,91.3,9,6,3,43.6,3.56,0.41769,20,0
2025-04-29,VIL-003,Diamond Harbour,South 24 Parganas,West Bengal,6.06,0.62,0.589,41.4,0.0,27.6,73.0,2,6,2,43.6,3.39,0.01389,20,0
2025-04-30,VIL-003,Diamond Harbour,South 24 Parganas,West Bengal,6.88,1.35,0.479,13.6,0.0,30.6,81.4,0,6,3,29.4,2.86,0.03281,20,0
2025-05-01,VIL-003,Diamond Harbour,South 24 Parganas,West Bengal,6.98,2.78,0.381,106.5,11.6,34.6,83.1,1,4,2,11.6,2.87,0.00354,35,1
2025-05-02,VIL-003,Diamond Harbour,South 24 Parganas,West Bengal,7.55,1.64,0.343,59.3,0.0,20.7,67.5,2,4,1,11.6,2.63,0.00569,0,0
2025-05-03,VIL-003,Diamond Harbour,South 24 Parganas,West Bengal,5.86,3.29,0.069,32.7,0.0,32.2,72.6,3,4,7,11.6,2.4,0.00205,20,0
2025-05-04,VIL-003,Diamond Harbour,South 24 Parganas,West Bengal,7.12,0.22,0.106,57.4,0.0,22.8,91.0,3,1,3,0.0,1.59,0.00182,20,0
2025-05-05,VIL-003,Diamond Harbour,South 24 Parganas,West Bengal,7.41,2.79,0.485,21.4,12.3,33.9,61.6,2,9,6,12.3,1.81,0.02165,20,0
2025-05-06,VIL-003,Diamond Harbour,South 24 Parganas,West Bengal,6.7,1.8,0.317,235.8,6.4,26.5,99.0,3,2,6,18.7,1.98,0.00134,35,1
2025-05-07,VIL-003,Diamond Harbour,South 24 Parganas,West Bengal,7.14,3.0,0.105,5.0,0.0,24.1,66.1,4,0,6,18.7,2.22,0.0175,20,0
2025-05-08,VIL-003,Diamond Harbour,South 24 Parganas,West Bengal,6.72,2.15,0.097,182.5,1.7,31.8,60.8,1,1,4,8.1,2.13,0.00053,70,2
2025-05-09,VIL-003,Diamond Harbour,South 24 Parganas,West Bengal,6.66,1.31,0.464,65.2,36.7,30.5,76.6,1,2,4,38.4,2.08,0.00701,0,0
2025-05-10,VIL-003,Diamond Harbour,South 24 Parganas,West Bengal,6.85,9.19,0.507,87.8,0.0,25.0,99.0,3,3,4,38.4,2.92,0.00571,25,0
2025-05-11,VIL-003,Diamond Harbour,South 24 Parganas,West Bengal,6.67,0.8,0.074,32.8,38.3,24.0,52.1,4,3,1,75.0,3.01,0.00219,35,1
2025-05-12,VIL-003,Diamond Harbour,South 24 Parganas,West Bengal,7.51,4.48,0.377,309.6,0.0,28.3,73.3,3,2,9,38.3,3.25,0.00121,60,1
2025-05-13,VIL-003,Diamond Harbour,South 24 Parganas,West Bengal,6.66,10.14,0.42,30.1,0.0,24.2,80.7,0,3,2,38.3,4.44,0.0135,25,0
2025-05-14,VIL-003,Diamond Harbour,South 24 Parganas,West Bengal,6.56,3.03,0.245,80.9,0.0,24.8,75.4,6,4,0,0.0,4.44,0.00299,0,0
2025-05-15,VIL-003,Diamond Harbour,South 24 Parganas,West Bengal,8.16,8.2,0.573,457.1,20.6,29.5,79.6,5,1,1,20.6,5.31,0.00125,60,1
2025-05-16,VIL-003,Diamond Harbour,South 24 Parganas,West Bengal,7.68,0.52,0.288,193.8,0.0,25.1,66.4,2,1,2,20.6,5.19,0.00148,35,1
2025-05-17,VIL-003,Diamond Harbour,South 24 Parganas,West Bengal,5.98,2.67,0.041,69.9,0.0,30.7,67.8,3,3,3,20.6,4.26,0.00058,35,1
2025-05-18,VIL-003,Diamond Harbour,South 24 Parganas,West Bengal,6.64,2.39,0.315,422.5,0.0,35.0,73.2,2,4,3,0.0,4.49,0.00074,50,1
2025-05-19,VIL-003,Diamond Harbour,South 24 Parganas,West Bengal,7.25,0.2,0.596,110.0,19.6,28.4,61.4,3,3,2,19.6,3.88,0.00537,35,1
2025-05-20,VIL-003,Diamond Harbour,South 24 Parganas,West Bengal,7.29,2.3,0.288,21.3,24.7,29.5,74.5,3,0,3,44.3,2.76,0.01291,0,0
2025-05-21,VIL-003,Diamond Harbour,South 24 Parganas,West Bengal,6.21,1.81,0.162,47.3,0.0,37.1,70.3,4,6,4,44.3,2.58,0.00335,40,1
2025-05-22,VIL-003,Diamond Harbour,South 24 Parganas,West Bengal,7.8,4.34,0.463,37.1,0.0,24.2,69.4,3,5,1,24.7,2.03,0.01215,25,0
2025-05-23,VIL-003,Diamond Harbour,South 24 Parganas,West Bengal,7.6,10.92,0.397,38.4,0.0,33.8,78.8,4,2,1,0.0,3.52,0.01008,25,0
2025-05-24,VIL-003,Diamond Harbour,South 24 Parganas,West Bengal,7.39,0.35,0.349,130.0,0.0,33.3,53.2,4,3,3,0.0,3.19,0.00266,35,1
2025-05-25,VIL-003,Diamond Harbour,South 24 Parganas,West Bengal,7.91,1.56,0.436,79.9,0.0,32.4,72.3,2,2,4,0.0,3.07,0.00539,0,0
2025-05-26,VIL-003,Diamond Harbour,South 24 Parganas,West Bengal,7.37,2.3,0.225,3.5,0.0,34.2,99.0,3,3,3,0.0,3.37,0.05,0,0
2025-05-27,VIL-003,Diamond Harbour,South 24 Parganas,West Bengal,7.37,2.38,0.242,191.0,0.0,30.1,62.0,4,3,0,0.0,3.38,0.00126,35,1
2025-05-28,VIL-003,Diamond Harbour,South 24 Parganas,West Bengal,8.03,5.84,0.481,32.0,0.0,26.7,90.4,3,4,6,0.0,3.96,0.01458,25,0
2025-05-29,VIL-003,Diamond Harbour,South 24 Parganas,West Bengal,7.76,2.3,0.176,530.9,23.5,33.4,75.7,4,3,5,23.5,3.66,0.00033,70,2
2025-05-30,VIL-003,Diamond Harbour,South 24 Parganas,West Bengal,6.6,0.2,0.641,280.6,0.0,33.5,67.8,2,4,2,23.5,2.13,0.00228,35,1
2025-05-31,VIL-003,Diamond Harbour,South 24 Parganas,West Bengal,7.48,4.85,0.571,256.8,0.0,33.4,59.2,2,4,3,23.5,2.78,0.00221,60,1
2025-06-01,VIL-003,Diamond Harbour,South 24 Parganas,West Bengal,6.7,8.47,0.144,151.7,0.0,29.2,76.7,3,2,2,0.0,3.76,0.00094,95,2
2025-06-02,VIL-003,Diamond Harbour,South 24 Parganas,West Bengal,7.4,2.83,0.616,22.7,0.0,26.1,92.4,5,3,3,0.0,3.84,0.02599,0,0
2025-06-03,VIL-003,Diamond Harbour,South 24 Parganas,West Bengal,7.39,3.41,0.377,69.2,0.0,29.8,70.3,2,4,3,0.0,3.99,0.00537,0,0
2025-06-04,VIL-003,Diamond Harbour,South 24 Parganas,West Bengal,6.27,0.7,0.599,23.1,14.4,32.8,74.0,4,3,4,14.4,3.25,0.02485,0,0
2025-06-05,VIL-003,Diamond Harbour,South 24 Parganas,West Bengal,7.03,0.98,0.374,27.4,12.7,33.1,87.1,2,4,3,27.1,3.06,0.01317,0,0
2025-06-06,VIL-003,Diamond Harbour,South 24 Parganas,West Bengal,7.26,1.05,0.318,85.9,0.0,27.3,79.1,3,2,4,27.1,3.18,0.00366,0,0
2025-06-07,VIL-003,Diamond Harbour,South 24 Parganas,West Bengal,6.84,2.21,0.299,3.8,5.3,30.3,56.1,4,2,4,18.0,2.81,0.06229,0,0
2025-06-08,VIL-003,Diamond Harbour,South 24 Parganas,West Bengal,7.29,10.32,0.0,317.5,0.0,23.8,76.2,4,3,2,5.3,3.07,0.0,95,2
2025-06-09,VIL-003,Diamond Harbour,South 24 Parganas,West Bengal,7.58,2.89,0.517,228.3,5.7,32.9,93.1,4,5,3,11.0,3.08,0.00225,35,1
2025-06-10,VIL-003,Diamond Harbour,South 24 Parganas,West Bengal,7.08,0.84,0.223,43.6,10.7,25.9,74.6,2,2,4,16.4,2.71,0.005,0,0
2025-06-11,VIL-003,Diamond Harbour,South 24 Parganas,West Bengal,7.23,1.21,0.523,65.9,4.0,32.1,42.1,0,4,3,20.4,2.79,0.00782,0,0
2025-06-12,VIL-003,Diamond Harbour,South 24 Parganas,West Bengal,7.93,1.9,0.651,57.1,0.0,24.4,79.7,3,2,4,14.7,2.92,0.0112,0,0
2025-06-13,VIL-003,Diamond Harbour,South 24 Parganas,West Bengal,7.38,3.83,0.246,194.6,0.0,33.1,72.6,2,3,2,4.0,3.31,0.00126,35,1
2025-06-14,VIL-003,Diamond Harbour,South 24 Parganas,West Bengal,7.22,2.27,0.235,106.2,40.5,30.3,53.1,3,4,2,40.5,3.32,0.00219,35,1
2025-06-15,VIL-003,Diamond Harbour,South 24 Parganas,West Bengal,6.53,1.95,0.531,29.7,49.7,25.9,54.8,1,4,3,90.2,2.13,0.0173,15,0
2025-06-16,VIL-003,Diamond Harbour,South 24 Parganas,West Bengal,7.5,3.26,0.266,53.9,0.0,31.8,86.7,3,4,5,90.2,2.18,0.00485,15,0
2025-06-17,VIL-003,Diamond Harbour,South 24 Parganas,West Bengal,7.3,1.09,0.587,51.0,0.0,26.6,66.2,3,2,2,49.7,2.22,0.01129,0,0
2025-06-18,VIL-003,Diamond Harbour,South 24 Parganas,West Bengal,7.87,0.32,0.226,291.4,0.0,32.0,64.1,2,0,4,0.0,2.09,0.00077,50,1
2025-06-19,VIL-003,Diamond Harbour,South 24 Parganas,West Bengal,7.13,0.2,0.609,17.5,0.0,27.9,74.6,0,3,2,0.0,1.85,0.03292,0,0
2025-06-20,VIL-003,Diamond Harbour,South 24 Parganas,West Bengal,6.01,1.13,0.295,8.5,0.0,22.1,67.3,5,2,3,0.0,1.46,0.03105,0,0
2025-06-21,VIL-003,Diamond Harbour,South 24 Parganas,West Bengal,6.08,0.38,0.409,193.4,0.0,25.1,76.2,4,3,4,0.0,1.19,0.0021,35,1
2025-06-22,VIL-003,Diamond Harbour,South 24 Parganas,West Bengal,7.54,1.61,0.527,206.6,23.3,27.3,72.6,2,1,4,23.3,1.14,0.00254,35,1
2025-06-23,VIL-003,Diamond Harbour,South 24 Parganas,West Bengal,6.76,5.81,0.442,186.9,0.0,34.5,60.6,2,3,4,23.3,1.51,0.00235,60,1
2025-06-24,VIL-003,Diamond Harbour,South 24 Parganas,West Bengal,7.36,4.94,0.543,65.1,0.0,32.6,68.9,2,3,2,23.3,2.06,0.00821,25,0
2025-06-25,VIL-003,Diamond Harbour,South 24 Parganas,West Bengal,7.17,3.7,0.088,98.1,0.0,35.5,80.3,2,2,0,0.0,2.54,0.00089,35,1
2025-06-26,VIL-003,Diamond Harbour,South 24 Parganas,West Bengal,7.0,7.5,0.277,75.4,5.5,35.6,75.5,5,0,3,5.5,3.58,0.00363,25,0
2025-06-27,VIL-003,Diamond Harbour,South 24 Parganas,West Bengal,7.04,1.3,0.361,6.5,0.0,26.9,74.0,6,5,2,5.5,3.61,0.04813,0,0
2025-06-28,VIL-003,Diamond Harbour,South 24 Parganas,West Bengal,6.58,8.48,0.212,82.4,0.0,28.2,98.2,3,4,3,5.5,4.76,0.00254,25,0
2025-06-29,VIL-003,Diamond Harbour,South 24 Parganas,West Bengal,7.09,2.0,0.525,1.2,0.0,27.4,83.8,2,2,1,0.0,4.82,0.23864,0,0
2025-06-30,VIL-003,Diamond Harbour,South 24 Parganas,West Bengal,6.75,2.01,0.258,35.8,6.7,26.3,85.2,2,2,3,6.7,4.28,0.00701,0,0
2025-07-01,VIL-003,Diamond Harbour,South 24 Parganas,West Bengal,6.88,2.04,0.213,245.0,2.5,21.6,73.0,2,2,3,9.2,3.86,0.00087,50,1
2025-07-02,VIL-003,Diamond Harbour,South 24 Parganas,West Bengal,6.91,0.4,0.519,33.0,0.0,28.9,77.6,3,2,2,9.2,3.39,0.01526,0,0
2025-07-03,VIL-003,Diamond Harbour,South 24 Parganas,West Bengal,6.96,14.54,0.162,255.8,0.0,23.9,69.8,3,5,0,2.5,4.4,0.00063,95,2
2025-07-04,VIL-003,Diamond Harbour,South 24 Parganas,West Bengal,7.65,0.58,0.171,26.2,32.1,28.9,84.3,2,6,5,32.1,4.29,0.00629,40,1
2025-07-05,VIL-003,Diamond Harbour,South 24 Parganas,West Bengal,7.02,1.63,0.441,34.4,0.0,37.5,73.7,2,3,4,32.1,3.31,0.01246,0,0
2025-07-06,VIL-003,Diamond Harbour,South 24 Parganas,West Bengal,7.71,1.51,0.592,90.1,38.9,27.0,77.7,1,2,2,71.0,3.24,0.0065,15,0
2025-07-07,VIL-003,Diamond Harbour,South 24 Parganas,West Bengal,8.02,0.3,0.379,130.5,0.0,29.8,76.9,0,2,2,38.9,3.0,0.00288,35,1
2025-07-08,VIL-003,Diamond Harbour,South 24 Parganas,West Bengal,7.61,0.65,0.059,63.3,19.7,32.6,74.8,2,2,2,58.6,2.8,0.00092,50,1
2025-07-09,VIL-003,Diamond Harbour,South 24 Parganas,West Bengal,7.42,0.2,0.473,194.6,8.2,30.1,99.0,0,3,2,27.9,2.77,0.00242,35,1
2025-07-10,VIL-003,Diamond Harbour,South 24 Parganas,West Bengal,7.3,1.36,0.243,3.7,1.1,30.2,67.0,4,3,5,29.0,0.89,0.0517,0,0
2025-07-11,VIL-003,Diamond Harbour,South 24 Parganas,West Bengal,7.62,7.9,0.552,232.4,31.9,27.6,66.9,4,2,6,41.2,1.94,0.00237,60,1
2025-07-12,VIL-003,Diamond Harbour,South 24 Parganas,West Bengal,7.15,1.63,0.282,19.9,3.4,28.1,83.3,5,2,3,36.4,1.94,0.01349,0,0
2025-07-13,VIL-003,Diamond Harbour,South 24 Parganas,West Bengal,7.69,0.52,0.556,196.2,0.0,25.2,67.9,1,1,2,35.3,1.79,0.00282,35,1
2025-07-14,VIL-003,Diamond Harbour,South 24 Parganas,West Bengal,7.47,4.07,0.275,46.6,0.0,32.4,71.5,6,0,2,3.4,2.33,0.00578,25,0
2025-07-15,VIL-003,Diamond Harbour,South 24 Parganas,West Bengal,6.88,22.28,0.226,162.7,0.0,22.0,62.0,1,2,2,0.0,5.42,0.00138,60,1
2025-07-16,VIL-003,Diamond Harbour,South 24 Parganas,West Bengal,7.64,1.04,0.005,101.3,4.0,32.9,80.9,1,0,3,4.0,5.54,5e-05,70,2
2025-07-17,VIL-003,Diamond Harbour,South 24 Parganas,West Bengal,7.15,1.29,0.231,17.6,2.7,23.4,81.1,1,4,3,6.7,5.53,0.01242,0,0
2025-07-18,VIL-003,Diamond Harbour,South 24 Parganas,West Bengal,7.04,13.99,0.382,227.6,0.0,32.9,71.2,2,4,2,6.7,6.4,0.00167,60,1
2025-07-19,VIL-003,Diamond Harbour,South 24 Parganas,West Bengal,6.81,0.77,0.368,25.6,0.0,27.6,83.6,5,5,2,2.7,6.28,0.01383,0,0
2025-07-20,VIL-003,Diamond Harbour,South 24 Parganas,West Bengal,7.2,2.81,0.46,25.5,0.6,24.1,52.7,2,1,1,0.6,6.61,0.01736,0,0
2025-07-21,VIL-003,Diamond Harbour,South 24 Parganas,West Bengal,7.7,1.07,0.574,153.2,67.9,31.3,66.5,4,6,0,68.5,6.18,0.00372,70,2
2025-07-22,VIL-003,Diamond Harbour,South 24 Parganas,West Bengal,7.63,10.56,0.355,10.2,0.0,32.7,73.0,4,1,2,68.5,4.5,0.0317,40,1
2025-07-23,VIL-003,Diamond Harbour,South 24 Parganas,West Bengal,7.31,15.65,0.362,22.8,0.0,27.2,60.9,4,1,0,67.9,6.59,0.01521,40,1
2025-07-24,VIL-003,Diamond Harbour,South 24 Parganas,West Bengal,7.46,6.61,0.55,63.7,0.0,31.9,54.0,3,1,4,0.0,7.35,0.0085,25,0
2025-07-25,VIL-003,Diamond Harbour,South 24 Parganas,West Bengal,7.86,1.48,0.392,161.5,0.0,19.9,71.3,1,2,4,0.0,5.56,0.00241,35,1
2025-07-26,VIL-003,Diamond Harbour,South 24 Parganas,West Bengal,7.01,2.03,0.184,14.5,0.0,23.7,83.3,2,5,5,0.0,5.74,0.01187,20,0
2025-07-27,VIL-003,Diamond Harbour,South 24 Parganas,West Bengal,6.43,1.09,0.256,72.2,0.0,34.2,90.4,4,2,1,0.0,5.5,0.0035,0,0
2025-07-28,VIL-003,Diamond Harbour,South 24 Parganas,West Bengal,7.88,8.68,0.0,113.0,0.9,28.1,68.4,2,4,6,0.9,6.59,0.0,95,2
2025-07-29,VIL-003,Diamond Harbour,South 24 Parganas,West Bengal,6.78,9.64,0.181,179.3,0.0,21.6,83.8,2,4,1,0.9,6.45,0.001,80,2
2025-07-30,VIL-003,Diamond Harbour,South 24 Parganas,West Bengal,6.69,2.13,0.046,249.5,9.0,26.2,82.6,3,4,1,9.9,4.52,0.00018,70,2
2025-07-31,VIL-003,Diamond Harbour,South 24 Parganas,West Bengal,6.02,4.19,0.413,139.7,0.0,25.3,89.6,1,3,1,9.0,4.18,0.00294,60,1
2025-08-01,VIL-003,Diamond Harbour,South 24 Parganas,West Bengal,7.44,0.71,0.568,96.3,0.0,28.3,70.8,5,1,2,9.0,4.07,0.00584,0,0
2025-08-02,VIL-003,Diamond Harbour,South 24 Parganas,West Bengal,6.13,2.24,0.181,51.7,0.0,27.5,53.4,0,2,5,0.0,4.1,0.00343,20,0
2025-08-03,VIL-003,Diamond Harbour,South 24 Parganas,West Bengal,6.65,3.91,0.187,10.8,0.0,29.7,75.8,5,4,2,0.0,4.5,0.01585,20,0
2025-08-04,VIL-003,Diamond Harbour,South 24 Parganas,West Bengal,7.45,1.91,0.52,112.6,36.3,28.7,62.8,7,2,4,36.3,3.53,0.00458,35,1
2025-08-05,VIL-003,Diamond Harbour,South 24 Parganas,West Bengal,7.53,1.73,0.269,448.2,14.1,34.4,66.3,3,2,4,50.4,2.4,0.0006,65,2
2025-08-06,VIL-003,Diamond Harbour,South 24 Parganas,West Bengal,6.71,0.2,0.396,121.5,0.0,30.7,71.4,3,3,4,50.4,2.13,0.00323,50,1
2025-08-07,VIL-003,Diamond Harbour,South 24 Parganas,West Bengal,7.02,6.39,0.484,1.5,0.0,30.8,70.9,2,1,3,14.1,2.44,0.1936,25,0
2025-08-08,VIL-003,Diamond Harbour,South 24 Parganas,West Bengal,6.58,8.63,0.223,62.4,30.6,33.7,76.7,5,5,1,30.6,3.57,0.00352,25,0
2025-08-09,VIL-003,Diamond Harbour,South 24 Parganas,West Bengal,6.77,13.68,0.226,86.8,0.0,27.4,83.4,2,0,2,30.6,5.21,0.00257,25,0
2025-08-10,VIL-003,Diamond Harbour,South 24 Parganas,West Bengal,7.26,4.98,0.259,106.5,12.1,24.0,70.6,4,5,4,42.7,5.36,0.00241,60,1
2025-08-11,VIL-003,Diamond Harbour,South 24 Parganas,West Bengal,6.8,3.12,0.07,115.8,0.0,33.8,79.7,2,7,2,12.1,5.53,0.0006,90,2
2025-08-12,VIL-003,Diamond Harbour,South 24 Parganas,West Bengal,6.95,1.23,0.438,74.3,2.3,29.5,75.2,0,3,2,14.4,5.46,0.00582,0,0
2025-08-13,VIL-003,Diamond Harbour,South 24 Parganas,West Bengal,6.22,28.47,0.458,23.0,0.0,29.6,86.2,1,3,3,2.3,9.5,0.01908,25,0
2025-08-14,VIL-003,Diamond Harbour,South 24 Parganas,West Bengal,7.78,3.49,0.364,259.4,33.7,26.5,72.7,3,2,1,36.0,9.09,0.0014,35,1
2025-08-15,VIL-003,Diamond Harbour,South 24 Parganas,West Bengal,7.41,4.48,0.595,108.6,0.0,26.5,74.1,3,5,5,33.7,8.49,0.00543,60,1
2025-08-16,VIL-003,Diamond Harbour,South 24 Parganas,West Bengal,7.58,4.5,0.303,24.6,30.7,32.4,70.5,2,2,0,64.4,7.18,0.01184,40,1
2025-08-17,VIL-003,Diamond Harbour,South 24 Parganas,West Bengal,7.87,7.31,0.461,35.4,14.1,32.9,73.1,5,4,5,44.8,7.51,0.01266,25,0
2025-08-18,VIL-003,Diamond Harbour,South 24 Parganas,West Bengal,6.6,0.2,0.437,232.1,0.0,32.1,65.6,2,2,7,44.8,7.1,0.00187,35,1
2025-08-19,VIL-003,Diamond Harbour,South 24 Parganas,West Bengal,6.88,0.98,0.206,198.8,0.0,32.2,64.4,7,0,3,14.1,7.06,0.00103,35,1
2025-08-20,VIL-003,Diamond Harbour,South 24 Parganas,West Bengal,5.96,4.29,0.558,47.3,7.9,31.3,84.3,4,1,3,7.9,3.61,0.01155,25,0
2025-08-21,VIL-003,Diamond Harbour,South 24 Parganas,West Bengal,8.98,8.84,0.373,3.6,15.1,29.5,62.0,3,3,2,23.0,4.37,0.08109,25,0
2025-08-22,VIL-003,Diamond Harbour,South 24 Parganas,West Bengal,7.01,4.53,0.525,4.5,0.0,28.3,71.2,6,3,5,23.0,4.38,0.09545,25,0
2025-08-23,VIL-003,Diamond Harbour,South 24 Parganas,West Bengal,7.72,2.09,0.116,30.4,10.4,33.8,87.2,2,2,2,25.5,4.03,0.00369,20,0
2025-08-24,VIL-003,Diamond Harbour,South 24 Parganas,West Bengal,6.36,1.76,0.37,90.3,0.0,27.5,70.8,4,5,4,10.4,3.24,0.00405,0,0
2025-08-25,VIL-003,Diamond Harbour,South 24 Parganas,West Bengal,7.7,5.25,0.267,79.9,0.0,30.5,84.9,6,2,2,10.4,3.96,0.0033,25,0
2025-08-26,VIL-003,Diamond Harbour,South 24 Parganas,West Bengal,8.21,5.3,0.197,91.4,7.0,25.8,67.9,5,7,0,7.0,4.58,0.00213,65,2
2025-08-27,VIL-003,Diamond Harbour,South 24 Parganas,West Bengal,7.06,3.66,0.604,115.0,0.0,26.4,62.4,5,4,1,7.0,4.49,0.00521,35,1
2025-08-28,VIL-003,Diamond Harbour,South 24 Parganas,West Bengal,6.49,1.35,0.385,1.7,0.0,28.1,55.9,4,3,3,7.0,3.42,0.14259,0,0
2025-08-29,VIL-003,Diamond Harbour,South 24 Parganas,West Bengal,7.02,10.16,0.084,10.1,24.8,25.8,90.8,5,6,3,24.8,4.22,0.00757,65,2
2025-08-30,VIL-003,Diamond Harbour,South 24 Parganas,West Bengal,5.76,3.15,0.26,40.5,0.0,32.2,61.4,4,2,2,24.8,4.38,0.00627,0,0
2025-08-31,VIL-003,Diamond Harbour,South 24 Parganas,West Bengal,7.08,6.13,0.519,15.3,0.0,23.6,84.0,4,4,5,24.8,5.0,0.03184,25,0
2025-09-01,VIL-003,Diamond Harbour,South 24 Parganas,West Bengal,7.59,0.95,0.196,7.1,0.0,29.4,63.0,4,6,2,0.0,4.39,0.0242,40,1
2025-09-02,VIL-003,Diamond Harbour,South 24 Parganas,West Bengal,7.08,1.65,0.178,93.2,0.0,29.5,90.8,4,5,7,0.0,3.86,0.00189,20,0
2025-09-03,VIL-003,Diamond Harbour,South 24 Parganas,West Bengal,6.93,8.14,0.324,153.7,17.3,21.8,99.0,3,5,4,17.3,4.5,0.00209,60,1
2025-09-04,VIL-003,Diamond Harbour,South 24 Parganas,West Bengal,7.42,0.2,0.434,127.1,16.8,27.2,54.8,5,4,3,34.1,4.34,0.00339,35,1
2025-09-05,VIL-003,Diamond Harbour,South 24 Parganas,West Bengal,7.46,2.81,0.219,154.6,4.3,30.0,62.0,2,5,6,38.4,3.29,0.00141,35,1
2025-09-06,VIL-003,Diamond Harbour,South 24 Parganas,West Bengal,6.1,2.58,0.42,99.8,11.6,30.7,84.3,1,4,2,32.7,3.21,0.00417,0,0
2025-09-07,VIL-003,Diamond Harbour,South 24 Parganas,West Bengal,7.15,5.45,0.356,121.0,35.8,28.2,81.2,3,4,4,51.7,3.11,0.00292,75,2
2025-09-08,VIL-003,Diamond Harbour,South 24 Parganas,West Bengal,8.56,1.3,0.378,28.9,0.0,31.7,84.3,2,4,6,47.4,3.16,0.01264,0,0
2025-09-09,VIL-003,Diamond Harbour,South 24 Parganas,West Bengal,6.3,0.97,0.0,451.6,0.3,28.6,68.1,2,4,5,36.1,3.06,0.0,70,2
2025-09-10,VIL-003,Diamond Harbour,South 24 Parganas,West Bengal,7.05,10.21,0.353,18.4,19.0,29.1,98.9,1,3,5,19.3,3.36,0.0182,25,0
2025-09-11,VIL-003,Diamond Harbour,South 24 Parganas,West Bengal,8.27,3.32,0.305,22.0,0.0,30.0,76.4,1,5,4,19.3,3.81,0.01326,0,0
2025-09-12,VIL-003,Diamond Harbour,South 24 Parganas,West Bengal,7.76,0.43,0.42,31.0,70.4,32.7,60.4,2,2,5,89.4,3.47,0.01312,15,0
2025-09-13,VIL-003,Diamond Harbour,South 24 Parganas,West Bengal,6.79,0.84,0.232,336.9,16.9,26.3,72.0,2,1,4,87.3,3.22,0.00069,65,2
2025-09-14,VIL-003,Diamond Harbour,South 24 Parganas,West Bengal,7.22,26.45,0.283,404.7,11.4,27.1,60.6,1,3,4,98.7,6.22,0.0007,90,2
2025-09-15,VIL-003,Diamond Harbour,South 24 Parganas,West Bengal,7.1,0.85,0.446,144.2,10.1,26.3,94.1,0,2,4,38.4,6.15,0.00307,35,1
2025-09-16,VIL-003,Diamond Harbour,South 24 Parganas,West Bengal,6.65,3.7,0.61,90.2,0.0,27.7,67.1,2,2,4,21.5,6.54,0.00669,0,0
2024-01-01,VIL-004,Canning,South 24 Parganas,West Bengal,6.56,6.22,0.365,18.2,0.0,32.1,63.4,2,0,0,0.0,6.22,0.01901,25,0
2024-01-02,VIL-004,Canning,South 24 Parganas,West Bengal,7.31,0.2,0.124,153.0,64.4,27.2,57.6,3,0,0,64.4,3.21,0.00081,85,2
2024-01-03,VIL-004,Canning,South 24 Parganas,West Bengal,7.41,0.63,0.547,10.1,0.8,28.3,62.0,2,0,0,65.2,2.35,0.04928,15,0
2024-01-04,VIL-004,Canning,South 24 Parganas,West Bengal,7.46,0.36,0.34,13.2,1.8,28.0,99.0,3,0,0,67.0,1.85,0.02394,15,0
2024-01-05,VIL-004,Canning,South 24 Parganas,West Bengal,6.21,0.27,0.612,61.3,2.4,33.7,51.3,1,0,0,5.0,1.54,0.00982,0,0
2024-01-06,VIL-004,Canning,South 24 Parganas,West Bengal,7.1,0.2,0.579,25.0,10.1,28.0,80.2,3,0,0,14.3,1.31,0.02227,0,0
2024-01-07,VIL-004,Canning,South 24 Parganas,West Bengal,6.48,0.2,0.164,19.6,0.0,24.1,66.0,2,0,0,12.5,1.15,0.00796,20,0
2024-01-08,VIL-004,Canning,South 24 Parganas,West Bengal,7.34,1.96,0.35,66.9,0.0,22.7,70.8,3,2,0,10.1,0.55,0.00515,0,0
2024-01-09,VIL-004,Canning,South 24 Parganas,West Bengal,7.39,0.98,0.014,36.4,0.0,30.5,82.2,3,3,0,0.0,0.66,0.00037,35,1
2024-01-10,VIL-004,Canning,South 24 Parganas,West Bengal,6.4,0.45,0.281,11.8,0.0,26.0,81.7,6,2,0,0.0,0.63,0.02195,0,0
2024-01-11,VIL-004,Canning,South 24 Parganas,West Bengal,7.68,3.61,0.414,59.7,0.0,31.7,66.8,1,3,0,0.0,1.1,0.00682,0,0
2024-01-12,VIL-004,Canning,South 24 Parganas,West Bengal,8.5,0.86,0.502,38.2,8.1,23.7,58.7,2,1,0,8.1,1.18,0.01281,0,0
2024-01-13,VIL-004,Canning,South 24 Parganas,West Bengal,7.6,0.2,0.362,103.4,0.0,26.8,82.5,4,3,0,8.1,1.18,0.00347,35,1
2024-01-14,VIL-004,Canning,South 24 Parganas,West Bengal,7.0,1.82,0.43,8.5,0.0,23.7,81.6,3,2,0,8.1,1.41,0.04526,0,0
2024-01-15,VIL-004,Canning,South 24 Parganas,West Bengal,6.91,1.25,0.224,75.6,0.0,30.7,71.6,3,3,2,0.0,1.31,0.00292,0,0
2024-01-16,VIL-004,Canning,South 24 Parganas,West Bengal,6.97,1.29,0.347,44.7,0.3,31.6,80.3,1,3,3,0.3,1.35,0.00759,0,0
2024-01-17,VIL-004,Canning,South 24 Parganas,West Bengal,6.64,1.98,0.244,40.6,2.8,30.4,69.7,2,6,2,3.1,1.57,0.00587,20,0
2024-01-18,VIL-004,Canning,South 24 Parganas,West Bengal,7.25,3.71,0.401,20.6,0.0,24.7,65.1,4,1,3,3.1,1.59,0.01856,0,0
2024-01-19,VIL-004,Canning,South 24 Parganas,West Bengal,6.42,3.22,0.6,2.4,0.0,26.0,75.0,0,2,1,2.8,1.92,0.17647,0,0
2024-01-20,VIL-004,Canning,South 24 Parganas,West Bengal,5.97,9.3,0.34,146.8,6.2,29.9,81.2,2,4,3,6.2,3.22,0.0023,60,1
2024-01-21,VIL-004,Canning,South 24 Parganas,West Bengal,7.23,2.45,0.103,30.8,0.0,22.2,78.7,2,3,2,6.2,3.31,0.00324,20,0
2024-01-22,VIL-004,Canning,South 24 Parganas,West Bengal,7.11,2.15,0.385,89.1,31.7,28.0,81.1,1,3,3,37.9,3.44,0.00427,0,0
2024-01-23,VIL-004,Canning,South 24 Parganas,West Bengal,6.76,0.81,0.477,230.0,0.0,35.1,65.9,2,1,3,31.7,3.37,0.00206,35,1
2024-01-24,VIL-004,Canning,South 24 Parganas,West Bengal,6.33,4.73,0.185,64.9,14.9,28.3,94.0,4,2,6,46.6,3.77,0.00281,45,1
2024-01-25,VIL-004,Canning,South 24 Parganas,West Bengal,7.27,0.51,0.574,39.5,8.3,23.0,70.9,5,4,1,23.2,3.31,0.01417,0,0
2024-01-26,VIL-004,Canning,South 24 Parganas,West Bengal,6.51,2.27,0.243,24.4,12.7,26.6,73.6,3,0,2,35.9,3.17,0.00957,0,0
2024-01-27,VIL-004,Canning,South 24 Parganas,West Bengal,7.02,1.84,0.213,212.1,0.0,26.5,59.2,1,2,4,21.0,2.11,0.001,35,1
2024-01-28,VIL-004,Canning,South 24 Parganas,West Bengal,8.16,3.61,0.029,89.4,40.3,37.6,72.7,3,2,3,53.0,2.27,0.00032,50,1
2024-01-29,VIL-004,Canning,South 24 Parganas,West Bengal,7.49,8.39,0.398,85.4,0.0,35.7,81.4,1,1,3,40.3,3.17,0.00461,25,0
2024-01-30,VIL-004,Canning,South 24 Parganas,West Bengal,6.28,9.84,0.677,43.3,0.0,31.9,84.2,3,2,1,40.3,4.46,0.01528,25,0
2024-01-31,VIL-004,Canning,South 24 Parganas,West Bengal,6.34,0.62,0.416,145.4,17.8,27.6,93.7,3,4,2,17.8,3.87,0.00284,35,1
2024-02-01,VIL-004,Canning,South 24 Parganas,West Bengal,7.19,1.02,0.218,97.5,0.0,33.8,81.2,0,5,4,17.8,3.94,0.00221,0,0
2024-02-02,VIL-004,Canning,South 24 Parganas,West Bengal,6.27,5.61,0.442,26.0,3.2,24.5,78.3,1,3,0,21.0,4.42,0.01637,25,0
2024-02-03,VIL-004,Canning,South 24 Parganas,West Bengal,5.9,2.45,0.494,71.4,2.2,33.3,69.6,6,1,2,5.4,4.51,0.00682,0,0
2024-02-04,VIL-004,Canning,South 24 Parganas,West Bengal,7.42,2.03,0.559,43.9,14.7,32.7,67.1,1,3,2,20.1,4.28,0.01245,0,0
2024-02-05,VIL-004,Canning,South 24 Parganas,West Bengal,7.29,4.17,0.128,0.5,6.4,28.4,86.6,2,1,1,23.3,3.68,0.08533,45,1
2024-02-06,VIL-004,Canning,South 24 Parganas,West Bengal,7.37,3.09,0.63,128.6,0.0,33.6,86.4,3,3,2,21.1,2.71,0.00486,35,1
2024-02-07,VIL-004,Canning,South 24 Parganas,West Bengal,7.26,11.86,0.388,10.2,9.4,27.2,62.1,3,3,4,15.8,4.32,0.03464,25,0
2024-02-08,VIL-004,Canning,South 24 Parganas,West Bengal,7.06,2.95,0.666,55.6,0.0,23.9,83.7,1,0,5,9.4,4.59,0.01177,0,0
2024-02-09,VIL-004,Canning,South 24 Parganas,West Bengal,6.7,2.11,0.378,32.0,0.0,32.9,82.8,1,1,3,9.4,4.09,0.01145,0,0
2024-02-10,VIL-004,Canning,South 24 Parganas,West Bengal,7.41,2.63,0.454,32.7,0.0,28.7,61.6,0,6,1,0.0,4.12,0.01347,20,0
2024-02-11,VIL-004,Canning,South 24 Parganas,West Bengal,8.02,5.55,0.179,50.6,0.0,31.4,81.5,1,1,3,0.0,4.62,0.00347,45,1
2024-02-12,VIL-004,Canning,South 24 Parganas,West Bengal,6.8,3.19,0.527,453.7,0.0,36.3,62.4,1,2,1,0.0,4.48,0.00116,35,1
2024-02-13,VIL-004,Canning,South 24 Parganas,West Bengal,6.49,3.5,0.156,40.9,0.0,26.1,45.8,2,3,3,0.0,4.54,0.00372,20,0
2024-02-14,VIL-004,Canning,South 24 Parganas,West Bengal,6.42,11.95,0.398,15.7,0.0,28.4,73.1,1,3,3,0.0,4.55,0.02383,25,0
2024-02-15,VIL-004,Canning,South 24 Parganas,West Bengal,6.58,3.24,0.273,74.2,4.4,35.3,78.1,3,1,0,4.4,4.6,0.00363,0,0
2024-02-16,VIL-004,Canning,South 24 Parganas,West Bengal,7.22,1.61,0.334,21.0,0.0,31.7,73.6,0,1,1,4.4,4.52,0.01518,0,0
2024-02-17,VIL-004,Canning,South 24 Parganas,West Bengal,5.82,3.95,0.545,8.7,0.0,26.2,99.0,7,0,6,4.4,4.71,0.05619,0,0
2024-02-18,VIL-004,Canning,South 24 Parganas,West Bengal,7.36,3.62,0.286,4.0,0.0,25.2,79.5,2,1,1,0.0,4.44,0.0572,0,0
2024-02-19,VIL-004,Canning,South 24 Parganas,West Bengal,7.49,0.2,0.549,1.8,3.6,26.9,76.8,2,1,2,3.6,4.01,0.19607,0,0
2024-02-20,VIL-004,Canning,South 24 Parganas,West Bengal,6.02,2.12,0.277,44.0,5.9,26.0,80.2,2,2,3,9.5,3.81,0.00616,0,0
2024-02-21,VIL-004,Canning,South 24 Parganas,West Bengal,6.51,4.56,0.374,43.4,7.3,29.9,69.7,2,1,3,16.8,2.76,0.00842,25,0
2024-02-22,VIL-004,Canning,South 24 Parganas,West Bengal,7.15,2.32,0.737,16.0,0.0,29.3,86.2,2,3,1,13.2,2.63,0.04335,0,0
2024-02-23,VIL-004,Canning,South 24 Parganas,West Bengal,7.01,5.08,0.372,119.5,0.9,30.1,79.3,3,0,1,8.2,3.12,0.00309,60,1
2024-02-24,VIL-004,Canning,South 24 Parganas,West Bengal,7.41,2.01,0.336,10.8,0.0,25.6,78.8,2,7,0,0.9,2.84,0.02847,20,0
2024-02-25,VIL-004,Canning,South 24 Parganas,West Bengal,7.02,13.75,0.375,192.6,0.0,28.7,67.5,5,2,1,0.9,4.29,0.00194,60,1
2024-02-26,VIL-004,Canning,South 24 Parganas,West Bengal,7.86,1.16,0.291,69.1,5.9,20.8,56.2,3,2,1,5.9,4.43,0.00415,0,0
2024-02-27,VIL-004,Canning,South 24 Parganas,West Bengal,6.91,0.32,0.17,2.2,0.0,29.6,69.0,2,2,2,5.9,4.17,0.05312,20,0
2024-02-28,VIL-004,Canning,South 24 Parganas,West Bengal,6.51,1.89,0.721,257.1,0.0,33.7,78.4,2,2,1,5.9,3.79,0.00279,35,1
2024-02-29,VIL-004,Canning,South 24 Parganas,West Bengal,6.46,2.62,0.277,28.7,32.7,23.3,69.7,1,2,3,32.7,3.83,0.00933,0,0
2024-03-01,VIL-004,Canning,South 24 Parganas,West Bengal,7.54,1.44,0.076,46.6,0.0,30.9,78.5,3,3,0,32.7,3.31,0.0016,20,0
2024-03-02,VIL-004,Canning,South 24 Parganas,West Bengal,7.12,0.93,0.322,26.1,0.0,26.6,72.2,1,2,7,32.7,3.16,0.01188,0,0
2024-03-03,VIL-004,Canning,South 24 Parganas,West Bengal,7.48,3.75,0.414,101.7,0.0,32.2,80.2,3,5,2,0.0,1.73,0.00403,35,1
2024-03-04,VIL-004,Canning,South 24 Parganas,West Bengal,7.47,1.59,0.313,51.9,0.0,29.6,63.3,5,3,2,0.0,1.79,0.00592,0,0
2024-03-05,VIL-004,Canning,South 24 Parganas,West Bengal,5.89,3.35,0.341,11.1,0.0,30.6,77.3,0,2,2,0.0,2.22,0.02818,0,0
2024-03-06,VIL-004,Canning,South 24 Parganas,West Bengal,6.42,5.07,0.32,8.6,33.9,29.3,67.3,2,2,2,33.9,2.68,0.03333,25,0
2024-03-07,VIL-004,Canning,South 24 Parganas,West Bengal,6.49,4.81,0.427,100.8,0.0,34.3,56.5,3,1,2,33.9,2.99,0.00419,60,1
2024-03-08,VIL-004,Canning,South 24 Parganas,West Bengal,6.61,1.58,0.497,21.1,12.5,30.4,73.0,2,3,3,46.4,3.01,0.02249,0,0
2024-03-09,VIL-004,Canning,South 24 Parganas,West Bengal,6.85,2.82,0.315,11.6,0.0,26.2,93.4,3,1,2,12.5,3.28,0.025,0,0
2024-03-10,VIL-004,Canning,South 24 Parganas,West Bengal,7.7,2.01,0.816,54.0,4.6,29.4,57.5,3,3,5,17.1,3.03,0.01484,0,0
2024-03-11,VIL-004,Canning,South 24 Parganas,West Bengal,7.82,6.88,0.537,126.6,14.7,27.5,76.4,3,5,3,19.3,3.79,0.00421,60,1
2024-03-12,VIL-004,Canning,South 24 Parganas,West Bengal,6.92,7.09,0.349,25.5,39.6,29.6,84.6,1,0,2,58.9,4.32,0.01317,40,1
2024-03-13,VIL-004,Canning,South 24 Parganas,West Bengal,6.95,1.42,0.113,25.2,0.0,27.3,99.0,0,2,2,54.3,3.8,0.00431,35,1
2024-03-14,VIL-004,Canning,South 24 Parganas,West Bengal,6.68,0.32,0.371,140.0,0.0,26.3,69.1,1,3,1,39.6,3.16,0.00263,35,1
2024-03-15,VIL-004,Canning,South 24 Parganas,West Bengal,7.15,0.62,0.496,12.5,0.0,29.8,67.4,0,2,3,0.0,3.02,0.03674,0,0
2024-03-16,VIL-004,Canning,South 24 Parganas,West Bengal,7.22,1.54,0.498,74.8,21.4,29.2,61.0,3,3,1,21.4,2.84,0.00657,0,0
2024-03-17,VIL-004,Canning,South 24 Parganas,West Bengal,7.58,2.79,0.017,241.9,0.0,33.3,88.7,3,3,3,21.4,2.95,7e-05,70,2
2024-03-18,VIL-004,Canning,South 24 Parganas,West Bengal,7.58,3.59,0.371,143.6,20.0,27.3,64.6,2,3,5,41.4,2.48,0.00257,35,1
2024-03-19,VIL-004,Canning,South 24 Parganas,West Bengal,5.72,1.35,0.263,5.0,18.6,21.1,70.6,1,1,0,38.6,1.66,0.04383,0,0
2024-03-20,VIL-004,Canning,South 24 Parganas,West Bengal,7.01,3.7,0.619,30.1,0.0,27.5,52.8,2,0,2,38.6,1.99,0.0199,0,0
2024-03-21,VIL-004,Canning,South 24 Parganas,West Bengal,7.93,9.33,0.372,12.0,0.0,22.5,85.6,2,1,3,18.6,3.27,0.02862,25,0
2024-03-22,VIL-004,Canning,South 24 Parganas,West Bengal,6.84,3.55,0.0,232.5,69.2,30.7,88.9,0,0,2,69.2,3.69,0.0,85,2
2024-03-23,VIL-004,Canning,South 24 Parganas,West Bengal,7.78,0.58,0.416,332.6,0.0,22.3,85.1,1,3,3,69.2,3.56,0.00125,50,1
2024-03-24,VIL-004,Canning,South 24 Parganas,West Bengal,6.92,2.91,0.0,20.9,0.0,25.0,55.7,4,3,3,69.2,3.57,0.0,50,1
2024-03-25,VIL-004,Canning,South 24 Parganas,West Bengal,7.2,2.62,0.431,86.4,0.0,27.6,82.3,2,2,3,0.0,3.43,0.00493,0,0
2024-03-26,VIL-004,Canning,South 24 Parganas,West Bengal,6.42,6.87,0.816,143.7,8.0,35.2,54.9,3,1,1,8.0,4.22,0.00564,60,1
2024-03-27,VIL-004,Canning,South 24 Parganas,West Bengal,6.44,1.45,0.595,20.8,0.0,24.7,75.7,1,2,0,8.0,3.9,0.02729,0,0
2024-03-28,VIL-004,Canning,South 24 Parganas,West Bengal,7.54,1.85,0.397,16.2,24.6,29.0,77.5,1,2,1,32.6,2.83,0.02308,0,0
2024-03-29,VIL-004,Canning,South 24 Parganas,West Bengal,7.63,3.07,0.231,0.9,42.4,31.3,78.7,1,0,0,67.0,2.76,0.12158,15,0
2024-03-30,VIL-004,Canning,South 24 Parganas,West Bengal,7.12,2.5,0.579,41.4,9.1,34.9,81.4,3,1,3,76.1,3.04,0.01366,15,0
2024-03-31,VIL-004,Canning,South 24 Parganas,West Bengal,6.36,4.27,0.464,179.2,0.0,32.1,74.9,0,4,3,51.5,3.23,0.00257,75,2
2024-04-01,VIL-004,Canning,South 24 Parganas,West Bengal,7.13,0.2,0.302,182.0,40.1,33.4,51.5,2,2,2,49.2,2.89,0.00165,35,1
2024-04-02,VIL-004,Canning,South 24 Parganas,West Bengal,7.85,2.79,0.253,10.7,0.0,32.5,81.4,1,3,1,40.1,2.3,0.02162,0,0
2024-04-03,VIL-004,Canning,South 24 Parganas,West Bengal,8.15,0.44,0.187,17.8,62.7,24.2,76.2,2,1,2,102.8,2.16,0.00995,35,1
2024-04-04,VIL-004,Canning,South 24 Parganas,West Bengal,6.91,1.27,0.417,40.9,0.0,30.4,64.2,2,1,2,62.7,2.08,0.00995,15,0
2024-04-05,VIL-004,Canning,South 24 Parganas,West Bengal,6.1,3.64,0.275,118.3,0.0,32.4,56.2,4,1,0,62.7,2.16,0.00231,50,1
2024-04-06,VIL-004,Canning,South 24 Parganas,West Bengal,7.6,0.58,0.38,73.8,0.4,25.2,93.5,3,3,1,0.4,1.88,0.00508,0,0
2024-04-07,VIL-004,Canning,South 24 Parganas,West Bengal,6.93,1.24,0.517,56.3,0.0,26.7,89.8,4,0,4,0.4,1.45,0.00902,0,0
2024-04-08,VIL-004,Canning,South 24 Parganas,West Bengal,7.67,4.08,0.27,69.9,33.1,25.8,83.5,0,2,2,33.5,2.01,0.00381,25,0
2024-04-09,VIL-004,Canning,South 24 Parganas,West Bengal,7.27,3.54,0.466,7.9,24.7,32.1,66.9,3,1,3,57.8,2.11,0.05236,15,0
2024-04-10,VIL-004,Canning,South 24 Parganas,West Bengal,6.57,0.32,0.57,50.7,0.0,28.7,44.8,2,2,1,57.8,2.1,0.01103,15,0
2024-04-11,VIL-004,Canning,South 24 Parganas,West Bengal,7.13,2.89,0.421,377.2,0.0,27.7,84.2,3,2,1,24.7,2.33,0.00111,35,1
2024-04-12,VIL-004,Canning,South 24 Parganas,West Bengal,7.89,0.54,0.476,7.2,0.0,23.9,79.4,3,4,1,0.0,1.88,0.05805,0,0
2024-04-13,VIL-004,Canning,South 24 Parganas,West Bengal,7.01,0.98,0.422,57.1,0.0,28.7,70.5,2,3,3,0.0,1.94,0.00726,0,0
2024-04-14,VIL-004,Canning,South 24 Parganas,West Bengal,6.48,2.07,0.353,27.3,8.7,26.7,88.5,0,4,0,8.7,2.06,0.01247,0,0
2024-04-15,VIL-004,Canning,South 24 Parganas,West Bengal,6.15,0.39,0.501,60.6,0.0,30.0,85.2,4,0,2,8.7,1.53,0.00813,0,0
2024-04-16,VIL-004,Canning,South 24 Parganas,West Bengal,6.64,17.0,0.64,66.5,0.0,24.4,77.1,1,3,1,8.7,3.46,0.00948,25,0
2024-04-17,VIL-004,Canning,South 24 Parganas,West Bengal,6.85,0.61,0.504,67.2,15.5,29.7,75.4,3,2,2,15.5,3.5,0.00739,0,0
2024-04-18,VIL-004,Canning,South 24 Parganas,West Bengal,7.59,5.11,0.315,149.1,8.1,27.2,75.6,4,3,2,23.6,3.81,0.0021,60,1
2024-04-19,VIL-004,Canning,South 24 Parganas,West Bengal,6.43,5.95,0.32,38.5,0.0,24.0,83.2,1,3,4,23.6,4.59,0.0081,25,0
2024-04-20,VIL-004,Canning,South 24 Parganas,West Bengal,8.03,17.46,0.327,56.7,0.0,23.7,64.7,1,2,3,8.1,6.94,0.00567,25,0
2024-04-21,VIL-004,Canning,South 24 Parganas,West Bengal,6.3,1.88,0.521,0.9,46.4,24.3,80.1,1,0,4,46.4,6.91,0.27421,0,0
2024-04-22,VIL-004,Canning,South 24 Parganas,West Bengal,8.5,6.96,0.255,121.6,1.9,28.2,64.0,2,4,0,48.3,7.85,0.00208,60,1
2024-04-23,VIL-004,Canning,South 24 Parganas,West Bengal,8.14,10.61,0.166,23.4,0.0,29.5,91.0,3,1,3,48.3,6.94,0.0068,45,1
2024-04-24,VIL-004,Canning,South 24 Parganas,West Bengal,7.18,0.64,0.434,132.3,0.0,30.1,81.4,2,3,2,1.9,6.94,0.00326,35,1
2024-04-25,VIL-004,Canning,South 24 Parganas,West Bengal,6.11,2.19,0.354,24.1,8.3,30.2,66.7,3,4,3,8.3,6.53,0.0141,0,0
2024-04-26,VIL-004,Canning,South 24 Parganas,West Bengal,7.07,0.21,0.617,0.8,0.0,26.0,76.0,1,1,3,8.3,5.71,0.34278,0,0
2024-04-27,VIL-004,Canning,South 24 Parganas,West Bengal,6.87,3.26,0.0,13.1,0.0,33.2,64.8,6,1,2,8.3,3.68,0.0,35,1
2024-04-28,VIL-004,Canning,South 24 Parganas,West Bengal,6.34,2.93,0.387,331.2,19.0,27.2,93.0,6,1,0,19.0,3.83,0.00116,35,1
2024-04-29,VIL-004,Canning,South 24 Parganas,West Bengal,7.27,0.77,0.277,30.1,0.0,30.8,94.5,3,2,4,19.0,2.94,0.00891,0,0
2024-04-30,VIL-004,Canning,South 24 Parganas,West Bengal,6.61,5.37,0.496,9.0,6.2,28.3,83.4,2,3,1,25.2,2.2,0.0496,25,0
2024-05-01,VIL-004,Canning,South 24 Parganas,West Bengal,6.67,0.2,0.3,9.9,0.0,30.5,93.7,5,2,3,6.2,2.13,0.02752,0,0
2024-05-02,VIL-004,Canning,South 24 Parganas,West Bengal,6.98,5.51,0.246,29.0,13.2,28.1,76.8,1,3,4,19.4,2.61,0.0082,25,0
2024-05-03,VIL-004,Canning,South 24 Parganas,West Bengal,6.76,0.2,0.518,3.0,0.6,30.6,84.2,3,1,1,13.8,2.61,0.1295,0,0
2024-05-04,VIL-004,Canning,South 24 Parganas,West Bengal,8.35,3.59,0.58,55.9,6.0,29.0,89.7,4,6,1,19.8,2.65,0.01019,20,0
2024-05-05,VIL-004,Canning,South 24 Parganas,West Bengal,6.78,0.28,0.332,18.8,18.3,32.3,74.9,2,6,1,24.9,2.27,0.01677,20,0
2024-05-06,VIL-004,Canning,South 24 Parganas,West Bengal,7.36,0.97,0.336,57.1,0.0,25.7,75.9,1,3,2,24.3,2.3,0.00578,0,0
2024-05-07,VIL-004,Canning,South 24 Parganas,West Bengal,7.19,4.3,0.579,11.8,0.0,21.9,86.2,4,2,3,18.3,2.15,0.04523,25,0
2024-05-08,VIL-004,Canning,South 24 Parganas,West Bengal,7.31,1.11,0.559,43.8,20.3,25.1,82.8,3,5,2,20.3,2.28,0.01248,0,0
2024-05-09,VIL-004,Canning,South 24 Parganas,West Bengal,7.36,2.4,0.536,71.1,11.5,33.3,65.9,6,1,3,31.8,1.84,0.00743,0,0
2024-05-10,VIL-004,Canning,South 24 Parganas,West Bengal,7.63,8.29,0.278,5.0,0.0,28.4,48.8,2,3,1,31.8,2.99,0.04633,25,0
2024-05-11,VIL-004,Canning,South 24 Parganas,West Bengal,7.26,0.2,0.231,39.7,9.0,29.4,72.9,1,4,6,20.5,2.51,0.00568,0,0
2024-05-12,VIL-004,Canning,South 24 Parganas,West Bengal,7.23,5.6,0.645,28.1,4.8,24.8,49.8,1,2,6,13.8,3.27,0.02216,25,0
2024-05-13,VIL-004,Canning,South 24 Parganas,West Bengal,7.14,0.23,0.46,21.4,0.0,29.3,63.1,1,1,3,13.8,3.16,0.02054,0,0
2024-05-14,VIL-004,Canning,South 24 Parganas,West Bengal,7.02,0.46,0.217,72.4,0.0,24.9,64.5,4,4,2,4.8,2.61,0.00296,0,0
2024-05-15,VIL-004,Canning,South 24 Parganas,West Bengal,6.55,0.43,0.331,69.3,0.0,25.5,68.2,3,3,5,0.0,2.52,0.00471,0,0
2024-05-16,VIL-004,Canning,South 24 Parganas,West Bengal,7.06,17.25,0.365,77.7,0.0,27.4,84.8,1,6,1,0.0,4.64,0.00464,45,1
2024-05-17,VIL-004,Canning,South 24 Parganas,West Bengal,7.24,0.67,0.331,13.5,9.1,30.8,87.5,3,2,3,9.1,3.55,0.02283,0,0
2024-05-18,VIL-004,Canning,South 24 Parganas,West Bengal,7.34,7.63,0.297,26.2,0.0,31.2,81.1,6,1,4,9.1,4.61,0.01092,25,0
2024-05-19,VIL-004,Canning,South 24 Parganas,West Bengal,7.21,15.8,0.572,18.4,22.3,31.3,82.6,1,1,2,31.4,6.07,0.02948,25,0
2024-05-20,VIL-004,Canning,South 24 Parganas,West Bengal,6.96,1.63,0.445,60.7,19.0,22.6,82.9,2,1,1,41.3,6.27,0.00721,0,0
2024-05-21,VIL-004,Canning,South 24 Parganas,West Bengal,7.07,3.35,0.756,48.2,0.0,29.0,45.0,2,4,4,41.3,6.68,0.01537,0,0
2024-05-22,VIL-004,Canning,South 24 Parganas,West Bengal,6.77,5.07,0.581,31.3,0.0,28.2,75.1,4,3,3,19.0,7.34,0.01799,25,0
2024-05-23,VIL-004,Canning,South 24 Parganas,West Bengal,7.29,1.68,0.375,120.3,8.2,22.9,53.4,2,1,6,8.2,5.12,0.00309,35,1
2024-05-24,VIL-004,Canning,South 24 Parganas,West Bengal,6.97,0.59,0.605,7.7,6.0,29.1,81.1,1,3,2,14.2,5.11,0.06954,0,0
2024-05-25,VIL-004,Canning,South 24 Parganas,West Bengal,7.21,1.91,0.414,287.4,0.0,28.0,49.9,3,6,1,14.2,4.29,0.00144,55,1
2024-05-26,VIL-004,Canning,South 24 Parganas,West Bengal,7.7,4.97,0.785,9.7,0.0,31.0,72.8,2,1,1,6.0,2.74,0.07336,25,0
2024-05-27,VIL-004,Canning,South 24 Parganas,West Bengal,6.67,5.1,0.293,115.7,0.0,29.3,81.6,2,2,1,0.0,3.24,0.00251,60,1
2024-05-28,VIL-004,Canning,South 24 Parganas,West Bengal,7.46,0.88,0.432,35.8,0.0,26.8,61.6,2,2,4,0.0,2.89,0.01174,0,0
2024-05-29,VIL-004,Canning,South 24 Parganas,West Bengal,7.12,0.65,0.242,156.3,0.0,32.7,86.5,2,4,3,0.0,2.25,0.00154,35,1
2024-05-30,VIL-004,Canning,South 24 Parganas,West Bengal,8.31,8.51,0.281,6.0,0.0,20.1,81.1,2,2,1,0.0,3.23,0.04014,25,0
2024-05-31,VIL-004,Canning,South 24 Parganas,West Bengal,6.97,0.2,0.289,36.6,0.0,28.7,79.6,3,1,3,0.0,3.17,0.00769,0,0
2024-06-01,VIL-004,Canning,South 24 Parganas,West Bengal,7.52,4.46,0.573,31.9,31.6,21.9,83.4,6,3,6,31.6,3.54,0.01742,25,0
2024-06-02,VIL-004,Canning,South 24 Parganas,West Bengal,7.11,0.2,0.387,388.8,75.4,25.4,70.7,2,2,1,107.0,2.86,0.00099,65,2
2024-06-03,VIL-004,Canning,South 24 Parganas,West Bengal,6.27,6.11,0.0,330.5,0.0,31.1,76.8,4,2,2,107.0,3.0,0.0,110,2
2024-06-04,VIL-004,Canning,South 24 Parganas,West Bengal,6.79,7.92,0.367,16.4,17.3,23.9,75.1,2,2,2,92.7,4.01,0.02109,40,1
2024-06-05,VIL-004,Canning,South 24 Parganas,West Bengal,7.63,1.19,0.175,77.5,16.4,23.3,74.8,2,2,4,33.7,4.08,0.00223,20,0
2024-06-06,VIL-004,Canning,South 24 Parganas,West Bengal,6.84,0.26,0.271,59.8,0.0,38.5,66.9,1,2,2,33.7,2.91,0.00446,0,0
2024-06-07,VIL-004,Canning,South 24 Parganas,West Bengal,5.77,2.2,0.557,13.1,23.1,23.6,60.1,2,3,1,39.5,3.19,0.0395,0,0
2024-06-08,VIL-004,Canning,South 24 Parganas,West Bengal,7.08,1.19,0.108,14.3,0.0,35.6,71.0,4,6,3,23.1,2.72,0.00706,40,1
2024-06-09,VIL-004,Canning,South 24 Parganas,West Bengal,6.44,1.81,0.129,353.6,12.7,28.3,70.3,2,2,2,35.8,2.95,0.00036,70,2
2024-06-10,VIL-004,Canning,South 24 Parganas,West Bengal,7.18,3.67,0.051,47.0,0.0,26.9,66.2,3,4,2,12.7,2.61,0.00106,20,0
2024-06-11,VIL-004,Canning,South 24 Parganas,West Bengal,8.03,0.79,0.28,10.5,0.0,31.3,85.2,2,2,2,12.7,1.59,0.02435,0,0
2024-06-12,VIL-004,Canning,South 24 Parganas,West Bengal,7.56,1.48,0.046,18.9,0.0,34.3,60.9,4,2,2,0.0,1.63,0.00231,20,0
2024-06-13,VIL-004,Canning,South 24 Parganas,West Bengal,8.02,5.13,0.061,24.4,9.1,24.4,72.9,4,1,2,9.1,2.32,0.0024,45,1
2024-06-14,VIL-004,Canning,South 24 Parganas,West Bengal,6.76,3.47,0.309,55.8,0.0,27.0,89.0,2,2,3,9.1,2.51,0.00544,0,0
2024-06-15,VIL-004,Canning,South 24 Parganas,West Bengal,7.01,1.33,0.406,31.9,0.0,32.4,85.9,0,4,6,9.1,2.53,0.01234,0,0
2024-06-16,VIL-004,Canning,South 24 Parganas,West Bengal,6.47,3.67,0.186,47.3,0.0,30.2,89.6,2,2,2,0.0,2.79,0.00385,20,0
2024-06-17,VIL-004,Canning,South 24 Parganas,West Bengal,6.69,4.87,0.415,14.2,0.0,33.4,67.9,4,3,4,0.0,2.96,0.0273,25,0
2024-06-18,VIL-004,Canning,South 24 Parganas,West Bengal,6.54,3.02,0.37,30.9,0.0,31.1,84.4,4,2,2,0.0,3.28,0.0116,0,0
2024-06-19,VIL-004,Canning,South 24 Parganas,West Bengal,6.32,0.92,0.447,5.7,43.7,36.2,62.2,0,4,2,43.7,3.2,0.06672,0,0
2024-06-20,VIL-004,Canning,South 24 Parganas,West Bengal,7.92,0.2,0.163,172.0,0.0,29.7,71.7,0,4,1,43.7,2.5,0.00094,70,2
2024-06-21,VIL-004,Canning,South 24 Parganas,West Bengal,5.84,5.46,0.707,17.3,0.0,29.9,72.8,1,2,2,43.7,2.78,0.03863,25,0
2024-06-22,VIL-004,Canning,South 24 Parganas,West Bengal,7.92,5.81,0.145,110.3,0.0,30.3,68.1,3,0,4,0.0,3.42,0.0013,80,2
2024-06-23,VIL-004,Canning,South 24 Parganas,West Bengal,7.85,4.02,0.237,33.5,0.0,28.4,70.7,4,2,2,0.0,3.47,0.00687,25,0
2024-06-24,VIL-004,Canning,South 24 Parganas,West Bengal,7.4,0.27,0.443,50.2,0.0,32.4,69.1,0,4,3,0.0,2.81,0.00865,0,0
2024-06-25,VIL-004,Canning,South 24 Parganas,West Bengal,6.43,2.96,0.371,26.9,18.4,29.9,63.2,3,4,2,18.4,2.81,0.0133,0,0
2024-06-26,VIL-004,Canning,South 24 Parganas,West Bengal,6.15,5.78,0.502,93.0,0.0,32.2,85.3,9,0,4,18.4,3.5,0.00534,25,0
2024-06-27,VIL-004,Canning,South 24 Parganas,West Bengal,6.77,1.66,0.294,145.2,0.0,32.8,72.8,1,0,4,18.4,3.71,0.00201,35,1
2024-06-28,VIL-004,Canning,South 24 Parganas,West Bengal,7.48,0.74,0.129,26.3,0.0,30.7,77.4,0,1,2,0.0,3.03,0.00473,20,0
2024-06-29,VIL-004,Canning,South 24 Parganas,West Bengal,7.1,2.98,0.075,21.6,0.0,31.0,77.0,1,3,0,0.0,2.63,0.00332,20,0
2024-06-30,VIL-004,Canning,South 24 Parganas,West Bengal,6.47,5.88,0.67,89.2,0.0,25.0,75.7,3,4,2,0.0,2.9,0.00743,25,0
2024-07-01,VIL-004,Canning,South 24 Parganas,West Bengal,7.79,0.2,0.295,16.9,0.0,26.8,76.1,6,0,4,0.0,2.89,0.01648,0,0
2024-07-02,VIL-004,Canning,South 24 Parganas,West Bengal,8.11,3.05,0.32,79.7,21.3,32.4,71.3,2,3,4,21.3,2.9,0.00397,0,0
2024-07-03,VIL-004,Canning,South 24 Parganas,West Bengal,6.96,3.46,0.674,7.7,0.0,34.7,92.0,4,9,0,21.3,2.57,0.07747,20,0
2024-07-04,VIL-004,Canning,South 24 Parganas,West Bengal,7.17,3.1,0.261,75.5,0.0,21.2,84.1,5,1,0,21.3,2.77,0.00341,0,0
2024-07-05,VIL-004,Canning,South 24 Parganas,West Bengal,6.19,3.53,0.354,56.2,0.0,26.7,75.2,3,0,1,0.0,3.17,0.00619,0,0
2024-07-06,VIL-004,Canning,South 24 Parganas,West Bengal,6.85,3.35,0.164,9.4,0.0,29.1,69.6,3,1,3,0.0,3.22,0.01577,20,0
2024-07-07,VIL-004,Canning,South 24 Parganas,West Bengal,7.41,0.47,0.114,81.7,0.0,25.5,73.6,1,3,4,0.0,2.45,0.00138,20,0
2024-07-08,VIL-004,Canning,South 24 Parganas,West Bengal,7.31,0.9,0.69,46.1,0.0,25.7,80.0,2,6,0,0.0,2.55,0.01465,20,0
2024-07-09,VIL-004,Canning,South 24 Parganas,West Bengal,6.8,3.24,0.693,19.1,60.5,30.9,93.0,2,2,3,60.5,2.58,0.03448,15,0
2024-07-10,VIL-004,Canning,South 24 Parganas,West Bengal,6.94,0.2,0.534,34.0,32.2,35.3,58.5,2,4,9,92.7,2.11,0.01526,15,0
2024-07-11,VIL-004,Canning,South 24 Parganas,West Bengal,6.83,3.38,0.528,52.8,0.0,20.9,82.9,1,5,1,92.7,2.15,0.00981,15,0
2024-07-12,VIL-004,Canning,South 24 Parganas,West Bengal,6.93,3.68,0.486,7.5,0.0,28.3,88.5,2,3,0,32.2,2.17,0.05718,0,0
2024-07-13,VIL-004,Canning,South 24 Parganas,West Bengal,7.35,0.92,0.217,246.5,0.0,30.9,57.2,1,3,1,0.0,1.83,0.00088,50,1
2024-07-14,VIL-004,Canning,South 24 Parganas,West Bengal,5.92,3.06,0.402,85.4,0.0,32.1,72.8,2,1,3,0.0,2.2,0.00465,0,0
2024-07-15,VIL-004,Canning,South 24 Parganas,West Bengal,7.06,2.57,0.259,8.4,8.0,30.3,62.2,1,2,6,8.0,2.44,0.02755,0,0
2024-07-16,VIL-004,Canning,South 24 Parganas,West Bengal,7.31,1.01,0.0,135.0,0.0,36.0,80.2,1,2,2,8.0,2.12,0.0,70,2
2024-07-17,VIL-004,Canning,South 24 Parganas,West Bengal,6.76,2.09,0.551,30.4,0.0,29.1,70.7,2,2,4,8.0,2.39,0.01755,0,0
2024-07-18,VIL-004,Canning,South 24 Parganas,West Bengal,6.81,8.08,0.45,70.8,11.1,34.2,73.4,4,1,5,11.1,3.06,0.00627,25,0
2024-07-19,VIL-004,Canning,South 24 Parganas,West Bengal,6.83,1.87,0.113,25.3,0.0,26.4,70.1,3,2,3,11.1,2.8,0.0043,20,0
2024-07-20,VIL-004,Canning,South 24 Parganas,West Bengal,6.81,3.34,0.285,103.1,0.0,29.2,83.6,5,1,3,11.1,3.15,0.00274,35,1
2024-07-21,VIL-004,Canning,South 24 Parganas,West Bengal,7.1,0.2,0.539,100.1,1.1,24.1,77.7,5,2,1,1.1,2.74,0.00533,35,1
2024-07-22,VIL-004,Canning,South 24 Parganas,West Bengal,7.18,0.27,0.374,62.6,17.1,32.6,77.8,2,1,2,18.2,2.41,0.00588,0,0
2024-07-23,VIL-004,Canning,South 24 Parganas,West Bengal,5.84,0.28,0.044,21.5,10.7,28.5,76.9,3,1,2,28.9,2.3,0.00196,20,0
2024-07-24,VIL-004,Canning,South 24 Parganas,West Bengal,7.49,5.06,0.132,22.8,16.8,30.4,81.9,4,2,2,44.6,2.73,0.00555,45,1
2024-07-25,VIL-004,Canning,South 24 Parganas,West Bengal,6.93,1.45,0.684,37.6,0.0,27.7,71.9,0,4,1,27.5,1.78,0.01772,0,0
2024-07-26,VIL-004,Canning,South 24 Parganas,West Bengal,8.26,0.87,0.362,12.2,28.9,31.3,95.4,1,3,2,45.7,1.64,0.02742,0,0
2024-07-27,VIL-004,Canning,South 24 Parganas,West Bengal,6.39,4.62,0.541,32.1,0.0,30.6,60.2,4,5,1,28.9,1.82,0.01634,25,0
2024-07-28,VIL-004,Canning,South 24 Parganas,West Bengal,6.58,0.63,0.681,89.9,26.6,25.0,54.3,5,5,2,55.5,1.88,0.00749,15,0
2024-07-29,VIL-004,Canning,South 24 Parganas,West Bengal,6.98,0.95,0.267,138.6,0.0,25.3,53.3,1,2,1,26.6,1.98,0.00191,35,1
2024-07-30,VIL-004,Canning,South 24 Parganas,West Bengal,7.35,1.89,0.413,31.5,7.9,28.9,50.0,4,3,1,34.5,2.21,0.01271,0,0
2024-07-31,VIL-004,Canning,South 24 Parganas,West Bengal,5.93,1.35,0.0,20.8,0.0,31.6,83.1,2,4,2,7.9,1.68,0.0,35,1
2024-08-01,VIL-004,Canning,South 24 Parganas,West Bengal,6.6,2.96,0.241,139.4,0.0,36.5,81.6,6,0,4,7.9,1.9,0.00172,35,1
2024-08-02,VIL-004,Canning,South 24 Parganas,West Bengal,7.45,1.39,0.454,172.7,0.0,30.2,89.5,4,1,3,0.0,1.97,0.00261,35,1
2024-08-03,VIL-004,Canning,South 24 Parganas,West Bengal,6.53,1.68,0.315,41.2,0.0,33.0,62.3,2,4,5,0.0,1.55,0.00746,0,0
2024-08-04,VIL-004,Canning,South 24 Parganas,West Bengal,7.92,6.68,0.431,2.1,0.0,22.5,83.9,3,5,5,0.0,2.41,0.13903,25,0
2024-08-05,VIL-004,Canning,South 24 Parganas,West Bengal,6.83,7.25,0.517,92.6,0.0,37.1,75.7,2,1,2,0.0,3.31,0.00552,25,0
2024-08-06,VIL-004,Canning,South 24 Parganas,West Bengal,6.56,5.91,0.451,119.5,22.9,31.4,77.0,2,4,3,22.9,3.89,0.00374,60,1
2024-08-07,VIL-004,Canning,South 24 Parganas,West Bengal,7.47,6.72,0.41,1.4,0.0,28.8,82.5,1,2,4,22.9,4.66,0.17083,25,0
2024-08-08,VIL-004,Canning,South 24 Parganas,West Bengal,8.06,2.83,0.384,70.5,11.9,28.3,65.9,3,6,0,34.8,4.64,0.00537,20,0
2024-08-09,VIL-004,Canning,South 24 Parganas,West Bengal,7.35,3.49,0.248,69.2,0.0,24.6,99.0,2,4,1,11.9,4.94,0.00353,0,0
2024-08-10,VIL-004,Canning,South 24 Parganas,West Bengal,7.86,2.74,0.184,37.1,0.0,25.7,91.0,0,2,4,11.9,5.09,0.00483,20,0
2024-08-11,VIL-004,Canning,South 24 Parganas,West Bengal,8.11,5.17,0.594,108.1,0.0,36.6,68.6,3,3,5,0.0,4.87,0.00544,60,1
2024-08-12,VIL-004,Canning,South 24 Parganas,West Bengal,6.55,2.69,0.493,43.6,2.1,25.0,61.9,0,2,1,2.1,4.22,0.01105,0,0
2024-08-13,VIL-004,Canning,South 24 Parganas,West Bengal,7.66,0.4,0.208,88.1,6.2,25.0,73.9,1,2,4,8.3,3.43,0.00233,0,0
2024-08-14,VIL-004,Canning,South 24 Parganas,West Bengal,6.19,5.57,0.362,56.8,22.3,26.2,77.2,4,1,2,30.6,3.27,0.00626,25,0
2024-08-15,VIL-004,Canning,South 24 Parganas,West Bengal,7.35,4.8,0.099,22.3,16.0,24.2,87.8,3,3,6,44.5,3.55,0.00425,45,1
2024-08-16,VIL-004,Canning,South 24 Parganas,West Bengal,7.06,5.77,0.264,72.7,11.8,29.1,61.0,3,2,4,50.1,3.88,0.00358,40,1
2024-08-17,VIL-004,Canning,South 24 Parganas,West Bengal,7.85,0.71,0.446,104.1,15.3,33.4,78.4,2,0,2,43.1,3.59,0.00424,35,1
2024-08-18,VIL-004,Canning,South 24 Parganas,West Bengal,7.8,1.06,0.397,284.4,0.0,26.6,56.7,4,3,3,27.1,3.0,0.00139,35,1
2024-08-19,VIL-004,Canning,South 24 Parganas,West Bengal,7.44,1.18,0.371,37.3,0.0,23.5,80.2,0,0,2,15.3,2.78,0.00969,0,0
2024-08-20,VIL-004,Canning,South 24 Parganas,West Bengal,7.28,2.38,0.191,5.2,0.0,30.2,73.7,1,1,2,0.0,3.07,0.03081,20,0
2024-08-21,VIL-004,Canning,South 24 Parganas,West Bengal,7.41,0.48,0.154,344.8,0.0,28.8,98.2,2,4,1,0.0,2.34,0.00045,70,2
2024-08-22,VIL-004,Canning,South 24 Parganas,West Bengal,7.14,1.64,0.521,76.3,0.0,33.0,56.4,2,3,3,0.0,1.89,0.00674,0,0
2024-08-23,VIL-004,Canning,South 24 Parganas,West Bengal,7.06,0.68,0.655,228.3,0.0,27.2,91.4,5,3,2,0.0,1.16,0.00286,35,1
2024-08-24,VIL-004,Canning,South 24 Parganas,West Bengal,7.97,1.03,0.449,8.6,0.0,28.0,54.6,2,2,0,0.0,1.21,0.04677,0,0
2024-08-25,VIL-004,Canning,South 24 Parganas,West Bengal,8.04,4.12,0.319,32.7,25.4,28.4,59.1,2,4,3,25.4,1.64,0.00947,25,0
2024-08-26,VIL-004,Canning,South 24 Parganas,West Bengal,7.02,6.48,0.571,11.2,0.0,29.4,54.9,5,0,0,25.4,2.4,0.0468,25,0
2024-08-27,VIL-004,Canning,South 24 Parganas,West Bengal,7.24,0.2,0.198,140.8,0.0,27.4,78.0,4,1,1,25.4,2.09,0.0014,55,1
2024-08-28,VIL-004,Canning,South 24 Parganas,West Bengal,7.15,2.8,0.54,165.6,39.7,26.8,60.9,3,2,4,39.7,2.42,0.00324,35,1
2024-08-29,VIL-004,Canning,South 24 Parganas,West Bengal,6.13,0.2,0.243,54.3,0.0,21.6,58.8,2,2,3,39.7,2.22,0.00439,0,0
2024-08-30,VIL-004,Canning,South 24 Parganas,West Bengal,6.9,0.3,0.251,16.1,2.7,26.7,77.4,2,5,3,42.4,2.16,0.01468,0,0
2024-08-31,VIL-004,Canning,South 24 Parganas,West Bengal,8.06,4.1,0.29,10.6,1.7,31.9,80.4,3,2,2,4.4,2.6,0.025,25,0
2024-09-01,VIL-004,Canning,South 24 Parganas,West Bengal,6.65,4.47,0.332,69.2,0.0,32.4,75.5,0,2,4,4.4,2.65,0.00473,25,0
2024-09-02,VIL-004,Canning,South 24 Parganas,West Bengal,8.37,5.65,0.515,55.1,21.9,27.1,73.1,2,5,0,23.6,2.53,0.00918,25,0
2024-09-03,VIL-004,Canning,South 24 Parganas,West Bengal,7.8,2.16,0.115,92.6,21.7,34.2,96.9,0,4,1,43.6,2.81,0.00123,20,0
2024-09-04,VIL-004,Canning,South 24 Parganas,West Bengal,7.34,6.6,0.241,28.4,44.5,28.9,76.8,3,3,2,88.1,3.35,0.0082,40,1
2024-09-05,VIL-004,Canning,South 24 Parganas,West Bengal,7.44,0.61,0.388,40.2,0.0,23.6,84.7,2,2,2,66.2,3.41,0.00942,15,0
2024-09-06,VIL-004,Canning,South 24 Parganas,West Bengal,6.55,0.97,0.45,1.7,14.8,22.4,76.7,3,2,5,59.3,3.51,0.16667,15,0
2024-09-07,VIL-004,Canning,South 24 Parganas,West Bengal,6.94,0.49,0.043,73.5,0.0,33.9,61.8,1,3,2,14.8,2.99,0.00058,35,1
2024-09-08,VIL-004,Canning,South 24 Parganas,West Bengal,7.96,5.37,0.208,42.9,70.0,27.5,81.6,4,0,2,84.8,3.12,0.00474,40,1
2024-09-09,VIL-004,Canning,South 24 Parganas,West Bengal,6.73,0.87,0.035,196.8,0.0,24.1,67.1,1,2,5,70.0,2.44,0.00018,85,2
2024-09-10,VIL-004,Canning,South 24 Parganas,West Bengal,7.74,0.57,0.224,80.1,0.0,20.0,73.9,1,0,4,70.0,2.21,0.00276,15,0
2024-09-11,VIL-004,Canning,South 24 Parganas,West Bengal,6.27,3.28,0.271,39.7,2.9,27.4,78.7,2,3,3,2.9,1.74,0.00666,0,0
2024-09-12,VIL-004,Canning,South 24 Parganas,West Bengal,6.38,0.27,0.44,23.9,26.0,30.6,51.7,2,2,2,28.9,1.69,0.01767,0,0
2024-09-13,VIL-004,Canning,South 24 Parganas,West Bengal,8.24,0.2,0.0,183.8,18.0,26.2,55.7,1,3,2,46.9,1.58,0.0,70,2
2024-09-14,VIL-004,Canning,South 24 Parganas,West Bengal,7.09,0.38,0.468,1.3,0.0,24.8,85.9,5,1,3,44.0,1.56,0.20348,0,0
2024-09-15,VIL-004,Canning,South 24 Parganas,West Bengal,6.78,0.2,0.258,30.9,0.5,26.8,67.0,4,4,0,18.5,0.82,0.00809,0,0
2024-09-16,VIL-004,Canning,South 24 Parganas,West Bengal,7.92,4.01,0.289,224.1,1.5,34.0,67.6,3,1,2,2.0,1.27,0.00128,60,1
2024-09-17,VIL-004,Canning,South 24 Parganas,West Bengal,7.85,2.78,0.525,82.8,1.3,23.4,77.0,4,1,0,3.3,1.59,0.00626,0,0
2024-09-18,VIL-004,Canning,South 24 Parganas,West Bengal,7.65,0.79,0.592,59.3,16.2,26.4,70.4,3,2,3,19.0,1.23,0.00982,0,0
2024-09-19,VIL-004,Canning,South 24 Parganas,West Bengal,6.76,0.89,0.232,17.8,16.6,33.8,80.0,1,2,2,34.1,1.32,0.01234,0,0
2024-09-20,VIL-004,Canning,South 24 Parganas,West Bengal,6.93,5.6,0.231,139.8,0.0,31.0,74.4,4,1,3,32.8,2.09,0.00164,60,1
2024-09-21,VIL-004,Canning,South 24 Parganas,West Bengal,7.29,2.34,0.286,17.8,0.0,29.7,77.4,2,5,1,16.6,2.37,0.01521,0,0
2024-09-22,VIL-004,Canning,South 24 Parganas,West Bengal,7.52,4.03,0.23,22.3,0.0,26.4,66.6,2,4,4,0.0,2.92,0.00987,25,0
2024-09-23,VIL-004,Canning,South 24 Parganas,West Bengal,6.79,2.03,0.092,16.6,0.0,29.1,77.3,2,3,1,0.0,2.64,0.00523,20,0
2024-09-24,VIL-004,Canning,South 24 Parganas,West Bengal,7.2,0.91,0.344,13.4,0.0,26.8,88.3,7,4,1,0.0,2.37,0.02389,0,0
2024-09-25,VIL-004,Canning,South 24 Parganas,West Bengal,7.26,11.83,0.231,239.0,0.0,25.6,68.2,3,3,2,0.0,3.95,0.00096,75,2
2024-09-26,VIL-004,Canning,South 24 Parganas,West Bengal,7.87,2.8,0.368,71.9,0.0,24.7,86.0,2,1,2,0.0,4.22,0.00505,0,0
2024-09-27,VIL-004,Canning,South 24 Parganas,West Bengal,7.55,0.47,0.658,79.2,0.0,32.1,74.4,0,4,1,0.0,3.49,0.0082,0,0
2024-09-28,VIL-004,Canning,South 24 Parganas,West Bengal,6.2,1.75,0.331,240.7,0.0,28.8,83.8,3,2,5,0.0,3.4,0.00137,35,1
2024-09-29,VIL-004,Canning,South 24 Parganas,West Bengal,6.97,1.34,0.214,20.4,0.0,30.3,76.5,2,2,4,0.0,3.02,0.01,0,0
2024-09-30,VIL-004,Canning,South 24 Parganas,West Bengal,6.54,0.81,0.301,0.5,4.8,29.6,74.6,2,2,3,4.8,2.84,0.20067,0,0
2024-10-01,VIL-004,Canning,South 24 Parganas,West Bengal,7.44,9.1,0.373,71.3,16.0,30.8,79.2,4,7,4,20.8,4.01,0.00516,45,1
2024-10-02,VIL-004,Canning,South 24 Parganas,West Bengal,7.65,7.15,0.32,55.3,58.8,28.0,89.6,0,3,3,79.6,3.35,0.00568,40,1
2024-10-03,VIL-004,Canning,South 24 Parganas,West Bengal,7.16,0.75,0.249,50.7,0.0,27.1,77.8,1,2,1,74.8,3.05,0.00482,15,0
2024-10-04,VIL-004,Canning,South 24 Parganas,West Bengal,6.94,1.46,0.052,5.0,2.3,25.7,80.7,2,0,4,61.1,3.19,0.00867,35,1
2024-10-05,VIL-004,Canning,South 24 Parganas,West Bengal,7.14,4.83,0.464,47.3,0.0,23.3,70.6,4,3,2,2.3,3.63,0.00961,25,0
2024-10-06,VIL-004,Canning,South 24 Parganas,West Bengal,7.23,0.79,0.189,26.4,0.0,24.5,93.9,2,2,2,2.3,3.56,0.0069,20,0
2024-10-07,VIL-004,Canning,South 24 Parganas,West Bengal,6.72,3.01,0.613,25.0,0.0,27.5,82.7,1,2,2,0.0,3.87,0.02358,0,0
2024-10-08,VIL-004,Canning,South 24 Parganas,West Bengal,6.37,4.04,0.284,19.6,30.2,22.6,75.9,4,4,7,30.2,3.15,0.01379,25,0
2024-10-09,VIL-004,Canning,South 24 Parganas,West Bengal,5.87,3.57,0.257,31.5,0.0,23.5,73.5,1,0,3,30.2,2.64,0.00791,0,0
2024-10-10,VIL-004,Canning,South 24 Parganas,West Bengal,7.86,4.12,0.265,34.0,0.0,33.2,86.7,3,1,2,30.2,3.12,0.00757,25,0
2024-10-11,VIL-004,Canning,South 24 Parganas,West Bengal,7.4,4.12,0.377,28.8,4.0,29.9,67.7,0,2,0,4.0,3.5,0.01265,25,0
2024-10-12,VIL-004,Canning,South 24 Parganas,West Bengal,7.32,11.25,0.194,300.4,0.0,27.2,53.6,2,4,3,4.0,4.41,0.00064,95,2
2024-10-13,VIL-004,Canning,South 24 Parganas,West Bengal,7.86,1.43,0.228,210.5,0.0,38.1,75.9,2,2,2,4.0,4.51,0.00108,35,1
2024-10-14,VIL-004,Canning,South 24 Parganas,West Bengal,6.35,7.08,0.462,66.7,3.7,22.4,89.3,3,1,2,3.7,5.09,0.00682,25,0
2024-10-15,VIL-004,Canning,South 24 Parganas,West Bengal,6.06,0.2,0.167,309.4,0.0,32.9,94.1,2,4,4,3.7,4.54,0.00054,70,2
2024-10-16,VIL-004,Canning,South 24 Parganas,West Bengal,7.33,1.14,0.449,369.2,0.0,28.6,73.7,1,1,0,3.7,4.19,0.00121,35,1
2024-10-17,VIL-004,Canning,South 24 Parganas,West Bengal,7.28,0.2,0.499,34.3,0.0,32.1,75.5,0,3,1,0.0,3.63,0.01414,0,0
2024-10-18,VIL-004,Canning,South 24 Parganas,West Bengal,6.06,3.54,0.47,46.0,0.0,29.4,81.2,4,0,2,0.0,3.55,0.01,0,0
2024-10-19,VIL-004,Canning,South 24 Parganas,West Bengal,7.32,0.36,0.392,249.3,0.0,21.5,71.8,3,2,4,0.0,1.99,0.00157,35,1
2024-10-20,VIL-004,Canning,South 24 Parganas,West Bengal,6.86,6.28,0.025,73.2,0.0,29.4,81.2,2,2,2,0.0,2.69,0.00034,60,1
2024-10-21,VIL-004,Canning,South 24 Parganas,West Bengal,6.62,3.49,0.132,18.7,0.0,30.3,74.0,2,3,1,0.0,2.17,0.0067,20,0
2024-10-22,VIL-004,Canning,South 24 Parganas,West Bengal,6.9,0.2,0.106,91.2,30.8,20.2,87.1,1,2,4,30.8,2.17,0.00115,20,0
2024-10-23,VIL-004,Canning,South 24 Parganas,West Bengal,5.64,4.22,0.282,18.0,1.4,36.8,83.7,4,1,1,32.2,2.61,0.01484,25,0
2024-10-24,VIL-004,Canning,South 24 Parganas,West Bengal,6.75,6.66,0.356,32.3,10.7,30.2,84.7,9,0,3,42.9,3.54,0.01069,25,0
2024-10-25,VIL-004,Canning,South 24 Parganas,West Bengal,6.68,3.64,0.136,20.1,0.0,31.7,72.5,2,4,0,12.1,3.55,0.00645,20,0
2024-10-26,VIL-004,Canning,South 24 Parganas,West Bengal,7.43,0.2,0.319,21.9,3.8,24.3,98.1,0,3,2,14.5,3.53,0.01393,0,0
2024-10-27,VIL-004,Canning,South 24 Parganas,West Bengal,7.01,6.56,0.473,0.4,0.0,31.8,80.8,2,2,2,3.8,3.57,0.33786,25,0
2024-10-28,VIL-004,Canning,South 24 Parganas,West Bengal,7.48,4.43,0.17,165.8,0.0,33.4,78.0,4,2,3,3.8,3.7,0.00102,80,2
2024-10-29,VIL-004,Canning,South 24 Parganas,West Bengal,5.57,1.6,0.203,27.4,0.0,30.0,65.9,2,1,2,0.0,3.9,0.00715,0,0
2024-10-30,VIL-004,Canning,South 24 Parganas,West Bengal,6.6,1.34,0.563,7.0,2.7,29.0,73.8,3,4,1,2.7,3.49,0.07037,0,0
2024-10-31,VIL-004,Canning,South 24 Parganas,West Bengal,7.43,2.2,0.183,7.1,25.6,25.4,76.4,1,9,0,28.3,2.85,0.02259,40,1
2024-11-01,VIL-004,Canning,South 24 Parganas,West Bengal,6.91,6.78,0.412,63.3,7.0,28.1,65.5,2,2,4,35.3,3.3,0.00641,25,0
2024-11-02,VIL-004,Canning,South 24 Parganas,West Bengal,7.61,0.98,0.573,386.1,5.0,27.0,71.5,4,0,3,37.6,3.41,0.00148,35,1
2024-11-03,VIL-004,Canning,South 24 Parganas,West Bengal,6.02,0.36,0.137,12.2,0.0,31.3,73.0,4,2,2,12.0,2.53,0.01038,20,0
2024-11-04,VIL-004,Canning,South 24 Parganas,West Bengal,7.54,6.72,0.151,8.2,0.0,25.6,75.7,3,4,2,5.0,2.85,0.01641,45,1
2024-11-05,VIL-004,Canning,South 24 Parganas,West Bengal,6.72,0.2,0.308,45.0,5.8,31.3,53.8,2,2,1,5.8,2.65,0.0067,0,0
2024-11-06,VIL-004,Canning,South 24 Parganas,West Bengal,6.66,8.13,0.362,64.6,0.0,25.6,73.4,0,3,4,5.8,3.62,0.00552,25,0
2024-11-07,VIL-004,Canning,South 24 Parganas,West Bengal,7.69,1.23,0.235,27.2,0.0,28.0,70.5,4,1,9,5.8,3.49,0.00833,0,0
2024-11-08,VIL-004,Canning,South 24 Parganas,West Bengal,7.8,2.38,0.705,28.1,7.6,31.5,74.7,1,2,2,7.6,2.86,0.02423,0,0
2024-11-09,VIL-004,Canning,South 24 Parganas,West Bengal,7.72,0.48,0.447,43.1,0.0,26.2,87.4,1,4,0,7.6,2.79,0.01014,0,0
2024-11-10,VIL-004,Canning,South 24 Parganas,West Bengal,8.32,7.81,0.205,29.4,23.3,31.6,99.0,2,4,2,30.9,3.85,0.00674,25,0
2024-11-11,VIL-004,Canning,South 24 Parganas,West Bengal,7.86,4.66,0.104,192.6,0.0,31.2,83.1,3,3,4,23.3,3.56,0.00054,95,2
2024-11-12,VIL-004,Canning,South 24 Parganas,West Bengal,6.62,8.67,0.339,3.3,0.0,27.9,60.2,3,2,2,23.3,4.77,0.07884,25,0
2024-11-13,VIL-004,Canning,South 24 Parganas,West Bengal,7.18,3.86,0.429,20.9,19.1,33.6,70.9,3,0,3,19.1,4.16,0.01959,0,0
2024-11-14,VIL-004,Canning,South 24 Parganas,West Bengal,6.88,0.69,0.681,128.9,0.0,29.3,82.2,1,4,1,19.1,4.08,0.00524,35,1
2024-11-15,VIL-004,Canning,South 24 Parganas,West Bengal,8.32,1.24,0.364,140.1,16.9,33.4,80.8,2,1,2,36.0,3.92,0.00258,35,1
2024-11-16,VIL-004,Canning,South 24 Parganas,West Bengal,7.76,2.24,0.306,9.2,0.0,36.2,86.8,1,1,4,16.9,4.17,0.03,0,0
2024-11-17,VIL-004,Canning,South 24 Parganas,West Bengal,6.99,3.14,0.174,284.0,0.0,28.0,73.8,2,2,4,16.9,3.5,0.00061,70,2
2024-11-18,VIL-004,Canning,South 24 Parganas,West Bengal,7.63,8.77,0.417,92.2,0.0,31.6,70.6,2,3,3,0.0,4.09,0.00447,25,0
2024-11-19,VIL-004,Canning,South 24 Parganas,West Bengal,6.36,1.63,0.533,24.8,13.7,26.4,96.0,1,3,2,13.7,3.08,0.02066,0,0
2024-11-20,VIL-004,Canning,South 24 Parganas,West Bengal,7.25,4.08,0.028,47.5,27.3,24.9,75.7,4,3,0,41.0,3.11,0.00058,60,1
2024-11-21,VIL-004,Canning,South 24 Parganas,West Bengal,6.54,10.9,0.363,27.5,0.0,28.2,62.8,1,1,4,41.0,4.57,0.01274,25,0
2024-11-22,VIL-004,Canning,South 24 Parganas,West Bengal,6.09,0.56,0.166,12.7,0.0,23.5,92.7,3,2,1,27.3,4.47,0.01212,20,0
2024-11-23,VIL-004,Canning,South 24 Parganas,West Bengal,7.57,6.67,0.106,26.8,0.0,25.2,57.0,0,1,1,0.0,5.11,0.00381,45,1
2024-11-24,VIL-004,Canning,South 24 Parganas,West Bengal,7.65,1.83,0.655,67.7,2.1,31.4,33.1,2,2,2,2.1,4.92,0.00953,0,0
2024-11-25,VIL-004,Canning,South 24 Parganas,West Bengal,7.37,4.43,0.51,136.4,0.0,26.9,84.2,2,2,3,2.1,4.3,0.00371,60,1
2024-11-26,VIL-004,Canning,South 24 Parganas,West Bengal,6.99,1.17,0.241,35.2,0.0,31.8,85.9,3,1,3,2.1,4.23,0.00666,0,0
2024-11-27,VIL-004,Canning,South 24 Parganas,West Bengal,6.34,1.37,0.321,33.3,4.7,30.2,80.0,1,4,3,4.7,3.85,0.00936,0,0
2024-11-28,VIL-004,Canning,South 24 Parganas,West Bengal,6.4,0.2,0.293,49.2,0.0,36.4,59.4,1,1,1,4.7,2.32,0.00584,0,0
2024-11-29,VIL-004,Canning,South 24 Parganas,West Bengal,6.52,11.94,0.147,80.7,0.7,31.1,74.3,5,3,2,5.4,3.94,0.0018,45,1
2024-11-30,VIL-004,Canning,South 24 Parganas,West Bengal,6.96,5.64,0.253,108.6,3.5,33.5,71.7,2,0,1,4.2,3.8,0.00231,60,1
2024-12-01,VIL-004,Canning,South 24 Parganas,West Bengal,7.75,0.33,0.491,30.9,6.2,30.6,68.6,1,2,2,10.4,3.58,0.01539,0,0
2024-12-02,VIL-004,Canning,South 24 Parganas,West Bengal,7.74,25.6,0.248,68.9,0.0,30.2,91.9,2,2,2,9.7,6.61,0.00355,25,0
2024-12-03,VIL-004,Canning,South 24 Parganas,West Bengal,6.11,3.12,0.434,38.5,0.0,33.7,62.4,2,3,1,6.2,6.89,0.01099,0,0
2024-12-04,VIL-004,Canning,South 24 Parganas,West Bengal,6.68,6.46,0.25,98.3,0.0,31.7,78.8,2,1,4,0.0,7.61,0.00252,25,0
2024-12-05,VIL-004,Canning,South 24 Parganas,West Bengal,6.67,0.23,0.137,14.0,3.6,29.8,89.3,4,1,1,3.6,7.62,0.00913,20,0
2024-12-06,VIL-004,Canning,South 24 Parganas,West Bengal,5.58,1.66,0.565,23.2,15.0,29.8,79.6,0,5,3,18.6,6.15,0.02335,0,0
2024-12-07,VIL-004,Canning,South 24 Parganas,West Bengal,7.44,3.72,0.0,43.3,0.0,31.2,89.9,1,2,0,18.6,5.87,0.0,35,1
2024-12-08,VIL-004,Canning,South 24 Parganas,West Bengal,6.95,0.38,0.671,171.8,0.0,26.3,81.8,4,1,2,15.0,5.88,0.00388,35,1
2024-12-09,VIL-004,Canning,South 24 Parganas,West Bengal,7.03,2.26,0.53,66.4,0.0,26.1,80.2,3,2,2,0.0,2.55,0.00786,0,0
2024-12-10,VIL-004,Canning,South 24 Parganas,West Bengal,7.91,1.96,0.383,262.4,11.0,34.7,79.4,2,2,3,11.0,2.38,0.00145,35,1
2024-12-11,VIL-004,Canning,South 24 Parganas,West Bengal,7.15,0.82,0.27,8.5,0.0,36.5,82.4,4,2,1,11.0,1.58,0.02842,0,0
2024-12-12,VIL-004,Canning,South 24 Parganas,West Bengal,6.84,1.2,0.284,48.1,0.0,25.3,70.4,1,4,1,11.0,1.71,0.00578,0,0
2024-12-13,VIL-004,Canning,South 24 Parganas,West Bengal,7.44,11.47,0.386,42.4,0.0,26.3,59.4,4,0,5,0.0,3.12,0.00889,25,0
2024-12-14,VIL-004,Canning,South 24 Parganas,West Bengal,7.74,1.14,0.383,71.5,0.0,33.6,86.4,1,1,2,0.0,2.75,0.00528,0,0
2024-12-15,VIL-004,Canning,South 24 Parganas,West Bengal,7.28,0.81,0.177,130.3,0.0,31.1,88.9,2,4,1,0.0,2.81,0.00135,55,1
2024-12-16,VIL-004,Canning,South 24 Parganas,West Bengal,7.51,2.58,0.362,143.7,0.0,31.7,78.0,0,3,2,0.0,2.85,0.0025,35,1
2024-12-17,VIL-004,Canning,South 24 Parganas,West Bengal,7.01,3.73,0.397,86.5,0.0,32.6,68.4,1,2,2,0.0,3.11,0.00454,0,0
2024-12-18,VIL-004,Canning,South 24 Parganas,West Bengal,7.05,4.34,0.296,80.0,0.0,28.0,56.3,2,4,2,0.0,3.61,0.00365,25,0
2024-12-19,VIL-004,Canning,South 24 Parganas,West Bengal,7.17,4.72,0.753,232.2,33.3,30.3,76.0,3,1,4,33.3,4.11,0.00323,60,1
2024-12-20,VIL-004,Canning,South 24 Parganas,West Bengal,6.65,0.2,0.326,37.8,0.0,30.0,58.8,3,4,0,33.3,2.5,0.0084,0,0
2024-12-21,VIL-004,Canning,South 24 Parganas,West Bengal,6.76,1.68,0.033,139.5,0.0,25.6,57.1,6,1,1,33.3,2.58,0.00023,70,2
2024-12-22,VIL-004,Canning,South 24 Parganas,West Bengal,7.93,5.0,0.168,198.5,12.4,30.3,74.8,2,2,4,12.4,3.18,0.00084,95,2
2024-12-23,VIL-004,Canning,South 24 Parganas,West Bengal,8.3,7.9,0.477,52.8,0.0,34.0,65.8,5,0,3,12.4,3.94,0.00887,25,0
2024-12-24,VIL-004,Canning,South 24 Parganas,West Bengal,8.06,3.1,0.22,101.9,0.0,27.7,79.1,0,1,2,12.4,3.85,0.00214,35,1
2024-12-25,VIL-004,Canning,South 24 Parganas,West Bengal,6.31,0.2,0.171,36.9,0.0,29.6,73.1,3,2,4,0.0,3.26,0.00451,20,0
2024-12-26,VIL-004,Canning,South 24 Parganas,West Bengal,6.25,1.7,0.601,13.5,0.0,29.8,67.7,1,3,1,0.0,2.83,0.04145,0,0
2024-12-27,VIL-004,Canning,South 24 Parganas,West Bengal,6.39,0.26,0.381,68.9,0.0,27.9,54.5,1,3,4,0.0,2.83,0.00545,0,0
2024-12-28,VIL-004,Canning,South 24 Parganas,West Bengal,7.18,4.64,0.242,17.1,0.0,31.7,64.8,3,6,1,0.0,3.26,0.01337,45,1
2024-12-29,VIL-004,Canning,South 24 Parganas,West Bengal,5.41,0.22,0.0,47.7,0.0,26.3,65.2,0,2,2,0.0,2.57,0.0,35,1
2024-12-30,VIL-004,Canning,South 24 Parganas,West Bengal,6.75,0.69,0.462,160.9,0.0,34.3,60.3,5,5,0,0.0,1.54,0.00285,35,1
2024-12-31,VIL-004,Canning,South 24 Parganas,West Bengal,7.94,1.81,0.353,7.0,0.0,31.5,71.1,2,0,1,0.0,1.36,0.04412,0,0
2025-01-01,VIL-004,Canning,South 24 Parganas,West Bengal,7.69,2.09,0.584,2.4,0.0,25.3,61.2,2,3,2,0.0,1.63,0.17176,0,0
2025-01-02,VIL-004,Canning,South 24 Parganas,West Bengal,6.79,1.75,0.153,72.7,0.0,35.8,73.0,2,1,3,0.0,1.64,0.00208,20,0
2025-01-03,VIL-004,Canning,South 24 Parganas,West Bengal,6.84,2.09,0.283,31.4,2.8,29.7,77.9,6,1,3,2.8,1.9,0.00873,0,0
2025-01-04,VIL-004,Canning,South 24 Parganas,West Bengal,7.44,4.2,0.404,42.2,0.0,26.1,65.1,5,3,6,2.8,1.84,0.00935,25,0
2025-01-05,VIL-004,Canning,South 24 Parganas,West Bengal,7.66,1.55,0.576,40.6,41.3,33.4,80.1,0,0,2,44.1,2.03,0.01385,0,0
2025-01-06,VIL-004,Canning,South 24 Parganas,West Bengal,6.78,2.67,0.397,7.1,0.0,31.0,58.7,0,5,5,41.3,2.31,0.04901,0,0
2025-01-07,VIL-004,Canning,South 24 Parganas,West Bengal,6.96,1.21,0.223,0.3,0.0,21.9,61.7,1,2,0,41.3,2.22,0.17154,0,0
2025-01-08,VIL-004,Canning,South 24 Parganas,West Bengal,6.76,1.47,0.584,178.4,0.0,26.9,73.6,2,2,3,0.0,2.13,0.00326,35,1
2025-01-09,VIL-004,Canning,South 24 Parganas,West Bengal,6.3,3.2,0.294,19.2,0.0,30.1,83.2,3,2,1,0.0,2.34,0.01455,0,0
2025-01-10,VIL-004,Canning,South 24 Parganas,West Bengal,6.97,2.27,0.382,43.3,50.0,20.4,85.4,1,6,1,50.0,2.37,0.00862,20,0
2025-01-11,VIL-004,Canning,South 24 Parganas,West Bengal,6.92,4.31,0.485,278.7,10.0,29.3,94.3,3,5,3,60.0,2.38,0.00173,75,2
2025-01-12,VIL-004,Canning,South 24 Parganas,West Bengal,6.34,2.76,0.631,136.7,0.0,29.6,70.5,0,0,0,60.0,2.56,0.00458,50,1
2025-01-13,VIL-004,Canning,South 24 Parganas,West Bengal,7.49,5.47,0.416,8.9,0.0,24.3,73.5,2,0,5,10.0,2.96,0.04202,25,0
2025-01-14,VIL-004,Canning,South 24 Parganas,West Bengal,7.39,1.97,0.816,55.4,3.1,30.1,62.6,2,1,2,3.1,3.06,0.01447,0,0
2025-01-15,VIL-004,Canning,South 24 Parganas,West Bengal,7.52,2.27,0.334,102.2,53.7,29.0,60.0,4,2,2,56.8,3.18,0.00324,50,1
2025-01-16,VIL-004,Canning,South 24 Parganas,West Bengal,6.64,3.72,0.403,93.5,0.0,24.2,77.7,3,3,2,56.8,3.25,0.00426,15,0
2025-01-17,VIL-004,Canning,South 24 Parganas,West Bengal,5.91,0.84,0.239,111.6,3.7,32.7,65.7,3,1,6,57.4,3.05,0.00212,50,1
2025-01-18,VIL-004,Canning,South 24 Parganas,West Bengal,7.38,1.64,0.408,47.7,0.0,32.4,89.8,7,3,5,3.7,2.67,0.00838,0,0
2025-01-19,VIL-004,Canning,South 24 Parganas,West Bengal,6.7,3.29,0.403,15.1,0.0,27.8,57.5,4,0,0,3.7,2.74,0.02503,0,0
2025-01-20,VIL-004,Canning,South 24 Parganas,West Bengal,6.57,0.2,0.538,48.8,0.0,28.2,80.8,2,2,0,0.0,1.99,0.0108,0,0
2025-01-21,VIL-004,Canning,South 24 Parganas,West Bengal,6.35,1.93,0.43,81.4,35.9,31.9,62.9,4,2,1,35.9,1.98,0.00522,0,0
2025-01-22,VIL-004,Canning,South 24 Parganas,West Bengal,6.93,3.07,0.255,73.2,15.2,28.2,65.2,2,4,2,51.1,2.1,0.00344,15,0
2025-01-23,VIL-004,Canning,South 24 Parganas,West Bengal,8.05,11.5,0.396,5.7,0.0,21.3,81.5,2,3,3,51.1,3.21,0.0591,40,1
2025-01-24,VIL-004,Canning,South 24 Parganas,West Bengal,6.8,7.04,0.229,5.2,0.0,30.9,66.9,2,3,1,15.2,4.1,0.03694,25,0
2025-01-25,VIL-004,Canning,South 24 Parganas,West Bengal,6.45,1.11,0.449,262.1,16.8,25.7,68.8,3,7,3,16.8,4.02,0.00171,55,1
2025-01-26,VIL-004,Canning,South 24 Parganas,West Bengal,7.49,2.38,0.249,12.8,25.6,27.4,65.3,0,4,0,42.4,3.89,0.01804,0,0
2025-01-27,VIL-004,Canning,South 24 Parganas,West Bengal,7.2,0.2,0.098,27.2,10.0,34.8,96.4,1,2,2,52.4,3.89,0.00348,35,1
2025-01-28,VIL-004,Canning,South 24 Parganas,West Bengal,5.83,0.93,0.147,113.8,0.0,28.5,67.6,2,4,2,35.6,3.75,0.00128,55,1
2025-01-29,VIL-004,Canning,South 24 Parganas,West Bengal,7.5,5.01,0.139,41.1,0.0,29.0,75.6,6,2,4,10.0,4.02,0.0033,45,1
2025-01-30,VIL-004,Canning,South 24 Parganas,West Bengal,8.38,0.44,0.255,15.6,17.6,31.0,72.6,2,2,3,17.6,2.44,0.01536,0,0
2025-01-31,VIL-004,Canning,South 24 Parganas,West Bengal,5.54,1.0,0.197,49.1,0.0,31.0,77.7,4,2,3,17.6,1.58,0.00393,20,0
2025-02-01,VIL-004,Canning,South 24 Parganas,West Bengal,6.36,9.69,0.346,65.6,0.0,25.3,67.6,1,3,7,17.6,2.81,0.0052,25,0
2025-02-02,VIL-004,Canning,South 24 Parganas,West Bengal,5.39,5.83,0.279,47.0,0.0,28.8,72.6,3,0,4,0.0,3.3,0.00581,25,0
2025-02-03,VIL-004,Canning,South 24 Parganas,West Bengal,7.05,5.12,0.443,196.0,0.0,29.1,79.7,3,1,2,0.0,4.0,0.00225,60,1
2025-02-04,VIL-004,Canning,South 24 Parganas,West Bengal,7.69,6.72,0.419,26.1,0.0,30.1,64.6,1,2,4,0.0,4.83,0.01546,25,0
2025-02-05,VIL-004,Canning,South 24 Parganas,West Bengal,7.16,4.65,0.292,84.5,0.0,30.2,88.1,2,6,2,0.0,4.78,0.00342,45,1
2025-02-06,VIL-004,Canning,South 24 Parganas,West Bengal,7.94,0.43,0.574,9.3,0.0,39.3,89.2,6,2,2,0.0,4.78,0.05573,0,0
2025-02-07,VIL-004,Canning,South 24 Parganas,West Bengal,7.6,2.44,0.183,38.8,0.0,24.3,82.3,3,4,2,0.0,4.98,0.0046,20,0
2025-02-08,VIL-004,Canning,South 24 Parganas,West Bengal,8.12,1.97,0.531,105.4,0.0,32.9,75.8,2,1,3,0.0,3.88,0.00499,35,1
2025-02-09,VIL-004,Canning,South 24 Parganas,West Bengal,7.8,1.25,0.378,19.9,0.4,33.7,39.1,5,3,0,0.4,3.23,0.01809,0,0
2025-02-10,VIL-004,Canning,South 24 Parganas,West Bengal,6.86,6.03,0.279,69.5,4.8,31.0,80.1,1,3,1,5.2,3.36,0.00396,25,0
2025-02-11,VIL-004,Canning,South 24 Parganas,West Bengal,7.14,2.1,0.553,13.0,0.0,26.4,70.3,0,1,2,5.2,2.7,0.0395,0,0
2025-02-12,VIL-004,Canning,South 24 Parganas,West Bengal,6.58,0.21,0.45,8.5,8.8,35.7,72.0,5,2,6,13.6,2.06,0.04737,0,0
2025-02-13,VIL-004,Canning,South 24 Parganas,West Bengal,6.96,1.08,0.156,57.8,0.0,20.2,52.2,5,6,2,8.8,2.15,0.00265,40,1
2025-02-14,VIL-004,Canning,South 24 Parganas,West Bengal,7.14,0.87,0.416,87.7,5.8,26.3,80.9,4,3,4,14.6,1.93,0.00469,0,0
2025-02-15,VIL-004,Canning,South 24 Parganas,West Bengal,7.05,7.34,0.415,9.4,0.0,33.7,57.6,3,2,1,5.8,2.7,0.0399,25,0
2025-02-16,VIL-004,Canning,South 24 Parganas,West Bengal,7.91,3.5,0.531,194.9,0.0,27.5,76.4,2,5,3,5.8,3.02,0.00271,35,1
2025-02-17,VIL-004,Canning,South 24 Parganas,West Bengal,6.9,2.76,0.455,20.0,0.0,35.4,85.9,4,1,3,0.0,2.55,0.02167,0,0
2025-02-18,VIL-004,Canning,South 24 Parganas,West Bengal,6.54,2.37,0.468,10.0,40.8,23.0,69.4,2,0,1,40.8,2.59,0.04255,0,0
2025-02-19,VIL-004,Canning,South 24 Parganas,West Bengal,6.58,3.53,0.271,17.7,0.0,24.6,89.6,0,5,2,40.8,3.06,0.01449,0,0
2025-02-20,VIL-004,Canning,South 24 Parganas,West Bengal,7.49,4.72,0.312,14.5,55.6,26.9,66.0,3,5,6,96.4,3.58,0.02013,40,1
2025-02-21,VIL-004,Canning,South 24 Parganas,West Bengal,6.26,2.72,0.305,7.4,34.4,30.7,82.2,1,4,3,90.0,3.85,0.03631,15,0
2025-02-22,VIL-004,Canning,South 24 Parganas,West Bengal,6.98,9.36,0.062,124.7,33.8,28.1,59.3,2,3,2,123.8,4.14,0.00049,110,2
2025-02-23,VIL-004,Canning,South 24 Parganas,West Bengal,7.9,12.65,0.582,53.4,0.0,27.0,87.4,1,2,5,68.2,5.44,0.0107,40,1
2025-02-24,VIL-004,Canning,South 24 Parganas,West Bengal,7.28,18.04,0.149,38.4,0.0,34.7,85.5,5,4,1,33.8,7.63,0.00378,45,1
2025-02-25,VIL-004,Canning,South 24 Parganas,West Bengal,7.06,3.72,0.398,234.7,0.0,35.1,80.6,6,2,0,0.0,7.82,0.00169,35,1
2025-02-26,VIL-004,Canning,South 24 Parganas,West Bengal,7.08,9.06,0.29,36.2,0.0,27.3,70.3,2,0,5,0.0,8.61,0.0078,25,0
2025-02-27,VIL-004,Canning,South 24 Parganas,West Bengal,6.48,1.74,0.307,14.2,0.0,22.2,58.2,4,3,5,0.0,8.18,0.0202,0,0
2025-02-28,VIL-004,Canning,South 24 Parganas,West Bengal,6.59,6.6,0.472,25.0,0.0,20.4,70.3,1,1,4,0.0,8.74,0.01815,25,0
2025-03-01,VIL-004,Canning,South 24 Parganas,West Bengal,6.98,8.06,0.21,21.3,0.0,30.0,88.3,3,2,3,0.0,8.55,0.00942,25,0
2025-03-02,VIL-004,Canning,South 24 Parganas,West Bengal,7.26,7.88,0.432,53.9,0.0,31.6,76.6,1,1,2,0.0,7.87,0.00787,25,0
2025-03-03,VIL-004,Canning,South 24 Parganas,West Bengal,7.67,5.97,0.434,26.9,0.0,29.3,56.4,2,5,4,0.0,6.15,0.01556,25,0
2025-03-04,VIL-004,Canning,South 24 Parganas,West Bengal,7.16,1.75,0.21,56.6,22.7,28.7,61.5,3,6,2,22.7,5.87,0.00365,20,0
2025-03-05,VIL-004,Canning,South 24 Parganas,West Bengal,7.91,0.58,0.514,86.3,70.4,25.8,90.0,4,2,0,93.1,4.65,0.00589,15,0
2025-03-06,VIL-004,Canning,South 24 Parganas,West Bengal,8.06,1.37,0.596,117.2,3.0,31.6,80.9,0,4,3,96.1,4.6,0.00504,50,1
2025-03-07,VIL-004,Canning,South 24 Parganas,West Bengal,7.58,4.9,0.714,96.6,47.1,35.7,60.2,3,1,1,120.5,4.36,0.00732,40,1
2025-03-08,VIL-004,Canning,South 24 Parganas,West Bengal,7.83,0.89,0.303,18.0,0.0,20.1,53.8,2,3,2,50.1,3.33,0.01595,15,0
2025-03-09,VIL-004,Canning,South 24 Parganas,West Bengal,6.51,2.19,0.384,9.6,0.0,28.7,67.5,2,1,1,47.1,2.52,0.03623,0,0
2025-03-10,VIL-004,Canning,South 24 Parganas,West Bengal,6.41,2.8,0.395,61.0,0.0,25.1,52.8,2,2,5,0.0,2.07,0.00637,0,0
2025-03-11,VIL-004,Canning,South 24 Parganas,West Bengal,7.41,3.11,0.47,17.3,9.5,23.0,73.1,4,3,6,9.5,2.26,0.02568,0,0
2025-03-12,VIL-004,Canning,South 24 Parganas,West Bengal,6.3,9.22,0.665,6.9,0.0,24.5,99.0,3,4,2,9.5,3.5,0.08418,25,0
2025-03-13,VIL-004,Canning,South 24 Parganas,West Bengal,6.93,3.64,0.438,58.4,0.0,30.5,55.8,2,0,4,9.5,3.82,0.00737,0,0
2025-03-14,VIL-004,Canning,South 24 Parganas,West Bengal,7.56,5.19,0.443,30.9,0.3,30.6,72.8,0,3,1,0.3,3.86,0.01389,25,0
2025-03-15,VIL-004,Canning,South 24 Parganas,West Bengal,7.95,2.93,0.153,110.1,0.0,34.8,90.7,3,2,3,0.3,4.15,0.00138,55,1
2025-03-16,VIL-004,Canning,South 24 Parganas,West Bengal,6.95,6.03,0.719,29.4,0.0,29.0,84.0,1,2,1,0.3,4.7,0.02365,25,0
2025-03-17,VIL-004,Canning,South 24 Parganas,West Bengal,6.71,1.03,0.264,300.3,47.3,22.0,73.2,3,2,2,47.3,4.45,0.00088,50,1
2025-03-18,VIL-004,Canning,South 24 Parganas,West Bengal,7.29,0.79,0.0,110.8,0.0,28.0,73.2,2,4,3,47.3,4.12,0.0,70,2
2025-03-19,VIL-004,Canning,South 24 Parganas,West Bengal,6.46,8.76,0.0,4.6,11.1,23.5,61.1,3,3,4,58.4,4.05,0.0,75,2
2025-03-20,VIL-004,Canning,South 24 Parganas,West Bengal,7.0,3.97,0.409,55.5,53.0,24.2,71.8,3,2,0,64.1,4.1,0.00724,15,0
2025-03-21,VIL-004,Canning,South 24 Parganas,West Bengal,7.1,3.74,0.121,64.5,0.0,31.3,77.9,5,0,3,64.1,3.89,0.00185,35,1
2025-03-22,VIL-004,Canning,South 24 Parganas,West Bengal,7.08,2.12,0.36,92.7,0.0,29.8,88.3,3,3,2,53.0,3.78,0.00384,15,0
2025-03-23,VIL-004,Canning,South 24 Parganas,West Bengal,7.15,1.59,0.081,53.7,0.0,31.4,67.6,1,1,2,0.0,3.14,0.00148,20,0
2025-03-24,VIL-004,Canning,South 24 Parganas,West Bengal,6.6,2.73,0.405,51.5,0.0,27.6,72.7,1,3,2,0.0,3.39,0.00771,0,0
2025-03-25,VIL-004,Canning,South 24 Parganas,West Bengal,6.66,0.43,0.452,35.8,0.0,32.2,63.6,0,2,4,0.0,3.33,0.01228,0,0
2025-03-26,VIL-004,Canning,South 24 Parganas,West Bengal,6.65,2.04,0.382,24.7,1.7,27.3,77.7,2,3,3,1.7,2.37,0.01486,0,0
2025-03-27,VIL-004,Canning,South 24 Parganas,West Bengal,6.13,2.04,0.225,228.0,0.0,33.5,84.4,2,3,2,1.7,2.1,0.00098,50,1
2025-03-28,VIL-004,Canning,South 24 Parganas,West Bengal,7.31,2.6,0.508,29.8,0.0,30.4,82.6,0,5,0,1.7,1.94,0.01649,0,0
2025-03-29,VIL-004,Canning,South 24 Parganas,West Bengal,7.64,3.38,0.278,5.1,0.0,28.2,61.0,0,3,3,0.0,2.12,0.04557,0,0
2025-03-30,VIL-004,Canning,South 24 Parganas,West Bengal,7.58,10.6,0.316,14.3,0.0,29.8,76.8,1,1,1,0.0,3.4,0.02065,25,0
2025-03-31,VIL-004,Canning,South 24 Parganas,West Bengal,6.94,3.55,0.258,151.9,0.0,28.9,66.9,3,1,3,0.0,3.52,0.00169,35,1
2025-04-01,VIL-004,Canning,South 24 Parganas,West Bengal,6.61,7.23,0.302,68.9,14.6,35.4,87.1,5,0,2,14.6,4.49,0.00432,25,0
2025-04-02,VIL-004,Canning,South 24 Parganas,West Bengal,7.55,2.73,0.687,117.7,0.0,30.0,73.1,3,2,3,14.6,4.59,0.00579,35,1
2025-04-03,VIL-004,Canning,South 24 Parganas,West Bengal,7.48,3.31,0.349,129.0,0.0,29.0,56.8,2,2,3,14.6,4.77,0.00268,35,1
2025-04-04,VIL-004,Canning,South 24 Parganas,West Bengal,7.23,0.24,0.121,135.2,0.0,28.0,72.4,1,0,5,0.0,4.43,0.00089,70,2
2025-04-05,VIL-004,Canning,South 24 Parganas,West Bengal,8.15,0.48,0.177,62.4,0.0,32.4,80.5,5,0,3,0.0,4.02,0.00279,20,0
2025-04-06,VIL-004,Canning,South 24 Parganas,West Bengal,7.08,2.91,0.3,15.2,1.4,31.8,77.9,1,1,1,1.4,2.92,0.01852,0,0
2025-04-07,VIL-004,Canning,South 24 Parganas,West Bengal,6.95,1.69,0.207,12.5,16.7,27.9,68.9,1,3,1,18.1,2.66,0.01533,0,0
2025-04-08,VIL-004,Canning,South 24 Parganas,West Bengal,6.86,5.39,0.521,66.6,3.8,24.4,68.0,4,5,0,21.9,2.39,0.00771,25,0
2025-04-09,VIL-004,Canning,South 24 Parganas,West Bengal,6.16,2.63,0.095,35.6,0.0,25.4,63.1,5,3,2,20.5,2.38,0.0026,20,0
2025-04-10,VIL-004,Canning,South 24 Parganas,West Bengal,7.5,7.19,0.329,63.7,0.0,28.3,70.3,3,2,2,3.8,2.93,0.00509,25,0
2025-04-11,VIL-004,Canning,South 24 Parganas,West Bengal,7.04,12.05,0.532,53.8,13.8,34.4,64.7,4,1,0,13.8,4.62,0.00971,25,0
2025-04-12,VIL-004,Canning,South 24 Parganas,West Bengal,7.41,0.54,0.237,71.9,0.0,28.0,86.6,0,5,0,13.8,4.63,0.00325,0,0
2025-04-13,VIL-004,Canning,South 24 Parganas,West Bengal,8.21,1.69,0.429,2.5,1.0,26.6,64.2,2,1,1,14.8,4.45,0.12257,0,0
2025-04-14,VIL-004,Canning,South 24 Parganas,West Bengal,6.87,3.67,0.343,2.6,0.0,22.0,76.5,3,1,3,1.0,4.74,0.09528,0,0
2025-04-15,VIL-004,Canning,South 24 Parganas,West Bengal,5.7,1.22,0.344,99.7,11.5,35.1,75.7,3,4,5,12.5,4.14,0.00342,0,0
2025-04-16,VIL-004,Canning,South 24 Parganas,West Bengal,7.39,1.04,0.442,16.7,0.0,31.3,86.3,3,5,3,11.5,3.91,0.02497,0,0
2025-04-17,VIL-004,Canning,South 24 Parganas,West Bengal,7.2,5.65,0.015,82.4,0.0,32.2,88.1,5,3,2,11.5,3.69,0.00018,60,1
2025-04-18,VIL-004,Canning,South 24 Parganas,West Bengal,6.66,13.21,0.567,61.7,2.8,32.8,83.4,0,4,1,2.8,3.86,0.00904,25,0
2025-04-19,VIL-004,Canning,South 24 Parganas,West Bengal,7.34,4.99,0.009,312.5,0.0,28.3,79.2,3,0,5,2.8,4.5,3e-05,95,2
2025-04-20,VIL-004,Canning,South 24 Parganas,West Bengal,7.57,2.49,0.554,140.7,9.3,29.3,62.4,3,2,1,12.1,4.61,0.00391,35,1
2025-04-21,VIL-004,Canning,South 24 Parganas,West Bengal,6.53,1.96,0.428,41.6,11.3,35.0,62.2,3,3,1,20.6,4.37,0.01005,0,0
2025-04-22,VIL-004,Canning,South 24 Parganas,West Bengal,6.92,2.61,0.435,74.7,29.1,29.7,64.9,1,3,4,49.7,4.56,0.00575,0,0
2025-04-23,VIL-004,Canning,South 24 Parganas,West Bengal,7.99,2.09,0.641,9.7,7.3,31.4,84.0,6,3,5,47.7,4.71,0.05991,0,0
2025-04-24,VIL-004,Canning,South 24 Parganas,West Bengal,6.67,2.35,0.563,38.1,0.0,32.5,75.9,2,5,3,36.4,4.24,0.0144,0,0
2025-04-25,VIL-004,Canning,South 24 Parganas,West Bengal,7.14,0.76,0.497,103.3,0.0,31.6,85.4,0,0,4,7.3,2.46,0.00477,35,1
2025-04-26,VIL-004,Canning,South 24 Parganas,West Bengal,5.53,7.86,0.297,76.0,4.3,28.5,87.0,2,3,0,4.3,2.87,0.00386,25,0
2025-04-27,VIL-004,Canning,South 24 Parganas,West Bengal,6.21,4.72,0.285,51.7,6.3,28.9,66.3,0,3,2,10.6,3.19,0.00541,25,0
2025-04-28,VIL-004,Canning,South 24 Parganas,West Bengal,7.19,3.84,0.501,15.1,22.1,32.1,75.4,3,3,3,32.7,3.46,0.03112,0,0
2025-04-29,VIL-004,Canning,South 24 Parganas,West Bengal,7.84,10.06,0.432,126.8,20.7,32.1,74.8,1,1,3,49.1,4.53,0.00338,60,1
2025-04-30,VIL-004,Canning,South 24 Parganas,West Bengal,6.28,1.12,0.404,24.9,0.0,33.7,71.1,2,6,3,42.8,4.39,0.0156,20,0
2025-05-01,VIL-004,Canning,South 24 Parganas,West Bengal,7.14,0.28,0.34,134.0,3.7,31.2,68.6,2,2,5,24.4,4.09,0.00252,35,1
2025-05-02,VIL-004,Canning,South 24 Parganas,West Bengal,6.87,5.88,0.277,73.8,0.0,31.4,89.2,4,0,0,3.7,4.82,0.0037,25,0
2025-05-03,VIL-004,Canning,South 24 Parganas,West Bengal,7.67,21.67,0.1,36.4,0.0,27.2,75.6,5,2,3,3.7,6.8,0.00267,45,1
2025-05-04,VIL-004,Canning,South 24 Parganas,West Bengal,6.37,2.9,0.466,3.2,14.0,26.7,75.2,0,0,3,14.0,6.54,0.11095,0,0
2025-05-05,VIL-004,Canning,South 24 Parganas,West Bengal,7.36,0.2,0.317,20.6,0.0,32.1,65.4,4,3,3,14.0,6.02,0.01468,0,0
2025-05-06,VIL-004,Canning,South 24 Parganas,West Bengal,6.71,5.09,0.306,171.5,21.0,26.7,83.1,1,1,1,35.0,5.31,0.00177,60,1
2025-05-07,VIL-004,Canning,South 24 Parganas,West Bengal,7.23,0.26,0.024,132.9,0.0,28.9,62.9,3,2,6,21.0,5.18,0.00018,70,2
2025-05-08,VIL-004,Canning,South 24 Parganas,West Bengal,7.14,2.61,0.367,66.7,1.1,34.5,80.5,3,2,2,22.1,5.52,0.00542,0,0
2025-05-09,VIL-004,Canning,South 24 Parganas,West Bengal,6.95,1.09,0.105,49.0,10.2,33.9,80.8,3,4,0,11.3,4.83,0.0021,20,0
2025-05-10,VIL-004,Canning,South 24 Parganas,West Bengal,7.39,8.28,0.272,81.3,57.1,30.2,70.0,1,5,2,68.4,2.92,0.0033,40,1
2025-05-11,VIL-004,Canning,South 24 Parganas,West Bengal,7.13,2.02,0.493,49.0,39.9,27.8,78.8,2,0,0,107.2,2.79,0.00986,15,0
2025-05-12,VIL-004,Canning,South 24 Parganas,West Bengal,7.02,7.69,0.361,80.6,0.0,28.5,77.2,1,4,3,97.0,3.86,0.00442,40,1
2025-05-13,VIL-004,Canning,South 24 Parganas,West Bengal,6.89,1.19,0.331,28.7,0.0,32.5,74.5,1,1,1,39.9,3.31,0.01114,0,0
2025-05-14,VIL-004,Canning,South 24 Parganas,West Bengal,7.15,1.65,0.219,142.2,0.0,28.9,75.2,3,3,2,0.0,3.5,0.00153,35,1
2025-05-15,VIL-004,Canning,South 24 Parganas,West Bengal,7.23,9.88,0.251,94.4,0.0,26.8,75.7,3,3,2,0.0,4.54,0.00263,25,0
2025-05-16,VIL-004,Canning,South 24 Parganas,West Bengal,6.51,0.76,0.635,31.2,0.0,33.9,76.6,2,3,4,0.0,4.5,0.01972,0,0
2025-05-17,VIL-004,Canning,South 24 Parganas,West Bengal,6.89,2.9,0.49,138.5,2.6,29.7,75.7,3,1,5,2.6,3.73,0.00351,35,1
2025-05-18,VIL-004,Canning,South 24 Parganas,West Bengal,6.47,1.65,0.267,52.1,6.4,26.7,61.8,4,2,0,9.0,3.67,0.00503,0,0
2025-05-19,VIL-004,Canning,South 24 Parganas,West Bengal,7.08,5.0,0.331,15.0,1.0,30.9,73.2,3,1,4,10.0,3.29,0.02069,25,0
2025-05-20,VIL-004,Canning,South 24 Parganas,West Bengal,6.74,0.47,0.395,6.3,0.0,32.9,78.2,0,1,1,7.4,3.19,0.05411,0,0
2025-05-21,VIL-004,Canning,South 24 Parganas,West Bengal,7.56,1.93,0.429,93.8,4.2,25.0,76.2,3,3,3,5.2,3.23,0.00453,0,0
2025-05-22,VIL-004,Canning,South 24 Parganas,West Bengal,7.5,4.03,0.346,156.3,1.7,28.2,86.4,2,3,3,5.9,2.39,0.0022,60,1
2025-05-23,VIL-004,Canning,South 24 Parganas,West Bengal,6.55,1.76,0.031,128.5,9.5,28.0,82.4,5,2,3,15.4,2.53,0.00024,70,2
2025-05-24,VIL-004,Canning,South 24 Parganas,West Bengal,7.1,0.2,0.344,83.2,7.8,30.8,64.6,1,3,1,19.0,2.15,0.00409,0,0
2025-05-25,VIL-004,Canning,South 24 Parganas,West Bengal,7.48,4.1,0.333,11.9,13.9,31.5,73.0,1,4,2,31.2,2.5,0.02581,25,0
2025-05-26,VIL-004,Canning,South 24 Parganas,West Bengal,6.99,2.35,0.72,7.7,24.9,26.8,71.3,2,3,1,46.6,2.12,0.08276,0,0
2025-05-27,VIL-004,Canning,South 24 Parganas,West Bengal,6.66,0.2,0.835,33.0,2.1,23.0,74.9,2,0,1,40.9,2.08,0.02456,0,0
2025-05-28,VIL-004,Canning,South 24 Parganas,West Bengal,6.44,3.19,0.466,150.6,28.2,33.1,75.0,1,3,3,55.2,2.26,0.00307,50,1
2025-05-29,VIL-004,Canning,South 24 Parganas,West Bengal,7.61,8.48,0.228,254.5,0.5,24.5,82.3,4,2,3,30.8,2.9,0.00089,75,2
2025-05-30,VIL-004,Canning,South 24 Parganas,West Bengal,7.64,0.4,0.472,21.5,10.5,30.1,77.1,4,5,2,39.2,2.7,0.02098,0,0
2025-05-31,VIL-004,Canning,South 24 Parganas,West Bengal,6.98,3.0,0.044,112.0,15.9,28.5,89.8,1,1,3,26.9,3.1,0.00039,70,2
2025-06-01,VIL-004,Canning,South 24 Parganas,West Bengal,7.56,4.38,0.254,66.5,0.0,29.6,77.9,4,1,4,26.4,3.14,0.00376,25,0
2025-06-02,VIL-004,Canning,South 24 Parganas,West Bengal,5.32,0.25,0.057,2.5,15.4,35.6,65.0,2,2,3,31.3,2.84,0.01629,20,0
2025-06-03,VIL-004,Canning,South 24 Parganas,West Bengal,7.9,0.2,0.449,61.1,3.1,41.2,69.4,1,2,0,18.5,2.84,0.00723,0,0
2025-06-04,VIL-004,Canning,South 24 Parganas,West Bengal,7.01,2.1,0.132,127.9,13.1,22.5,82.2,3,1,3,31.6,2.69,0.00102,55,1
2025-06-05,VIL-004,Canning,South 24 Parganas,West Bengal,7.19,5.26,0.298,25.2,9.1,32.9,55.6,1,4,2,25.3,2.23,0.01137,25,0
2025-06-06,VIL-004,Canning,South 24 Parganas,West Bengal,6.91,0.59,0.342,177.6,11.7,28.4,58.8,2,4,5,33.9,2.25,0.00191,35,1
2025-06-07,VIL-004,Canning,South 24 Parganas,West Bengal,7.94,6.09,0.345,21.0,0.0,33.2,75.1,2,1,1,20.8,2.7,0.01568,25,0
2025-06-08,VIL-004,Canning,South 24 Parganas,West Bengal,6.46,3.59,0.265,6.2,0.0,32.8,86.4,4,4,1,11.7,2.58,0.03681,0,0
2025-06-09,VIL-004,Canning,South 24 Parganas,West Bengal,7.98,1.36,0.411,13.6,2.9,34.6,90.7,1,2,2,2.9,2.74,0.02815,0,0
2025-06-10,VIL-004,Canning,South 24 Parganas,West Bengal,7.34,2.44,0.124,141.5,0.0,30.1,72.4,1,1,2,2.9,3.06,0.00087,70,2
2025-06-11,VIL-004,Canning,South 24 Parganas,West Bengal,7.47,11.32,0.663,42.1,16.2,25.4,87.7,0,3,1,19.1,4.38,0.01538,25,0
2025-06-12,VIL-004,Canning,South 24 Parganas,West Bengal,6.9,0.82,0.164,124.4,1.5,32.7,75.9,2,1,4,17.7,3.74,0.00131,55,1
2025-06-13,VIL-004,Canning,South 24 Parganas,West Bengal,6.32,2.33,0.357,59.1,0.0,29.5,56.6,2,2,4,17.7,3.99,0.00594,0,0
2025-06-14,VIL-004,Canning,South 24 Parganas,West Bengal,7.66,3.29,0.462,51.1,17.2,28.1,74.9,2,2,1,18.7,3.59,0.00887,0,0
2025-06-15,VIL-004,Canning,South 24 Parganas,West Bengal,7.29,0.5,0.473,128.3,0.0,27.1,67.6,1,4,4,17.2,3.15,0.00366,35,1
2025-06-16,VIL-004,Canning,South 24 Parganas,West Bengal,7.92,0.2,0.49,43.0,0.0,33.0,86.0,6,1,2,17.2,2.99,0.01114,0,0
2025-06-17,VIL-004,Canning,South 24 Parganas,West Bengal,6.98,0.2,0.063,126.3,0.0,35.4,74.7,2,1,1,0.0,2.67,0.00049,70,2
2025-06-18,VIL-004,Canning,South 24 Parganas,West Bengal,6.85,1.32,0.185,8.3,0.0,24.2,59.7,0,0,3,0.0,1.24,0.01989,20,0
2025-06-19,VIL-004,Canning,South 24 Parganas,West Bengal,7.93,0.26,0.374,78.9,0.0,31.5,57.0,1,2,1,0.0,1.16,0.00468,0,0
2025-06-20,VIL-004,Canning,South 24 Parganas,West Bengal,8.25,5.47,0.437,94.6,0.0,27.5,74.7,3,2,2,0.0,1.61,0.00457,25,0
2025-06-21,VIL-004,Canning,South 24 Parganas,West Bengal,7.11,19.9,0.576,178.9,0.7,23.1,46.0,4,2,2,0.7,3.98,0.0032,60,1
2025-06-22,VIL-004,Canning,South 24 Parganas,West Bengal,6.65,0.21,0.257,19.8,53.7,29.6,68.8,2,1,4,54.4,3.94,0.01236,15,0
2025-06-23,VIL-004,Canning,South 24 Parganas,West Bengal,7.59,1.9,0.187,72.3,0.0,25.7,77.8,2,6,1,54.4,4.18,0.00255,55,1
2025-06-24,VIL-004,Canning,South 24 Parganas,West Bengal,6.95,0.2,0.252,44.3,0.0,22.7,62.3,1,2,1,53.7,4.18,0.00556,15,0
2025-06-25,VIL-004,Canning,South 24 Parganas,West Bengal,7.46,0.48,0.757,37.6,0.0,25.9,86.9,4,0,0,0.0,4.06,0.01961,0,0
2025-06-26,VIL-004,Canning,South 24 Parganas,West Bengal,6.94,1.31,0.62,8.8,0.0,24.9,89.3,1,1,2,0.0,4.21,0.06327,0,0
2025-06-27,VIL-004,Canning,South 24 Parganas,West Bengal,8.04,1.68,0.319,11.2,21.8,26.4,62.8,4,3,2,21.8,3.67,0.02615,0,0
2025-06-28,VIL-004,Canning,South 24 Parganas,West Bengal,6.68,9.44,0.581,141.5,36.5,23.7,71.4,3,4,2,58.3,2.17,0.00408,75,2
2025-06-29,VIL-004,Canning,South 24 Parganas,West Bengal,7.39,1.69,0.247,108.1,1.9,27.4,86.9,3,2,1,60.2,2.39,0.00226,50,1
2025-06-30,VIL-004,Canning,South 24 Parganas,West Bengal,6.81,2.3,0.522,37.6,0.0,26.1,75.0,1,2,6,38.4,2.44,0.01352,0,0
2025-07-01,VIL-004,Canning,South 24 Parganas,West Bengal,6.93,0.95,0.102,137.5,0.0,30.5,58.3,2,1,2,1.9,2.55,0.00074,70,2
2025-07-02,VIL-004,Canning,South 24 Parganas,West Bengal,6.85,0.2,0.414,6.6,0.8,31.4,73.3,3,4,0,0.8,2.51,0.05447,0,0
2025-07-03,VIL-004,Canning,South 24 Parganas,West Bengal,7.54,7.71,0.534,76.5,0.0,30.0,64.8,4,1,1,0.8,3.42,0.00689,25,0
2025-07-04,VIL-004,Canning,South 24 Parganas,West Bengal,7.65,0.29,0.291,158.1,0.0,28.1,88.3,5,4,3,0.8,3.23,0.00183,35,1
2025-07-05,VIL-004,Canning,South 24 Parganas,West Bengal,7.43,11.19,0.46,142.4,0.0,28.0,82.3,1,3,4,0.0,3.48,0.00321,60,1
2025-07-06,VIL-004,Canning,South 24 Parganas,West Bengal,7.04,0.47,0.249,36.4,0.0,25.7,71.2,1,3,2,0.0,3.3,0.00666,0,0
2025-07-07,VIL-004,Canning,South 24 Parganas,West Bengal,7.18,3.12,0.405,106.7,27.9,25.7,76.7,3,1,2,27.9,3.42,0.00376,35,1
2025-07-08,VIL-004,Canning,South 24 Parganas,West Bengal,7.64,24.99,0.263,43.5,0.0,31.8,59.3,3,2,1,27.9,6.85,0.00591,25,0
2025-07-09,VIL-004,Canning,South 24 Parganas,West Bengal,7.66,0.5,0.497,143.0,10.1,22.0,66.0,0,3,4,38.0,6.9,0.00345,35,1
2025-07-10,VIL-004,Canning,South 24 Parganas,West Bengal,5.49,1.85,0.122,59.0,0.2,28.7,93.6,4,4,1,10.3,6.06,0.00203,20,0
2025-07-11,VIL-004,Canning,South 24 Parganas,West Bengal,6.94,5.09,0.167,112.9,0.0,27.7,75.6,0,5,4,10.3,6.74,0.00147,80,2
2025-07-12,VIL-004,Canning,South 24 Parganas,West Bengal,6.97,0.2,0.585,6.4,0.0,31.4,86.2,3,1,3,0.2,5.17,0.07905,0,0
2025-07-13,VIL-004,Canning,South 24 Parganas,West Bengal,7.5,3.93,0.0,69.5,0.0,23.3,77.8,1,1,3,0.0,5.67,0.0,35,1
2025-07-14,VIL-004,Canning,South 24 Parganas,West Bengal,7.06,0.28,0.235,62.3,0.0,29.0,90.8,3,3,1,0.0,5.26,0.00371,0,0
2025-07-15,VIL-004,Canning,South 24 Parganas,West Bengal,7.53,0.91,0.324,73.4,0.0,30.4,51.0,0,3,2,0.0,1.82,0.00435,0,0
2025-07-16,VIL-004,Canning,South 24 Parganas,West Bengal,6.45,0.59,0.414,92.8,18.7,21.4,72.7,4,0,3,18.7,1.84,0.00441,0,0
2025-07-17,VIL-004,Canning,South 24 Parganas,West Bengal,7.26,7.99,0.264,195.2,0.0,24.7,94.7,1,4,4,18.7,2.71,0.00135,60,1
2025-07-18,VIL-004,Canning,South 24 Parganas,West Bengal,7.64,0.67,0.147,120.1,0.0,28.6,86.5,5,0,5,18.7,2.08,0.00121,55,1
2025-07-19,VIL-004,Canning,South 24 Parganas,West Bengal,6.22,0.2,0.571,19.3,5.6,31.1,90.9,3,3,1,5.6,2.08,0.02813,0,0
2025-07-20,VIL-004,Canning,South 24 Parganas,West Bengal,8.61,2.98,0.54,136.4,35.8,29.7,74.9,2,1,1,41.4,1.95,0.00393,35,1
2025-07-21,VIL-004,Canning,South 24 Parganas,West Bengal,7.81,1.43,0.282,10.2,0.2,31.2,68.6,2,3,3,41.6,2.11,0.02518,0,0
2025-07-22,VIL-004,Canning,South 24 Parganas,West Bengal,7.1,1.75,0.028,75.9,3.6,24.7,62.7,1,0,3,39.6,2.23,0.00036,35,1
2025-07-23,VIL-004,Canning,South 24 Parganas,West Bengal,6.6,0.43,0.405,167.2,17.0,22.6,61.8,2,4,0,20.8,2.21,0.00241,35,1
2025-07-24,VIL-004,Canning,South 24 Parganas,West Bengal,6.99,4.63,0.383,8.3,30.6,29.3,84.7,3,1,4,51.2,1.73,0.04118,40,1
2025-07-25,VIL-004,Canning,South 24 Parganas,West Bengal,7.15,3.09,0.23,147.8,0.0,24.1,81.2,1,5,0,47.6,2.07,0.00155,35,1
2025-07-26,VIL-004,Canning,South 24 Parganas,West Bengal,7.36,1.52,0.0,125.0,0.0,25.5,74.2,2,3,3,30.6,2.26,0.0,70,2
2025-07-27,VIL-004,Canning,South 24 Parganas,West Bengal,8.0,0.63,0.301,54.7,0.0,32.7,81.1,1,2,1,0.0,1.93,0.0054,0,0
2025-07-28,VIL-004,Canning,South 24 Parganas,West Bengal,6.81,3.02,0.488,28.8,1.2,29.8,76.7,2,2,3,1.2,2.15,0.01638,0,0
2025-07-29,VIL-004,Canning,South 24 Parganas,West Bengal,7.44,5.07,0.515,40.6,0.0,26.7,86.5,3,1,0,1.2,2.63,0.01238,25,0
2025-07-30,VIL-004,Canning,South 24 Parganas,West Bengal,6.32,1.26,0.342,270.1,30.3,26.2,86.4,2,2,4,31.5,2.75,0.00126,35,1
2025-07-31,VIL-004,Canning,South 24 Parganas,West Bengal,6.85,0.2,0.238,17.6,0.0,31.5,62.2,2,3,1,30.3,2.11,0.0128,0,0
2025-08-01,VIL-004,Canning,South 24 Parganas,West Bengal,7.33,0.81,0.482,67.6,0.5,29.8,78.3,1,1,5,30.8,1.79,0.00703,0,0
2025-08-02,VIL-004,Canning,South 24 Parganas,West Bengal,7.51,3.85,0.145,6.8,0.0,24.1,55.0,3,2,3,0.5,2.12,0.01859,20,0
2025-08-03,VIL-004,Canning,South 24 Parganas,West Bengal,6.65,15.18,0.106,19.2,9.6,21.2,76.6,4,1,2,10.1,4.2,0.00525,45,1
2025-08-04,VIL-004,Canning,South 24 Parganas,West Bengal,6.84,0.2,0.334,112.4,0.0,36.5,82.3,3,2,2,9.6,3.8,0.00295,35,1
2025-08-05,VIL-004,Canning,South 24 Parganas,West Bengal,7.98,1.23,0.628,28.1,0.0,24.1,59.2,3,3,1,9.6,3.25,0.02158,0,0
2025-08-06,VIL-004,Canning,South 24 Parganas,West Bengal,7.8,0.22,0.635,331.7,0.0,31.1,70.0,3,2,2,0.0,3.1,0.00191,35,1
2025-08-07,VIL-004,Canning,South 24 Parganas,West Bengal,7.23,1.28,0.113,54.2,8.6,35.0,75.1,2,2,3,8.6,3.25,0.00205,20,0
2025-08-08,VIL-004,Canning,South 24 Parganas,West Bengal,5.76,1.75,0.271,56.7,5.5,29.6,77.8,3,1,1,14.1,3.39,0.0047,0,0
2025-08-09,VIL-004,Canning,South 24 Parganas,West Bengal,8.61,8.52,0.788,2.9,0.0,26.6,71.7,4,3,2,14.1,4.05,0.20205,25,0
2025-08-10,VIL-004,Canning,South 24 Parganas,West Bengal,7.09,0.28,0.226,244.6,0.0,23.3,60.9,3,4,1,5.5,1.93,0.00092,50,1
2025-08-11,VIL-004,Canning,South 24 Parganas,West Bengal,6.91,5.04,0.642,14.9,0.0,23.2,74.4,2,3,2,0.0,2.62,0.04038,25,0
2025-08-12,VIL-004,Canning,South 24 Parganas,West Bengal,6.79,1.69,0.526,60.3,14.5,30.5,55.2,1,3,3,14.5,2.68,0.00858,0,0
2025-08-13,VIL-004,Canning,South 24 Parganas,West Bengal,7.33,5.6,0.564,39.3,0.0,34.8,72.2,2,3,2,14.5,3.45,0.014,25,0
2025-08-14,VIL-004,Canning,South 24 Parganas,West Bengal,7.33,2.42,0.27,41.9,0.0,27.4,69.7,3,2,2,14.5,3.61,0.00629,0,0
2025-08-15,VIL-004,Canning,South 24 Parganas,West Bengal,7.67,0.2,0.275,80.4,0.0,26.8,73.4,2,3,1,0.0,3.39,0.00338,0,0
2025-08-16,VIL-004,Canning,South 24 Parganas,West Bengal,6.54,9.82,0.186,84.6,4.6,31.8,68.3,2,4,3,4.6,3.58,0.00217,45,1
2025-08-17,VIL-004,Canning,South 24 Parganas,West Bengal,6.91,0.29,0.494,13.1,0.0,26.3,56.9,3,3,4,4.6,3.58,0.03504,0,0
2025-08-18,VIL-004,Canning,South 24 Parganas,West Bengal,8.32,3.06,0.055,54.0,0.0,30.1,70.6,3,2,3,4.6,3.3,0.001,20,0
2025-08-19,VIL-004,Canning,South 24 Parganas,West Bengal,7.23,7.06,0.321,121.9,0.0,29.2,86.2,2,1,3,0.0,4.06,0.00261,60,1
2025-08-20,VIL-004,Canning,South 24 Parganas,West Bengal,7.0,0.28,0.644,45.7,8.2,27.4,90.1,4,2,3,8.2,3.3,0.01379,0,0
2025-08-21,VIL-004,Canning,South 24 Parganas,West Bengal,6.54,2.71,0.457,14.1,18.5,28.9,99.0,3,3,2,26.7,3.35,0.03026,0,0
2025-08-22,VIL-004,Canning,South 24 Parganas,West Bengal,7.4,5.84,0.53,29.3,0.0,36.1,95.3,3,2,3,26.7,4.15,0.01749,25,0
2025-08-23,VIL-004,Canning,South 24 Parganas,West Bengal,7.72,14.42,0.054,18.6,0.0,31.4,60.6,1,2,4,18.5,4.81,0.00276,45,1
2025-08-24,VIL-004,Canning,South 24 Parganas,West Bengal,7.62,4.33,0.171,10.5,0.0,33.4,70.1,2,3,3,0.0,5.39,0.01487,45,1
2025-08-25,VIL-004,Canning,South 24 Parganas,West Bengal,6.94,1.1,0.563,37.0,0.0,25.3,74.7,2,3,2,0.0,5.11,0.01482,0,0
2025-08-26,VIL-004,Canning,South 24 Parganas,West Bengal,7.32,4.04,0.373,60.7,0.0,33.4,74.0,3,2,1,0.0,4.67,0.00605,25,0
2025-08-27,VIL-004,Canning,South 24 Parganas,West Bengal,8.1,4.11,0.163,5.9,19.1,31.6,75.8,1,4,2,19.1,5.22,0.02362,45,1
2025-08-28,VIL-004,Canning,South 24 Parganas,West Bengal,7.74,4.04,0.463,72.2,25.6,23.0,99.0,3,3,3,44.7,5.41,0.00633,25,0
2025-08-29,VIL-004,Canning,South 24 Parganas,West Bengal,6.63,6.47,0.254,387.3,2.2,31.2,62.0,3,3,2,46.9,5.5,0.00065,75,2
2025-08-30,VIL-004,Canning,South 24 Parganas,West Bengal,5.57,0.31,0.807,259.6,0.0,26.9,66.4,3,1,2,27.8,3.49,0.0031,35,1
2025-08-31,VIL-004,Canning,South 24 Parganas,West Bengal,7.28,0.39,0.458,137.8,0.0,22.8,94.7,2,2,3,2.2,2.92,0.0033,35,1
2025-09-01,VIL-004,Canning,South 24 Parganas,West Bengal,7.58,3.44,0.184,24.2,8.1,29.5,67.6,3,2,3,8.1,3.26,0.0073,20,0
2025-09-02,VIL-004,Canning,South 24 Parganas,West Bengal,6.45,10.34,0.509,1.8,5.2,31.2,79.7,3,3,2,13.3,4.16,0.18179,25,0
2025-09-03,VIL-004,Canning,South 24 Parganas,West Bengal,7.09,2.11,0.641,139.9,15.3,29.6,87.4,2,1,4,28.6,3.87,0.00455,35,1
2025-09-04,VIL-004,Canning,South 24 Parganas,West Bengal,6.94,10.86,0.349,4.5,0.0,28.6,80.8,2,3,3,20.5,4.85,0.06345,25,0
2025-09-05,VIL-004,Canning,South 24 Parganas,West Bengal,7.16,9.35,0.212,18.0,0.0,27.7,77.3,1,3,3,15.3,5.26,0.01116,25,0
2025-09-06,VIL-004,Canning,South 24 Parganas,West Bengal,6.77,7.84,0.358,61.3,0.0,38.9,86.3,4,3,1,0.0,6.33,0.00575,25,0
2025-09-07,VIL-004,Canning,South 24 Parganas,West Bengal,7.87,8.09,0.24,15.3,8.0,24.3,64.3,4,2,2,8.0,7.43,0.01472,25,0
2025-09-08,VIL-004,Canning,South 24 Parganas,West Bengal,7.19,7.68,0.304,140.0,0.0,32.5,69.0,3,3,2,8.0,8.04,0.00216,60,1
2025-09-09,VIL-004,Canning,South 24 Parganas,West Bengal,6.57,5.76,0.1,117.1,6.1,29.1,81.4,2,3,3,14.1,7.38,0.00085,95,2
2025-09-10,VIL-004,Canning,South 24 Parganas,West Bengal,7.65,3.99,0.508,110.0,0.0,25.6,50.2,2,2,1,6.1,7.65,0.00458,35,1
2025-09-11,VIL-004,Canning,South 24 Parganas,West Bengal,6.34,0.2,0.143,132.1,8.0,28.8,92.0,1,2,3,14.1,6.13,0.00107,55,1
2025-09-12,VIL-004,Canning,South 24 Parganas,West Bengal,7.87,0.48,0.459,19.4,3.8,23.4,78.6,3,1,3,11.8,4.86,0.0225,0,0
2025-09-13,VIL-004,Canning,South 24 Parganas,West Bengal,7.69,0.48,0.295,101.8,8.3,26.6,76.8,1,4,3,20.1,3.81,0.00287,35,1
2025-09-14,VIL-004,Canning,South 24 Parganas,West Bengal,7.93,0.2,0.39,34.2,0.0,28.8,55.4,3,4,2,12.1,2.68,0.01108,0,0
2025-09-15,VIL-004,Canning,South 24 Parganas,West Bengal,7.01,0.42,0.265,85.7,0.0,22.8,59.6,1,3,3,8.3,1.65,0.00306,0,0
2025-09-16,VIL-004,Canning,South 24 Parganas,West Bengal,6.8,8.48,0.385,10.2,7.3,31.0,70.2,2,2,3,7.3,2.04,0.03438,25,0
2024-01-01,VIL-005,Karjat,Raigad,Maharashtra,8.1,0.52,0.468,70.3,44.8,37.3,71.1,3,0,0,44.8,0.52,0.00656,0,0
2024-01-02,VIL-005,Karjat,Raigad,Maharashtra,8.42,4.3,0.369,100.9,33.0,25.6,79.8,3,0,0,77.8,2.41,0.00362,75,2
2024-01-03,VIL-005,Karjat,Raigad,Maharashtra,7.31,2.0,0.47,3.9,0.0,33.4,92.1,1,0,0,77.8,2.27,0.09592,15,0
2024-01-04,VIL-005,Karjat,Raigad,Maharashtra,7.11,4.28,0.334,6.5,39.5,36.3,91.8,0,0,0,72.5,2.78,0.04453,40,1
2024-01-05,VIL-005,Karjat,Raigad,Maharashtra,6.89,4.25,0.348,5.5,0.8,29.9,80.1,2,0,0,40.3,3.07,0.05354,25,0
2024-01-06,VIL-005,Karjat,Raigad,Maharashtra,7.59,0.23,0.391,2.8,0.0,28.6,77.0,1,0,0,40.3,2.6,0.10289,0,0
2024-01-07,VIL-005,Karjat,Raigad,Maharashtra,8.41,2.35,0.161,63.0,49.4,23.7,56.8,1,0,0,50.2,2.56,0.00252,35,1
2024-01-08,VIL-005,Karjat,Raigad,Maharashtra,8.17,1.66,0.0,51.9,34.8,27.0,67.4,1,3,0,84.2,2.72,0.0,50,1
2024-01-09,VIL-005,Karjat,Raigad,Maharashtra,7.78,7.36,0.331,63.6,7.9,35.4,71.6,0,3,0,92.1,3.16,0.00512,40,1
2024-01-10,VIL-005,Karjat,Raigad,Maharashtra,7.77,0.89,0.309,41.2,0.0,30.4,64.8,2,1,0,42.7,3.0,0.00732,0,0
2024-01-11,VIL-005,Karjat,Raigad,Maharashtra,7.6,0.58,0.453,99.5,4.3,29.1,78.0,1,0,0,12.2,2.47,0.00451,0,0
2024-01-12,VIL-005,Karjat,Raigad,Maharashtra,7.07,5.73,0.781,46.3,13.0,34.2,97.9,3,2,0,17.3,2.69,0.01651,25,0
2024-01-13,VIL-005,Karjat,Raigad,Maharashtra,6.66,0.41,0.583,146.8,16.3,31.8,93.2,1,1,0,33.6,2.71,0.00394,35,1
2024-01-14,VIL-005,Karjat,Raigad,Maharashtra,7.09,2.92,0.0,38.9,0.0,28.4,77.9,4,1,0,29.3,2.79,0.0,35,1
2024-01-15,VIL-005,Karjat,Raigad,Maharashtra,7.35,0.9,0.804,91.5,9.6,29.9,84.4,3,1,3,25.9,2.68,0.00869,0,0
2024-01-16,VIL-005,Karjat,Raigad,Maharashtra,6.23,2.11,0.47,30.6,0.0,25.9,66.3,2,0,3,9.6,1.93,0.01487,0,0
2024-01-17,VIL-005,Karjat,Raigad,Maharashtra,7.01,2.41,0.302,33.4,0.0,26.8,92.6,6,2,1,9.6,2.15,0.00878,0,0
2024-01-18,VIL-005,Karjat,Raigad,Maharashtra,6.6,1.36,0.616,110.6,3.3,28.2,56.3,3,1,0,3.3,2.26,0.00552,35,1
2024-01-19,VIL-005,Karjat,Raigad,Maharashtra,7.71,9.29,0.0,6.7,55.8,31.2,86.0,1,3,2,59.1,2.77,0.0,75,2
2024-01-20,VIL-005,Karjat,Raigad,Maharashtra,6.77,0.36,0.252,48.7,0.0,24.0,80.9,2,1,1,59.1,2.76,0.00507,15,0
2024-01-21,VIL-005,Karjat,Raigad,Maharashtra,7.3,1.25,0.385,75.8,0.0,29.3,65.9,4,4,1,55.8,2.53,0.00501,15,0
2024-01-22,VIL-005,Karjat,Raigad,Maharashtra,6.68,1.42,0.362,81.2,0.0,27.4,72.5,1,3,1,0.0,2.6,0.0044,0,0
2024-01-23,VIL-005,Karjat,Raigad,Maharashtra,8.06,2.51,0.623,52.4,0.0,25.4,61.4,2,2,0,0.0,2.66,0.01167,0,0
2024-01-24,VIL-005,Karjat,Raigad,Maharashtra,6.08,1.32,0.562,34.8,12.1,27.5,61.9,0,6,2,12.1,2.5,0.0157,20,0
2024-01-25,VIL-005,Karjat,Raigad,Maharashtra,7.39,0.26,0.473,17.7,0.0,19.7,55.9,1,3,1,12.1,2.34,0.02529,0,0
2024-01-26,VIL-005,Karjat,Raigad,Maharashtra,6.33,7.42,0.3,140.5,13.1,26.0,84.2,0,1,3,25.2,2.08,0.00212,60,1
2024-01-27,VIL-005,Karjat,Raigad,Maharashtra,6.79,1.36,0.523,27.0,0.0,24.6,89.5,1,2,1,13.1,2.22,0.01868,0,0
2024-01-28,VIL-005,Karjat,Raigad,Maharashtra,7.22,1.06,0.242,93.9,0.0,27.9,49.1,1,4,4,13.1,2.19,0.00255,0,0
2024-01-29,VIL-005,Karjat,Raigad,Maharashtra,7.25,1.49,0.489,1.9,11.8,19.9,97.1,5,1,3,11.8,2.2,0.16862,0,0
2024-01-30,VIL-005,Karjat,Raigad,Maharashtra,7.24,0.62,0.219,15.5,4.2,29.8,74.9,1,2,2,16.0,1.93,0.01327,0,0
2024-01-31,VIL-005,Karjat,Raigad,Maharashtra,7.19,0.27,0.403,24.8,79.9,32.6,78.5,2,0,6,95.9,1.78,0.01562,15,0
2024-02-01,VIL-005,Karjat,Raigad,Maharashtra,6.71,0.41,0.088,65.1,0.0,28.5,57.3,1,1,3,84.1,1.8,0.00133,35,1
2024-02-02,VIL-005,Karjat,Raigad,Maharashtra,7.0,0.46,0.536,22.5,0.0,31.0,90.8,4,0,1,79.9,0.81,0.02281,15,0
2024-02-03,VIL-005,Karjat,Raigad,Maharashtra,7.12,0.56,0.27,2.5,0.0,26.9,77.4,1,1,2,0.0,0.7,0.07714,0,0
2024-02-04,VIL-005,Karjat,Raigad,Maharashtra,7.22,1.37,0.104,11.2,0.0,22.8,88.7,2,1,4,0.0,0.74,0.00852,20,0
2024-02-05,VIL-005,Karjat,Raigad,Maharashtra,7.06,2.46,0.177,17.5,15.1,29.0,89.7,1,5,1,15.1,0.88,0.00957,20,0
2024-02-06,VIL-005,Karjat,Raigad,Maharashtra,7.54,2.5,0.295,11.3,31.0,31.7,91.0,1,1,2,46.1,1.15,0.02398,0,0
2024-02-07,VIL-005,Karjat,Raigad,Maharashtra,7.16,0.2,0.186,13.3,0.7,23.7,67.2,4,2,0,46.8,1.14,0.01301,20,0
2024-02-08,VIL-005,Karjat,Raigad,Maharashtra,7.22,6.4,0.48,85.7,12.3,27.1,72.5,3,1,1,44.0,1.99,0.00554,25,0
2024-02-09,VIL-005,Karjat,Raigad,Maharashtra,6.87,4.36,0.3,31.1,0.0,28.0,67.7,0,4,0,13.0,2.55,0.00935,25,0
2024-02-10,VIL-005,Karjat,Raigad,Maharashtra,6.47,8.37,0.518,30.4,0.0,40.4,85.7,0,1,1,12.3,3.67,0.0165,25,0
2024-02-11,VIL-005,Karjat,Raigad,Maharashtra,7.19,1.12,0.299,198.9,0.0,29.9,79.0,0,2,1,0.0,3.63,0.0015,35,1
2024-02-12,VIL-005,Karjat,Raigad,Maharashtra,7.82,2.75,0.479,34.6,0.0,21.4,87.8,1,1,5,0.0,3.67,0.01346,0,0
2024-02-13,VIL-005,Karjat,Raigad,Maharashtra,7.37,0.46,0.352,153.6,23.1,20.4,88.4,1,1,1,23.1,3.38,0.00228,35,1
2024-02-14,VIL-005,Karjat,Raigad,Maharashtra,6.61,4.28,0.303,20.8,6.4,31.9,54.3,3,4,2,29.5,3.96,0.0139,25,0
2024-02-15,VIL-005,Karjat,Raigad,Maharashtra,7.59,0.44,0.163,29.9,16.7,38.9,91.2,3,3,1,46.2,3.11,0.00528,20,0
2024-02-16,VIL-005,Karjat,Raigad,Maharashtra,6.9,0.99,0.362,29.5,0.0,27.9,86.4,2,0,4,23.1,2.63,0.01187,0,0
2024-02-17,VIL-005,Karjat,Raigad,Maharashtra,7.53,1.7,0.482,46.2,0.0,27.6,70.6,4,0,1,16.7,1.68,0.01021,0,0
2024-02-18,VIL-005,Karjat,Raigad,Maharashtra,6.88,2.27,0.226,51.3,40.8,30.7,79.2,1,0,2,40.8,1.84,0.00432,0,0
2024-02-19,VIL-005,Karjat,Raigad,Maharashtra,7.31,2.07,0.348,16.7,0.0,25.8,73.5,2,1,1,40.8,1.74,0.01966,0,0
2024-02-20,VIL-005,Karjat,Raigad,Maharashtra,6.79,0.27,0.251,92.3,0.0,18.8,82.4,0,1,1,40.8,1.72,0.00269,0,0
2024-02-21,VIL-005,Karjat,Raigad,Maharashtra,6.8,1.38,0.699,40.1,10.9,33.1,70.5,1,3,4,10.9,1.3,0.01701,0,0
2024-02-22,VIL-005,Karjat,Raigad,Maharashtra,6.16,6.46,0.406,0.4,0.0,26.5,80.7,1,3,3,10.9,2.16,0.29,25,0
2024-02-23,VIL-005,Karjat,Raigad,Maharashtra,7.41,5.19,0.366,52.4,0.0,33.2,75.8,2,2,0,10.9,2.76,0.00685,25,0
2024-02-24,VIL-005,Karjat,Raigad,Maharashtra,7.32,2.25,0.263,93.6,30.1,26.0,69.8,2,4,0,30.1,2.84,0.00278,0,0
2024-02-25,VIL-005,Karjat,Raigad,Maharashtra,7.36,2.14,0.509,16.9,0.0,29.5,77.3,1,1,0,30.1,2.82,0.02844,0,0
2024-02-26,VIL-005,Karjat,Raigad,Maharashtra,7.27,0.3,0.35,2.3,68.3,32.4,99.0,1,2,1,98.4,2.57,0.10606,15,0
2024-02-27,VIL-005,Karjat,Raigad,Maharashtra,6.64,0.56,0.338,96.3,0.0,33.3,66.8,1,0,1,68.3,2.61,0.00347,15,0
2024-02-28,VIL-005,Karjat,Raigad,Maharashtra,7.68,0.73,0.337,218.9,0.0,29.9,72.0,0,1,3,68.3,2.52,0.00153,50,1
2024-02-29,VIL-005,Karjat,Raigad,Maharashtra,7.7,1.69,0.151,4.7,0.0,29.7,67.0,1,1,3,0.0,1.84,0.02649,20,0
2024-03-01,VIL-005,Karjat,Raigad,Maharashtra,6.63,3.31,0.619,162.7,5.9,31.5,68.2,2,2,2,5.9,1.57,0.00378,35,1
2024-03-02,VIL-005,Karjat,Raigad,Maharashtra,7.42,1.56,0.516,26.0,10.2,30.9,84.8,2,2,4,16.1,1.47,0.01911,0,0
2024-03-03,VIL-005,Karjat,Raigad,Maharashtra,7.62,0.34,0.352,166.0,15.0,23.8,83.6,2,1,1,31.1,1.21,0.00211,35,1
2024-03-04,VIL-005,Karjat,Raigad,Maharashtra,6.82,1.46,0.331,61.2,11.2,23.9,74.9,2,1,2,36.4,1.38,0.00532,0,0
2024-03-05,VIL-005,Karjat,Raigad,Maharashtra,6.92,0.45,0.191,129.3,0.0,20.6,87.3,1,1,0,26.2,1.36,0.00147,55,1
2024-03-06,VIL-005,Karjat,Raigad,Maharashtra,7.42,3.51,0.084,90.1,0.5,32.1,84.5,0,0,1,11.7,1.76,0.00092,35,1
2024-03-07,VIL-005,Karjat,Raigad,Maharashtra,6.19,0.46,0.191,1.7,4.2,27.4,73.1,0,1,1,4.7,1.58,0.07074,20,0
2024-03-08,VIL-005,Karjat,Raigad,Maharashtra,6.45,1.66,0.556,4.0,0.0,32.3,56.6,2,2,2,4.7,1.35,0.1112,0,0
2024-03-09,VIL-005,Karjat,Raigad,Maharashtra,6.51,2.98,0.28,43.6,0.0,30.6,85.0,3,2,2,4.2,1.55,0.00628,0,0
2024-03-10,VIL-005,Karjat,Raigad,Maharashtra,6.02,0.65,0.545,8.1,4.6,25.0,77.0,2,2,1,4.6,1.6,0.05989,0,0
2024-03-11,VIL-005,Karjat,Raigad,Maharashtra,7.75,0.2,0.345,36.2,0.0,28.5,75.3,2,2,1,4.6,1.42,0.00927,0,0
2024-03-12,VIL-005,Karjat,Raigad,Maharashtra,5.91,2.09,0.194,180.9,0.0,27.2,69.4,5,1,1,4.6,1.65,0.00107,55,1
2024-03-13,VIL-005,Karjat,Raigad,Maharashtra,7.31,0.2,0.218,20.4,14.8,26.6,83.9,2,0,0,14.8,1.18,0.01019,0,0
2024-03-14,VIL-005,Karjat,Raigad,Maharashtra,7.59,2.23,0.394,39.3,0.0,32.7,79.2,2,0,1,14.8,1.43,0.00978,0,0
2024-03-15,VIL-005,Karjat,Raigad,Maharashtra,6.92,3.53,0.058,28.4,0.0,39.0,72.2,2,2,2,14.8,1.7,0.00197,20,0
2024-03-16,VIL-005,Karjat,Raigad,Maharashtra,6.7,1.01,0.212,58.1,0.0,33.5,60.3,3,3,2,0.0,1.42,0.00359,0,0
2024-03-17,VIL-005,Karjat,Raigad,Maharashtra,7.24,1.69,0.268,12.6,6.0,28.9,87.8,2,2,2,6.0,1.56,0.01971,0,0
2024-03-18,VIL-005,Karjat,Raigad,Maharashtra,7.1,6.66,0.498,17.6,5.1,34.0,82.3,1,2,2,11.1,2.49,0.02677,25,0
2024-03-19,VIL-005,Karjat,Raigad,Maharashtra,7.7,1.61,0.401,114.5,0.0,35.9,78.1,1,5,1,11.1,2.42,0.00347,35,1
2024-03-20,VIL-005,Karjat,Raigad,Maharashtra,5.52,14.29,0.384,97.6,0.0,23.4,43.1,5,2,0,5.1,4.43,0.00389,25,0
2024-03-21,VIL-005,Karjat,Raigad,Maharashtra,6.55,0.43,0.433,91.1,0.0,33.9,74.5,0,2,0,0.0,4.17,0.0047,0,0
2024-03-22,VIL-005,Karjat,Raigad,Maharashtra,7.44,3.11,0.536,86.2,0.0,32.1,72.1,1,2,2,0.0,4.11,0.00615,0,0
2024-03-23,VIL-005,Karjat,Raigad,Maharashtra,7.13,2.66,0.359,36.0,0.0,33.8,67.6,3,3,3,0.0,4.35,0.0097,0,0
2024-03-24,VIL-005,Karjat,Raigad,Maharashtra,7.55,5.19,0.164,76.4,0.0,32.3,84.1,1,2,2,0.0,4.85,0.00212,45,1
2024-03-25,VIL-005,Karjat,Raigad,Maharashtra,7.26,0.24,0.384,28.6,0.0,28.1,83.6,2,1,2,0.0,3.93,0.01297,0,0
2024-03-26,VIL-005,Karjat,Raigad,Maharashtra,7.02,0.83,0.199,6.2,0.0,37.1,80.2,1,1,5,0.0,3.82,0.02764,20,0
2024-03-27,VIL-005,Karjat,Raigad,Maharashtra,6.92,0.36,0.0,29.2,41.4,30.4,87.5,2,5,2,41.4,1.83,0.0,35,1
2024-03-28,VIL-005,Karjat,Raigad,Maharashtra,8.5,6.82,0.384,10.1,0.0,27.3,62.7,1,0,2,41.4,2.74,0.03459,25,0
2024-03-29,VIL-005,Karjat,Raigad,Maharashtra,8.02,1.4,0.443,29.0,12.7,31.0,69.6,3,1,2,54.1,2.5,0.01477,15,0
2024-03-30,VIL-005,Karjat,Raigad,Maharashtra,7.4,6.07,0.412,20.7,16.6,32.9,75.9,1,3,3,29.3,2.99,0.01899,25,0
2024-03-31,VIL-005,Karjat,Raigad,Maharashtra,7.15,0.88,0.441,53.5,0.0,29.4,67.5,2,1,2,29.3,2.37,0.00809,0,0
2024-04-01,VIL-005,Karjat,Raigad,Maharashtra,7.42,0.34,0.551,26.2,39.0,30.6,83.7,1,2,1,55.6,2.39,0.02026,15,0
2024-04-02,VIL-005,Karjat,Raigad,Maharashtra,7.6,0.89,0.176,71.5,17.6,29.4,68.7,3,1,1,56.6,2.39,0.00243,35,1
2024-04-03,VIL-005,Karjat,Raigad,Maharashtra,7.35,2.29,0.28,42.0,0.0,26.4,90.6,3,2,5,56.6,2.67,0.00651,15,0
2024-04-04,VIL-005,Karjat,Raigad,Maharashtra,6.65,4.7,0.118,147.4,0.0,25.7,63.8,2,1,0,17.6,2.37,0.0008,95,2
2024-04-05,VIL-005,Karjat,Raigad,Maharashtra,8.17,1.23,0.431,5.6,0.0,23.4,99.0,2,3,1,0.0,2.34,0.0653,0,0
2024-04-06,VIL-005,Karjat,Raigad,Maharashtra,7.25,6.21,0.571,68.1,0.0,35.1,99.0,2,1,3,0.0,2.36,0.00826,25,0
2024-04-07,VIL-005,Karjat,Raigad,Maharashtra,8.31,0.71,0.252,65.3,36.7,28.1,73.9,0,2,1,36.7,2.34,0.0038,0,0
2024-04-08,VIL-005,Karjat,Raigad,Maharashtra,7.21,2.98,0.48,176.0,20.2,15.3,88.8,1,1,2,56.9,2.72,0.00271,50,1
2024-04-09,VIL-005,Karjat,Raigad,Maharashtra,6.95,3.35,0.212,27.2,0.8,30.6,70.2,1,3,1,57.7,3.07,0.00752,15,0
2024-04-10,VIL-005,Karjat,Raigad,Maharashtra,7.93,0.81,0.466,21.3,0.0,30.5,87.2,2,3,2,21.0,2.86,0.0209,0,0
2024-04-11,VIL-005,Karjat,Raigad,Maharashtra,7.28,0.2,0.0,11.1,0.0,21.5,72.9,2,2,1,0.8,2.21,0.0,35,1
2024-04-12,VIL-005,Karjat,Raigad,Maharashtra,7.18,1.15,0.624,18.0,0.0,25.7,59.6,4,2,3,0.0,2.2,0.03284,0,0
2024-04-13,VIL-005,Karjat,Raigad,Maharashtra,6.38,0.2,0.154,40.8,2.2,25.5,32.6,2,2,1,2.2,1.34,0.00368,20,0
2024-04-14,VIL-005,Karjat,Raigad,Maharashtra,7.5,5.82,0.38,106.4,13.9,26.0,71.8,2,0,2,16.1,2.07,0.00354,60,1
2024-04-15,VIL-005,Karjat,Raigad,Maharashtra,6.8,7.73,0.603,19.6,0.0,33.9,78.3,4,1,1,16.1,2.75,0.02927,25,0
2024-04-16,VIL-005,Karjat,Raigad,Maharashtra,6.83,3.35,0.14,10.0,8.7,28.4,91.0,1,1,3,22.6,2.75,0.01273,20,0
2024-04-17,VIL-005,Karjat,Raigad,Maharashtra,6.81,3.27,0.667,18.6,0.0,27.3,75.4,2,2,3,8.7,3.1,0.03403,0,0
2024-04-18,VIL-005,Karjat,Raigad,Maharashtra,7.36,0.69,0.729,6.2,12.9,33.5,87.0,1,2,2,21.6,3.17,0.10125,0,0
2024-04-19,VIL-005,Karjat,Raigad,Maharashtra,6.18,0.2,0.474,152.9,7.4,31.0,69.6,2,4,2,20.3,3.04,0.00308,35,1
2024-04-20,VIL-005,Karjat,Raigad,Maharashtra,6.97,4.08,0.353,120.5,7.8,22.0,71.0,3,2,2,28.1,3.59,0.00291,60,1
2024-04-21,VIL-005,Karjat,Raigad,Maharashtra,7.69,2.06,0.317,21.6,0.0,26.5,87.6,2,2,0,15.2,3.05,0.01403,0,0
2024-04-22,VIL-005,Karjat,Raigad,Maharashtra,6.35,2.88,0.453,16.6,39.0,30.3,45.4,2,4,1,46.8,2.36,0.02574,0,0
2024-04-23,VIL-005,Karjat,Raigad,Maharashtra,7.2,3.81,0.484,137.9,14.7,25.3,75.2,2,1,1,53.7,2.43,0.00348,50,1
2024-04-24,VIL-005,Karjat,Raigad,Maharashtra,6.72,1.33,0.0,0.1,0.0,37.1,70.2,1,2,2,53.7,2.15,0.0,50,1
2024-04-25,VIL-005,Karjat,Raigad,Maharashtra,6.86,0.39,0.299,53.7,0.0,29.5,91.3,1,1,2,14.7,2.11,0.00547,0,0
2024-04-26,VIL-005,Karjat,Raigad,Maharashtra,8.09,3.99,0.245,144.9,0.0,26.0,68.7,2,2,4,0.0,2.65,0.00168,35,1
2024-04-27,VIL-005,Karjat,Raigad,Maharashtra,6.11,1.52,0.219,41.6,6.7,24.5,81.2,4,3,2,6.7,2.28,0.00514,0,0
2024-04-28,VIL-005,Karjat,Raigad,Maharashtra,7.56,4.42,0.222,0.2,0.0,32.7,86.1,0,2,2,6.7,2.62,0.185,25,0
2024-04-29,VIL-005,Karjat,Raigad,Maharashtra,6.81,1.45,0.117,14.5,6.8,26.4,57.1,2,2,4,13.5,2.42,0.00755,20,0
2024-04-30,VIL-005,Karjat,Raigad,Maharashtra,6.78,0.62,0.629,149.6,44.9,30.5,73.3,1,2,1,51.7,1.96,0.00418,50,1
2024-05-01,VIL-005,Karjat,Raigad,Maharashtra,6.43,0.47,0.244,1.0,0.0,24.4,69.8,0,1,2,51.7,1.84,0.122,15,0
2024-05-02,VIL-005,Karjat,Raigad,Maharashtra,7.55,3.43,0.324,29.4,15.6,29.3,86.4,1,1,1,60.5,2.27,0.01066,15,0
2024-05-03,VIL-005,Karjat,Raigad,Maharashtra,6.99,2.16,0.294,91.2,0.0,26.5,83.1,3,2,2,15.6,2.01,0.00319,0,0
2024-05-04,VIL-005,Karjat,Raigad,Maharashtra,6.91,1.31,0.251,106.5,0.0,27.7,72.2,1,4,3,15.6,1.98,0.00233,35,1
2024-05-05,VIL-005,Karjat,Raigad,Maharashtra,7.17,1.71,0.425,38.0,47.3,25.8,62.4,1,0,2,47.3,1.59,0.0109,0,0
2024-05-06,VIL-005,Karjat,Raigad,Maharashtra,7.0,2.01,0.294,15.5,4.5,33.1,87.5,4,2,2,51.8,1.67,0.01782,15,0
2024-05-07,VIL-005,Karjat,Raigad,Maharashtra,5.9,0.69,0.459,53.6,0.0,27.0,74.2,1,1,2,51.8,1.68,0.00841,15,0
2024-05-08,VIL-005,Karjat,Raigad,Maharashtra,6.81,1.2,0.633,17.9,0.0,28.4,55.6,2,0,1,4.5,1.79,0.03349,0,0
2024-05-09,VIL-005,Karjat,Raigad,Maharashtra,7.64,0.87,0.152,17.2,0.0,28.6,56.6,1,1,1,0.0,1.42,0.00835,20,0
2024-05-10,VIL-005,Karjat,Raigad,Maharashtra,6.2,1.24,0.408,96.4,0.0,35.4,80.3,2,3,2,0.0,1.29,0.00419,0,0
2024-05-11,VIL-005,Karjat,Raigad,Maharashtra,6.45,1.75,0.403,9.8,0.0,32.6,59.7,3,1,4,0.0,1.35,0.03731,0,0
2024-05-12,VIL-005,Karjat,Raigad,Maharashtra,6.84,0.48,0.138,0.3,9.5,32.2,97.3,3,1,0,9.5,1.18,0.10615,20,0
2024-05-13,VIL-005,Karjat,Raigad,Maharashtra,6.66,1.26,0.466,24.0,0.0,22.7,63.8,1,4,2,9.5,1.07,0.01864,0,0
2024-05-14,VIL-005,Karjat,Raigad,Maharashtra,7.08,1.23,0.303,39.5,28.6,26.4,75.0,0,1,1,38.1,1.15,0.00748,0,0
2024-05-15,VIL-005,Karjat,Raigad,Maharashtra,6.44,0.85,0.634,71.4,0.0,33.8,76.9,1,2,0,28.6,1.1,0.00876,0,0
2024-05-16,VIL-005,Karjat,Raigad,Maharashtra,6.87,16.38,0.53,88.9,3.7,24.3,66.2,1,1,1,32.3,3.31,0.0059,25,0
2024-05-17,VIL-005,Karjat,Raigad,Maharashtra,7.07,0.2,0.35,63.7,0.0,29.3,48.1,1,2,3,3.7,3.16,0.00541,0,0
2024-05-18,VIL-005,Karjat,Raigad,Maharashtra,7.49,2.6,0.311,57.6,14.4,24.7,77.3,1,3,1,18.1,3.29,0.00531,0,0
2024-05-19,VIL-005,Karjat,Raigad,Maharashtra,7.85,0.48,0.662,64.1,0.0,25.1,66.0,4,3,1,14.4,3.29,0.01017,0,0
2024-05-20,VIL-005,Karjat,Raigad,Maharashtra,6.94,4.61,0.246,18.5,0.0,35.7,76.4,0,1,4,14.4,3.76,0.01262,25,0
2024-05-21,VIL-005,Karjat,Raigad,Maharashtra,8.23,6.19,0.398,28.2,0.0,31.9,73.5,1,0,1,0.0,4.47,0.01363,25,0
2024-05-22,VIL-005,Karjat,Raigad,Maharashtra,6.99,1.29,0.338,56.1,0.0,32.9,78.2,5,1,2,0.0,4.54,0.00592,0,0
2024-05-23,VIL-005,Karjat,Raigad,Maharashtra,7.6,4.37,0.565,4.0,0.0,32.1,93.7,3,1,1,0.0,2.82,0.113,25,0
2024-05-24,VIL-005,Karjat,Raigad,Maharashtra,8.26,0.72,0.579,20.5,31.8,28.4,68.4,2,1,2,31.8,2.89,0.02693,0,0
2024-05-25,VIL-005,Karjat,Raigad,Maharashtra,7.18,0.38,0.448,30.5,0.0,26.2,69.4,2,1,3,31.8,2.58,0.01422,0,0
2024-05-26,VIL-005,Karjat,Raigad,Maharashtra,6.28,0.96,0.255,44.6,0.0,27.4,55.0,2,4,3,31.8,2.65,0.00559,0,0
2024-05-27,VIL-005,Karjat,Raigad,Maharashtra,7.15,1.05,0.322,39.0,2.0,28.2,72.7,2,0,1,2.0,2.14,0.00805,0,0
2024-05-28,VIL-005,Karjat,Raigad,Maharashtra,6.73,1.28,0.129,74.1,0.0,36.1,79.9,3,1,0,2.0,1.44,0.00172,20,0
2024-05-29,VIL-005,Karjat,Raigad,Maharashtra,6.94,1.18,0.395,37.5,0.0,23.7,69.2,0,5,1,2.0,1.42,0.01026,0,0
2024-05-30,VIL-005,Karjat,Raigad,Maharashtra,8.29,1.33,0.205,137.2,0.0,26.8,80.0,5,3,1,0.0,0.99,0.00148,35,1
2024-05-31,VIL-005,Karjat,Raigad,Maharashtra,6.37,3.12,0.753,28.0,9.8,25.3,72.9,5,2,1,9.8,1.33,0.02597,0,0
2024-06-01,VIL-005,Karjat,Raigad,Maharashtra,7.28,0.71,0.251,43.6,0.0,33.2,59.4,0,2,1,9.8,1.38,0.00563,0,0
2024-06-02,VIL-005,Karjat,Raigad,Maharashtra,6.57,0.2,0.535,0.2,0.9,36.4,78.7,2,2,4,10.7,1.27,0.44583,0,0
2024-06-03,VIL-005,Karjat,Raigad,Maharashtra,6.92,1.7,0.625,21.7,0.0,30.2,72.5,1,2,0,0.9,1.36,0.02753,0,0
2024-06-04,VIL-005,Karjat,Raigad,Maharashtra,7.55,1.5,0.499,117.8,0.0,30.6,76.5,3,3,1,0.9,1.39,0.0042,35,1
2024-06-05,VIL-005,Karjat,Raigad,Maharashtra,7.29,0.2,0.259,23.7,0.0,29.4,68.2,6,0,5,0.0,1.25,0.01049,0,0
2024-06-06,VIL-005,Karjat,Raigad,Maharashtra,6.96,0.36,0.246,17.1,0.0,30.7,67.1,2,5,3,0.0,1.11,0.01359,0,0
2024-06-07,VIL-005,Karjat,Raigad,Maharashtra,6.71,1.8,0.88,45.9,7.8,32.1,76.9,2,5,2,7.8,0.92,0.01876,0,0
2024-06-08,VIL-005,Karjat,Raigad,Maharashtra,7.29,0.67,0.705,4.8,0.0,30.7,72.2,3,0,2,7.8,0.92,0.12155,0,0
2024-06-09,VIL-005,Karjat,Raigad,Maharashtra,8.12,5.29,0.405,44.4,3.5,31.0,95.7,1,2,2,11.3,1.65,0.00892,25,0
2024-06-10,VIL-005,Karjat,Raigad,Maharashtra,6.56,0.48,0.289,21.2,38.6,32.1,84.6,0,1,2,42.1,1.47,0.01302,0,0
2024-06-11,VIL-005,Karjat,Raigad,Maharashtra,8.25,0.2,0.193,28.3,2.3,21.9,81.5,2,3,3,44.4,1.29,0.00659,20,0
2024-06-12,VIL-005,Karjat,Raigad,Maharashtra,7.82,1.5,0.238,91.7,3.3,29.0,72.9,2,6,0,44.2,1.47,0.00257,20,0
2024-06-13,VIL-005,Karjat,Raigad,Maharashtra,7.92,10.79,0.478,63.4,0.0,30.2,50.7,2,2,5,5.6,2.96,0.00742,25,0
2024-06-14,VIL-005,Karjat,Raigad,Maharashtra,7.29,2.53,0.766,34.6,0.0,30.7,65.3,1,2,5,3.3,3.07,0.02152,0,0
2024-06-15,VIL-005,Karjat,Raigad,Maharashtra,7.8,1.1,0.329,50.4,0.0,28.3,67.2,2,3,0,0.0,3.13,0.0064,0,0
2024-06-16,VIL-005,Karjat,Raigad,Maharashtra,6.49,0.2,0.566,85.2,19.3,29.6,71.7,3,1,2,19.3,2.4,0.00657,0,0
2024-06-17,VIL-005,Karjat,Raigad,Maharashtra,6.7,1.67,0.512,80.1,0.0,26.1,74.6,0,0,1,19.3,2.57,0.00631,0,0
2024-06-18,VIL-005,Karjat,Raigad,Maharashtra,7.56,0.58,0.297,12.0,0.0,21.9,82.9,1,2,3,19.3,2.62,0.02285,0,0
2024-06-19,VIL-005,Karjat,Raigad,Maharashtra,7.28,2.63,0.53,20.9,0.0,32.9,78.3,1,2,6,0.0,2.79,0.0242,0,0
2024-06-20,VIL-005,Karjat,Raigad,Maharashtra,7.01,2.2,0.535,25.0,0.0,24.5,88.9,1,2,2,0.0,1.56,0.02058,0,0
2024-06-21,VIL-005,Karjat,Raigad,Maharashtra,5.6,0.78,0.515,12.1,0.0,28.4,71.3,3,1,2,0.0,1.31,0.03931,0,0
2024-06-22,VIL-005,Karjat,Raigad,Maharashtra,6.84,0.2,0.276,0.7,0.0,26.0,78.1,4,2,3,0.0,1.18,0.16235,0,0
2024-06-23,VIL-005,Karjat,Raigad,Maharashtra,6.4,3.54,0.479,11.2,60.2,35.3,79.1,2,3,1,60.2,1.66,0.03926,15,0
2024-06-24,VIL-005,Karjat,Raigad,Maharashtra,7.4,2.22,0.564,96.6,2.3,28.7,77.9,0,0,0,62.5,1.74,0.00578,15,0
2024-06-25,VIL-005,Karjat,Raigad,Maharashtra,6.99,4.65,0.522,46.2,0.0,27.8,90.4,0,1,2,62.5,2.32,0.01106,40,1
2024-06-26,VIL-005,Karjat,Raigad,Maharashtra,6.72,0.76,0.544,24.5,0.0,32.0,84.6,4,1,2,2.3,2.05,0.02133,0,0
2024-06-27,VIL-005,Karjat,Raigad,Maharashtra,8.69,2.67,0.313,54.8,0.0,37.6,59.2,5,1,2,0.0,2.12,0.00561,0,0
2024-06-28,VIL-005,Karjat,Raigad,Maharashtra,7.72,0.32,0.543,78.8,0.0,30.6,73.6,2,3,1,0.0,2.05,0.0068,0,0
2024-06-29,VIL-005,Karjat,Raigad,Maharashtra,7.73,0.87,0.582,25.6,0.0,27.5,74.8,1,4,2,0.0,2.15,0.02188,0,0
2024-06-30,VIL-005,Karjat,Raigad,Maharashtra,8.42,2.69,0.268,36.7,0.0,31.8,99.0,2,2,3,0.0,2.03,0.00711,0,0
2024-07-01,VIL-005,Karjat,Raigad,Maharashtra,7.58,4.4,0.101,3.9,20.3,22.7,71.0,1,0,0,20.3,2.34,0.02061,45,1
2024-07-02,VIL-005,Karjat,Raigad,Maharashtra,6.64,0.98,0.644,53.2,0.0,29.2,63.2,1,0,1,20.3,1.81,0.01188,0,0
2024-07-03,VIL-005,Karjat,Raigad,Maharashtra,6.57,4.04,0.267,25.8,2.8,37.0,80.3,0,4,1,23.1,2.28,0.00996,25,0
2024-07-04,VIL-005,Karjat,Raigad,Maharashtra,7.68,2.85,0.216,33.2,6.9,29.6,81.0,2,5,1,9.7,2.31,0.00632,0,0
2024-07-05,VIL-005,Karjat,Raigad,Maharashtra,5.86,1.08,0.388,32.1,0.0,29.4,74.1,2,2,3,9.7,2.42,0.01172,0,0
2024-07-06,VIL-005,Karjat,Raigad,Maharashtra,7.05,5.27,0.301,58.5,4.8,29.1,72.4,1,1,4,11.7,3.04,0.00506,25,0
2024-07-07,VIL-005,Karjat,Raigad,Maharashtra,5.8,1.79,0.003,49.7,2.8,27.4,86.4,2,2,2,7.6,2.92,6e-05,35,1
2024-07-08,VIL-005,Karjat,Raigad,Maharashtra,7.16,2.63,0.511,32.1,12.0,30.3,64.8,2,1,0,19.6,2.66,0.01544,0,0
2024-07-09,VIL-005,Karjat,Raigad,Maharashtra,7.61,1.72,0.506,1.0,32.4,32.1,70.9,4,1,0,47.2,2.77,0.253,0,0
2024-07-10,VIL-005,Karjat,Raigad,Maharashtra,7.27,1.52,0.164,56.8,55.6,27.7,68.7,1,0,4,100.0,2.41,0.00284,35,1
2024-07-11,VIL-005,Karjat,Raigad,Maharashtra,7.66,4.75,0.345,123.8,2.5,19.0,88.1,3,2,5,90.5,2.68,0.00276,75,2
2024-07-12,VIL-005,Karjat,Raigad,Maharashtra,8.28,0.88,0.167,85.9,0.0,30.9,78.4,5,2,2,58.1,2.65,0.00192,35,1
2024-07-13,VIL-005,Karjat,Raigad,Maharashtra,7.01,0.2,0.195,233.8,0.0,37.5,62.2,1,1,1,2.5,1.93,0.00083,70,2
2024-07-14,VIL-005,Karjat,Raigad,Maharashtra,8.78,5.34,0.242,8.8,0.0,27.5,63.4,1,2,2,0.0,2.43,0.02469,25,0
2024-07-15,VIL-005,Karjat,Raigad,Maharashtra,7.23,4.39,0.445,14.7,0.0,23.1,97.5,3,2,1,0.0,2.69,0.02834,25,0
2024-07-16,VIL-005,Karjat,Raigad,Maharashtra,7.67,1.15,0.712,45.3,0.0,31.7,88.0,0,4,1,0.0,2.6,0.01538,0,0
2024-07-17,VIL-005,Karjat,Raigad,Maharashtra,6.73,0.52,0.276,15.7,19.2,36.0,85.1,0,1,0,19.2,2.46,0.01653,0,0
2024-07-18,VIL-005,Karjat,Raigad,Maharashtra,8.07,2.84,0.501,2.1,72.5,31.1,75.1,0,3,2,91.7,2.19,0.16161,15,0
2024-07-19,VIL-005,Karjat,Raigad,Maharashtra,7.73,0.21,0.494,30.1,0.0,35.9,93.1,2,5,2,91.7,2.09,0.01588,15,0
2024-07-20,VIL-005,Karjat,Raigad,Maharashtra,7.98,1.39,0.0,19.8,0.0,32.2,61.8,0,1,1,72.5,2.26,0.0,50,1
2024-07-21,VIL-005,Karjat,Raigad,Maharashtra,7.13,0.23,0.101,17.9,5.1,31.8,84.0,2,1,2,5.1,1.53,0.00534,20,0
2024-07-22,VIL-005,Karjat,Raigad,Maharashtra,6.35,2.3,0.718,179.1,74.0,26.9,69.7,3,3,2,79.1,1.23,0.00399,50,1
2024-07-23,VIL-005,Karjat,Raigad,Maharashtra,7.38,0.2,0.259,15.9,0.0,30.1,72.0,1,0,4,79.1,1.1,0.01533,15,0
2024-07-24,VIL-005,Karjat,Raigad,Maharashtra,6.08,2.5,0.432,8.1,0.0,28.9,83.7,1,0,1,74.0,1.38,0.04747,15,0
2024-07-25,VIL-005,Karjat,Raigad,Maharashtra,6.9,2.82,0.411,7.8,0.0,28.7,73.3,2,0,3,0.0,1.38,0.0467,0,0
2024-07-26,VIL-005,Karjat,Raigad,Maharashtra,7.21,1.68,0.0,96.0,8.5,28.0,69.8,2,2,5,8.5,1.59,0.0,35,1
2024-07-27,VIL-005,Karjat,Raigad,Maharashtra,8.53,0.48,0.227,73.4,0.0,29.9,69.1,1,0,1,8.5,1.46,0.00305,0,0
2024-07-28,VIL-005,Karjat,Raigad,Maharashtra,7.29,0.27,0.481,8.1,0.0,23.8,51.2,0,2,1,8.5,1.46,0.05286,0,0
2024-07-29,VIL-005,Karjat,Raigad,Maharashtra,7.18,0.95,0.181,14.5,0.0,32.2,84.2,1,3,3,0.0,1.27,0.01168,20,0
2024-07-30,VIL-005,Karjat,Raigad,Maharashtra,7.06,1.58,0.282,80.5,0.0,25.5,62.9,1,1,0,0.0,1.47,0.00346,0,0
2024-07-31,VIL-005,Karjat,Raigad,Maharashtra,6.29,2.59,0.133,18.8,0.0,28.0,97.3,0,1,0,0.0,1.48,0.00672,20,0
2024-08-01,VIL-005,Karjat,Raigad,Maharashtra,7.15,0.2,0.199,233.5,0.0,30.3,71.5,1,2,0,0.0,1.11,0.00085,70,2
2024-08-02,VIL-005,Karjat,Raigad,Maharashtra,7.16,3.13,0.255,45.5,0.0,25.3,90.7,4,2,2,0.0,1.31,0.00548,0,0
2024-08-03,VIL-005,Karjat,Raigad,Maharashtra,6.52,3.14,0.015,12.5,4.3,21.1,53.3,2,1,0,4.3,1.69,0.00111,20,0
2024-08-04,VIL-005,Karjat,Raigad,Maharashtra,6.39,1.48,0.561,114.5,0.0,27.5,83.8,1,0,2,4.3,1.87,0.00486,35,1
2024-08-05,VIL-005,Karjat,Raigad,Maharashtra,6.81,1.06,0.1,22.5,0.0,23.3,86.9,2,1,3,4.3,1.88,0.00426,20,0
2024-08-06,VIL-005,Karjat,Raigad,Maharashtra,7.14,4.65,0.319,19.9,0.0,31.8,90.6,5,1,1,0.0,2.32,0.01526,25,0
2024-08-07,VIL-005,Karjat,Raigad,Maharashtra,6.83,3.87,0.216,23.2,0.0,24.4,56.7,1,0,1,0.0,2.5,0.00893,0,0
2024-08-08,VIL-005,Karjat,Raigad,Maharashtra,6.47,10.31,0.544,85.5,0.0,34.9,66.6,3,1,2,0.0,3.95,0.00629,25,0
2024-08-09,VIL-005,Karjat,Raigad,Maharashtra,7.27,1.17,0.128,11.1,0.0,29.0,81.9,3,4,2,0.0,3.67,0.01058,20,0
2024-08-10,VIL-005,Karjat,Raigad,Maharashtra,7.42,5.98,0.209,28.1,17.5,29.2,76.8,3,2,1,17.5,4.07,0.00718,25,0
2024-08-11,VIL-005,Karjat,Raigad,Maharashtra,7.17,0.23,0.109,1.8,24.2,21.1,78.5,1,1,0,41.7,3.9,0.03893,20,0
2024-08-12,VIL-005,Karjat,Raigad,Maharashtra,6.76,1.34,0.0,102.5,0.0,29.6,70.7,0,2,1,41.7,3.94,0.0,70,2
2024-08-13,VIL-005,Karjat,Raigad,Maharashtra,7.46,1.58,0.442,24.4,11.8,28.7,93.6,3,5,1,36.0,3.5,0.0174,0,0
2024-08-14,VIL-005,Karjat,Raigad,Maharashtra,6.99,1.47,0.356,16.7,0.0,23.8,99.0,2,1,0,11.8,3.15,0.02011,0,0
2024-08-15,VIL-005,Karjat,Raigad,Maharashtra,6.39,2.47,0.389,50.7,27.9,29.3,76.2,2,3,1,39.7,2.03,0.00752,0,0
2024-08-16,VIL-005,Karjat,Raigad,Maharashtra,7.72,0.47,0.496,71.4,0.0,27.4,80.4,2,3,4,27.9,1.93,0.00685,0,0
2024-08-17,VIL-005,Karjat,Raigad,Maharashtra,7.31,5.07,0.369,98.1,0.0,28.1,75.7,3,3,2,27.9,1.8,0.00372,25,0
2024-08-18,VIL-005,Karjat,Raigad,Maharashtra,7.03,2.02,0.27,25.0,19.7,29.1,90.4,0,1,1,19.7,2.06,0.01038,0,0
2024-08-19,VIL-005,Karjat,Raigad,Maharashtra,6.16,5.91,0.397,97.9,0.0,27.1,84.9,2,0,2,19.7,2.71,0.00401,25,0
2024-08-20,VIL-005,Karjat,Raigad,Maharashtra,6.65,0.2,0.259,36.6,0.0,30.0,62.2,2,3,5,19.7,2.52,0.00689,0,0
2024-08-21,VIL-005,Karjat,Raigad,Maharashtra,8.31,2.51,0.55,6.2,5.3,28.7,67.6,3,2,1,5.3,2.66,0.07639,0,0
2024-08-22,VIL-005,Karjat,Raigad,Maharashtra,6.19,1.34,0.285,109.6,7.1,30.9,62.9,2,2,3,12.4,2.5,0.00258,35,1
2024-08-23,VIL-005,Karjat,Raigad,Maharashtra,6.95,1.77,0.329,46.4,0.0,26.9,99.0,3,2,3,12.4,2.69,0.00694,0,0
2024-08-24,VIL-005,Karjat,Raigad,Maharashtra,7.09,3.43,0.465,54.0,9.9,24.7,82.6,0,3,3,17.0,2.45,0.00845,0,0
2024-08-25,VIL-005,Karjat,Raigad,Maharashtra,7.29,0.65,0.771,162.2,0.0,26.2,67.9,2,0,1,9.9,2.26,0.00472,35,1
2024-08-26,VIL-005,Karjat,Raigad,Maharashtra,6.2,0.58,0.166,47.9,2.0,34.8,66.9,3,2,0,11.9,1.5,0.00339,20,0
2024-08-27,VIL-005,Karjat,Raigad,Maharashtra,7.2,3.06,0.131,0.3,3.5,32.8,84.7,2,2,3,5.5,1.91,0.10077,20,0
2024-08-28,VIL-005,Karjat,Raigad,Maharashtra,6.09,1.86,0.306,119.6,0.7,33.9,85.9,2,3,2,6.2,1.81,0.00254,35,1
2024-08-29,VIL-005,Karjat,Raigad,Maharashtra,7.16,0.67,0.215,19.6,9.9,34.1,84.6,1,2,2,14.1,1.72,0.01044,0,0
2024-08-30,VIL-005,Karjat,Raigad,Maharashtra,6.71,1.67,0.476,40.8,81.0,27.1,69.9,2,3,2,91.6,1.7,0.01139,15,0
2024-08-31,VIL-005,Karjat,Raigad,Maharashtra,6.58,1.55,0.386,13.4,0.0,30.2,78.7,2,0,3,90.9,1.43,0.02681,15,0
2024-09-01,VIL-005,Karjat,Raigad,Maharashtra,7.6,2.96,0.148,20.6,18.0,29.3,76.3,2,2,0,99.0,1.76,0.00685,35,1
2024-09-02,VIL-005,Karjat,Raigad,Maharashtra,6.96,0.2,0.485,67.9,35.5,31.6,63.8,1,3,2,53.5,1.71,0.00704,15,0
2024-09-03,VIL-005,Karjat,Raigad,Maharashtra,7.38,2.23,0.683,32.8,16.2,27.8,63.9,0,2,2,69.7,1.59,0.02021,15,0
2024-09-04,VIL-005,Karjat,Raigad,Maharashtra,7.4,2.35,0.206,57.7,0.0,29.4,79.9,1,2,3,51.7,1.66,0.00351,15,0
2024-09-05,VIL-005,Karjat,Raigad,Maharashtra,7.86,3.45,0.409,101.5,0.0,29.3,77.4,3,1,2,16.2,2.06,0.00399,35,1
2024-09-06,VIL-005,Karjat,Raigad,Maharashtra,6.38,5.54,0.0,24.4,0.0,31.1,81.6,1,2,3,0.0,2.61,0.0,60,1
2024-09-07,VIL-005,Karjat,Raigad,Maharashtra,7.65,1.46,0.284,49.1,3.9,31.6,84.5,3,2,0,3.9,2.6,0.00567,0,0
2024-09-08,VIL-005,Karjat,Raigad,Maharashtra,7.11,1.06,0.406,87.9,0.0,29.4,93.0,1,2,2,3.9,2.33,0.00457,0,0
2024-09-09,VIL-005,Karjat,Raigad,Maharashtra,6.87,0.27,0.325,73.5,0.0,29.5,65.7,3,1,3,3.9,2.34,0.00436,0,0
2024-09-10,VIL-005,Karjat,Raigad,Maharashtra,6.41,1.04,0.37,45.4,0.0,29.9,82.6,2,0,2,0.0,2.17,0.00797,0,0
2024-09-11,VIL-005,Karjat,Raigad,Maharashtra,7.46,0.2,0.21,28.3,2.5,35.6,84.0,2,1,2,2.5,1.86,0.00717,0,0
2024-09-12,VIL-005,Karjat,Raigad,Maharashtra,6.55,4.09,0.577,30.6,0.0,22.1,71.3,0,3,1,2.5,1.95,0.01826,25,0
2024-09-13,VIL-005,Karjat,Raigad,Maharashtra,7.41,4.15,0.276,33.2,14.4,25.1,76.5,0,1,2,16.9,1.75,0.00807,25,0
2024-09-14,VIL-005,Karjat,Raigad,Maharashtra,8.26,1.36,0.129,25.1,5.2,31.7,71.6,1,3,2,19.6,1.74,0.00494,20,0
2024-09-15,VIL-005,Karjat,Raigad,Maharashtra,7.69,0.76,0.343,70.3,12.6,30.1,99.0,1,1,2,32.2,1.7,0.00481,0,0
2024-09-16,VIL-005,Karjat,Raigad,Maharashtra,7.93,0.32,0.516,7.8,0.0,30.1,76.3,3,3,1,17.8,1.7,0.05864,0,0
2024-09-17,VIL-005,Karjat,Raigad,Maharashtra,6.67,4.8,0.45,200.4,12.7,31.7,80.4,2,2,0,25.3,2.24,0.00223,60,1
2024-09-18,VIL-005,Karjat,Raigad,Maharashtra,7.56,5.29,0.257,88.3,0.0,29.9,71.8,1,2,1,12.7,2.97,0.00288,25,0
2024-09-19,VIL-005,Karjat,Raigad,Maharashtra,6.41,0.78,0.669,20.7,0.0,26.8,69.2,2,0,3,12.7,2.49,0.03083,0,0
2024-09-20,VIL-005,Karjat,Raigad,Maharashtra,6.96,2.45,0.337,2.5,0.0,31.5,59.4,1,0,1,0.0,2.25,0.09629,0,0
2024-09-21,VIL-005,Karjat,Raigad,Maharashtra,8.14,0.75,0.042,72.7,0.0,29.1,88.2,3,1,3,0.0,2.16,0.00057,35,1
2024-09-22,VIL-005,Karjat,Raigad,Maharashtra,6.74,0.64,0.457,77.5,0.0,27.2,84.2,1,1,1,0.0,2.15,0.00582,0,0
2024-09-23,VIL-005,Karjat,Raigad,Maharashtra,7.77,0.2,0.325,193.9,0.0,31.8,71.4,4,3,3,0.0,2.13,0.00167,35,1
2024-09-24,VIL-005,Karjat,Raigad,Maharashtra,7.71,2.17,0.337,17.1,4.9,31.6,64.2,2,2,2,4.9,1.75,0.01862,0,0
2024-09-25,VIL-005,Karjat,Raigad,Maharashtra,7.74,0.41,0.51,5.1,0.0,29.9,77.2,2,1,2,4.9,1.06,0.08361,0,0
2024-09-26,VIL-005,Karjat,Raigad,Maharashtra,6.34,0.2,0.303,144.3,0.0,35.9,69.0,1,2,0,4.9,0.97,0.00209,35,1
2024-09-27,VIL-005,Karjat,Raigad,Maharashtra,7.42,0.28,0.298,17.5,11.1,34.3,72.3,1,1,0,11.1,0.66,0.01611,0,0
2024-09-28,VIL-005,Karjat,Raigad,Maharashtra,7.01,0.95,0.124,74.8,1.5,33.0,59.8,6,3,1,12.6,0.69,0.00164,20,0
2024-09-29,VIL-005,Karjat,Raigad,Maharashtra,7.75,2.79,0.255,3.7,0.3,39.3,77.6,5,1,1,12.9,1.0,0.05426,0,0
2024-09-30,VIL-005,Karjat,Raigad,Maharashtra,6.11,0.57,0.394,83.6,0.0,28.4,77.8,1,4,3,1.8,1.05,0.00466,0,0
2024-10-01,VIL-005,Karjat,Raigad,Maharashtra,7.32,5.51,0.244,7.9,2.9,27.1,88.1,2,2,2,3.2,1.53,0.02742,25,0
2024-10-02,VIL-005,Karjat,Raigad,Maharashtra,7.24,0.86,0.05,69.6,42.6,32.4,73.2,3,2,1,45.5,1.59,0.00071,35,1
2024-10-03,VIL-005,Karjat,Raigad,Maharashtra,5.91,1.01,0.467,44.5,0.0,28.0,71.0,2,1,2,45.5,1.71,0.01026,0,0
2024-10-04,VIL-005,Karjat,Raigad,Maharashtra,6.57,0.62,0.475,182.1,0.0,29.0,56.3,0,1,1,42.6,1.76,0.00259,35,1
2024-10-05,VIL-005,Karjat,Raigad,Maharashtra,6.0,0.74,0.476,2.2,22.4,25.1,88.2,6,6,3,22.4,1.73,0.14875,20,0
2024-10-06,VIL-005,Karjat,Raigad,Maharashtra,6.66,0.2,0.183,20.2,0.0,31.4,85.7,4,5,1,22.4,1.36,0.00863,20,0
2024-10-07,VIL-005,Karjat,Raigad,Maharashtra,7.43,0.88,0.346,4.2,0.0,23.1,75.3,3,1,4,22.4,1.4,0.06654,0,0
2024-10-08,VIL-005,Karjat,Raigad,Maharashtra,7.22,4.95,0.393,123.6,0.0,28.6,59.0,2,2,2,0.0,1.32,0.00315,60,1
2024-10-09,VIL-005,Karjat,Raigad,Maharashtra,7.2,2.94,0.457,52.7,0.0,28.9,60.4,0,3,2,0.0,1.62,0.00851,0,0
2024-10-10,VIL-005,Karjat,Raigad,Maharashtra,6.48,5.25,0.461,44.8,9.8,27.3,68.4,2,2,1,9.8,2.23,0.01007,25,0
2024-10-11,VIL-005,Karjat,Raigad,Maharashtra,7.77,0.28,0.096,8.2,0.0,22.0,86.6,2,0,1,9.8,2.18,0.01043,20,0
2024-10-12,VIL-005,Karjat,Raigad,Maharashtra,7.09,1.53,0.66,39.3,0.0,21.9,78.5,0,6,6,9.8,2.29,0.01638,20,0
2024-10-13,VIL-005,Karjat,Raigad,Maharashtra,7.12,0.66,0.132,29.8,0.0,26.0,57.1,2,4,5,0.0,2.36,0.00429,20,0
2024-10-14,VIL-005,Karjat,Raigad,Maharashtra,7.66,3.22,0.056,22.2,0.0,31.2,79.9,3,3,1,0.0,2.69,0.00241,20,0
2024-10-15,VIL-005,Karjat,Raigad,Maharashtra,6.51,8.86,0.0,86.5,0.0,30.2,64.9,0,2,2,0.0,3.25,0.0,60,1
2024-10-16,VIL-005,Karjat,Raigad,Maharashtra,7.24,4.26,0.476,3.7,10.4,28.9,68.7,1,0,3,10.4,3.44,0.10128,25,0
2024-10-17,VIL-005,Karjat,Raigad,Maharashtra,7.35,0.2,0.611,60.9,70.7,25.5,86.7,1,2,2,81.1,2.72,0.00987,15,0
2024-10-18,VIL-005,Karjat,Raigad,Maharashtra,6.77,0.96,0.236,101.3,19.4,30.4,84.2,1,2,0,100.5,2.81,0.00231,50,1
2024-10-19,VIL-005,Karjat,Raigad,Maharashtra,7.49,0.2,0.032,139.1,7.9,21.8,88.1,6,0,6,98.0,2.62,0.00023,85,2
2024-10-20,VIL-005,Karjat,Raigad,Maharashtra,7.39,0.2,0.507,80.2,0.0,19.4,74.7,1,2,4,27.3,2.56,0.00624,0,0
2024-10-21,VIL-005,Karjat,Raigad,Maharashtra,7.04,0.21,0.116,19.4,59.8,28.0,85.6,1,3,3,67.7,2.13,0.00569,35,1
2024-10-22,VIL-005,Karjat,Raigad,Maharashtra,7.02,0.82,0.461,53.7,0.3,26.8,68.0,1,0,2,60.1,0.98,0.00843,15,0
2024-10-23,VIL-005,Karjat,Raigad,Maharashtra,7.41,0.91,0.184,8.9,0.0,33.1,71.9,3,1,0,60.1,0.5,0.01859,35,1
2024-10-24,VIL-005,Karjat,Raigad,Maharashtra,7.57,1.29,0.271,7.3,0.0,29.6,71.1,3,1,2,0.3,0.66,0.03265,0,0
2024-10-25,VIL-005,Karjat,Raigad,Maharashtra,7.14,1.31,0.407,59.5,0.0,35.6,75.3,4,1,2,0.0,0.71,0.00673,0,0
2024-10-26,VIL-005,Karjat,Raigad,Maharashtra,7.77,3.72,0.409,111.4,0.0,26.8,59.6,0,6,0,0.0,1.21,0.00364,55,1
2024-10-27,VIL-005,Karjat,Raigad,Maharashtra,7.5,0.38,0.369,4.1,0.0,30.9,72.3,2,1,2,0.0,1.23,0.07235,0,0
2024-10-28,VIL-005,Karjat,Raigad,Maharashtra,6.03,0.43,0.615,6.6,0.0,28.0,92.4,1,1,3,0.0,1.27,0.08092,0,0
2024-10-29,VIL-005,Karjat,Raigad,Maharashtra,6.26,2.48,0.659,48.8,0.0,34.5,61.9,1,1,0,0.0,1.5,0.01323,0,0
2024-10-30,VIL-005,Karjat,Raigad,Maharashtra,7.81,2.14,0.673,14.4,0.0,28.2,59.0,0,3,1,0.0,1.68,0.0437,0,0
2024-10-31,VIL-005,Karjat,Raigad,Maharashtra,6.95,0.42,0.318,55.4,14.5,32.4,60.0,4,3,1,14.5,1.55,0.00564,0,0
2024-11-01,VIL-005,Karjat,Raigad,Maharashtra,7.2,4.82,0.369,14.1,0.0,24.7,99.0,4,4,1,14.5,2.06,0.02444,25,0
2024-11-02,VIL-005,Karjat,Raigad,Maharashtra,7.78,1.01,0.598,7.2,0.0,27.3,80.6,1,0,6,14.5,1.67,0.07293,0,0
2024-11-03,VIL-005,Karjat,Raigad,Maharashtra,7.1,1.15,0.233,46.1,0.0,28.7,71.8,3,2,1,0.0,1.78,0.00495,0,0
2024-11-04,VIL-005,Karjat,Raigad,Maharashtra,7.12,1.37,0.273,115.9,0.0,34.1,75.8,2,1,1,0.0,1.91,0.00234,35,1
2024-11-05,VIL-005,Karjat,Raigad,Maharashtra,6.58,0.98,0.354,67.6,0.0,20.2,77.7,6,1,1,0.0,1.7,0.00516,0,0
2024-11-06,VIL-005,Karjat,Raigad,Maharashtra,7.32,2.05,0.347,99.9,0.0,27.7,67.3,3,0,3,0.0,1.69,0.00344,0,0
2024-11-07,VIL-005,Karjat,Raigad,Maharashtra,7.45,1.24,0.298,18.1,0.3,27.5,68.8,1,4,3,0.3,1.8,0.0156,0,0
2024-11-08,VIL-005,Karjat,Raigad,Maharashtra,6.75,0.76,0.182,127.0,9.8,20.7,73.1,3,4,4,10.1,1.22,0.00142,55,1
2024-11-09,VIL-005,Karjat,Raigad,Maharashtra,6.55,5.92,0.504,27.7,3.5,27.1,66.3,1,1,0,13.6,1.92,0.01756,25,0
2024-11-10,VIL-005,Karjat,Raigad,Maharashtra,8.68,0.93,0.28,111.9,34.8,22.8,70.2,3,3,2,48.1,1.89,0.00248,35,1
2024-11-11,VIL-005,Karjat,Raigad,Maharashtra,7.04,3.02,0.378,37.3,25.0,19.7,79.2,1,2,1,63.3,2.13,0.00987,15,0
2024-11-12,VIL-005,Karjat,Raigad,Maharashtra,6.69,1.07,0.349,18.2,0.0,28.0,63.0,3,6,1,59.8,2.14,0.01818,35,1
2024-11-13,VIL-005,Karjat,Raigad,Maharashtra,7.52,1.44,0.472,17.6,0.0,27.8,99.0,1,3,0,25.0,2.05,0.02538,0,0
2024-11-14,VIL-005,Karjat,Raigad,Maharashtra,7.07,0.68,0.432,49.1,0.0,28.0,84.0,1,1,4,0.0,1.97,0.00862,0,0
2024-11-15,VIL-005,Karjat,Raigad,Maharashtra,6.45,3.52,0.304,4.8,0.0,30.0,59.8,3,3,4,0.0,2.37,0.05241,0,0
2024-11-16,VIL-005,Karjat,Raigad,Maharashtra,7.39,3.37,0.275,155.6,0.0,25.5,45.3,1,1,1,0.0,2.0,0.00176,35,1
2024-11-17,VIL-005,Karjat,Raigad,Maharashtra,6.59,0.2,0.33,18.5,27.4,36.2,66.7,0,3,3,27.4,1.9,0.01692,0,0
2024-11-18,VIL-005,Karjat,Raigad,Maharashtra,8.05,0.2,0.15,23.9,0.0,28.9,83.2,3,1,2,27.4,1.5,0.00602,20,0
2024-11-19,VIL-005,Karjat,Raigad,Maharashtra,7.4,6.44,0.205,15.5,0.0,34.1,80.9,0,3,6,27.4,2.26,0.01242,25,0
2024-11-20,VIL-005,Karjat,Raigad,Maharashtra,6.93,5.54,0.445,0.2,24.4,22.3,73.7,1,1,3,24.4,2.85,0.37083,25,0
2024-11-21,VIL-005,Karjat,Raigad,Maharashtra,7.17,1.78,0.404,69.0,14.7,25.7,67.8,0,1,1,39.1,3.01,0.00577,0,0
2024-11-22,VIL-005,Karjat,Raigad,Maharashtra,7.64,1.71,0.176,52.2,4.3,31.7,64.2,2,3,3,43.4,2.75,0.00331,20,0
2024-11-23,VIL-005,Karjat,Raigad,Maharashtra,7.21,4.22,0.328,97.0,0.0,28.1,70.2,2,1,1,19.0,2.87,0.00335,25,0
2024-11-24,VIL-005,Karjat,Raigad,Maharashtra,8.37,0.38,0.069,2.4,0.0,24.7,62.9,2,0,3,4.3,2.9,0.02029,20,0
2024-11-25,VIL-005,Karjat,Raigad,Maharashtra,7.78,2.67,0.374,154.5,0.0,21.6,70.2,0,3,1,0.0,3.25,0.00241,35,1
2024-11-26,VIL-005,Karjat,Raigad,Maharashtra,7.39,1.63,0.289,23.5,11.1,31.9,91.0,1,0,3,11.1,2.56,0.0118,0,0
2024-11-27,VIL-005,Karjat,Raigad,Maharashtra,6.54,3.43,0.727,142.9,2.1,31.6,65.7,1,1,1,13.2,2.26,0.00505,35,1
2024-11-28,VIL-005,Karjat,Raigad,Maharashtra,7.01,0.2,0.456,6.6,3.6,30.0,82.3,3,0,1,16.8,2.03,0.06,0,0
2024-11-29,VIL-005,Karjat,Raigad,Maharashtra,7.39,2.26,0.178,79.7,1.8,27.0,84.2,3,2,3,7.5,2.11,0.00221,20,0
2024-11-30,VIL-005,Karjat,Raigad,Maharashtra,6.61,2.05,0.176,50.7,5.0,24.5,62.0,1,2,1,10.4,1.8,0.0034,20,0
2024-12-01,VIL-005,Karjat,Raigad,Maharashtra,7.88,4.63,0.465,25.9,5.5,28.8,64.9,2,2,0,12.3,2.41,0.01729,25,0
2024-12-02,VIL-005,Karjat,Raigad,Maharashtra,6.52,2.85,0.508,4.8,0.0,23.7,87.8,2,0,3,10.5,2.44,0.08759,0,0
2024-12-03,VIL-005,Karjat,Raigad,Maharashtra,6.72,5.35,0.685,54.3,4.3,26.0,63.9,0,1,0,9.8,2.97,0.01239,25,0
2024-12-04,VIL-005,Karjat,Raigad,Maharashtra,6.76,5.5,0.558,1.6,0.0,34.0,74.3,1,1,1,4.3,3.26,0.21462,25,0
2024-12-05,VIL-005,Karjat,Raigad,Maharashtra,7.55,1.32,0.436,40.7,0.0,21.6,99.0,2,3,0,4.3,3.42,0.01046,0,0
2024-12-06,VIL-005,Karjat,Raigad,Maharashtra,6.62,0.37,0.606,54.2,0.0,31.7,86.8,2,3,2,0.0,3.15,0.01098,0,0
2024-12-07,VIL-005,Karjat,Raigad,Maharashtra,6.02,2.51,0.363,77.1,0.0,35.0,76.0,1,1,2,0.0,3.22,0.00465,0,0
2024-12-08,VIL-005,Karjat,Raigad,Maharashtra,7.75,5.22,0.355,277.8,33.4,32.3,85.1,3,2,2,33.4,3.3,0.00127,60,1
2024-12-09,VIL-005,Karjat,Raigad,Maharashtra,6.83,0.2,0.132,17.6,0.0,30.6,74.3,3,2,0,33.4,2.92,0.0071,20,0
2024-12-10,VIL-005,Karjat,Raigad,Maharashtra,6.46,2.06,0.622,22.8,0.0,27.1,87.2,1,0,1,33.4,2.45,0.02613,0,0
2024-12-11,VIL-005,Karjat,Raigad,Maharashtra,6.65,0.31,0.374,24.4,22.5,26.4,50.4,2,1,1,22.5,1.71,0.01472,0,0
2024-12-12,VIL-005,Karjat,Raigad,Maharashtra,8.13,0.2,0.332,76.9,7.6,20.0,73.3,3,2,3,30.1,1.55,0.00426,0,0
2024-12-13,VIL-005,Karjat,Raigad,Maharashtra,6.71,2.87,0.207,157.1,0.0,29.1,50.0,2,2,3,30.1,1.91,0.00131,35,1
2024-12-14,VIL-005,Karjat,Raigad,Maharashtra,7.03,2.89,0.571,214.2,0.0,27.4,76.9,4,1,1,7.6,1.96,0.00265,35,1
2024-12-15,VIL-005,Karjat,Raigad,Maharashtra,6.83,2.31,0.528,170.5,6.5,26.2,72.2,0,3,2,6.5,1.55,0.00308,35,1
2024-12-16,VIL-005,Karjat,Raigad,Maharashtra,6.36,4.94,0.188,123.7,48.0,28.9,91.3,3,3,2,54.5,2.23,0.00151,95,2
2024-12-17,VIL-005,Karjat,Raigad,Maharashtra,6.65,0.21,0.442,275.4,0.0,29.2,83.5,1,1,0,54.5,1.96,0.0016,50,1
2024-12-18,VIL-005,Karjat,Raigad,Maharashtra,6.32,0.28,0.493,27.6,14.0,26.5,68.7,1,2,1,62.0,1.96,0.01724,15,0
2024-12-19,VIL-005,Karjat,Raigad,Maharashtra,7.67,5.04,0.126,173.3,0.0,35.5,70.1,2,3,2,14.0,2.65,0.00072,95,2
2024-12-20,VIL-005,Karjat,Raigad,Maharashtra,7.16,1.76,0.465,83.7,27.5,31.9,79.6,1,2,2,41.5,2.49,0.00549,0,0
2024-12-21,VIL-005,Karjat,Raigad,Maharashtra,8.59,0.8,0.429,10.8,0.0,32.6,68.1,2,4,1,27.5,2.19,0.03636,0,0
2024-12-22,VIL-005,Karjat,Raigad,Maharashtra,6.67,3.38,0.462,2.7,17.8,28.6,74.6,0,0,3,45.3,2.34,0.12486,0,0
2024-12-23,VIL-005,Karjat,Raigad,Maharashtra,6.58,5.67,0.708,14.1,25.7,31.0,90.8,3,3,3,43.5,2.45,0.04689,25,0
2024-12-24,VIL-005,Karjat,Raigad,Maharashtra,8.02,2.95,0.883,88.2,0.0,25.4,65.1,4,1,1,43.5,2.84,0.0099,0,0
2024-12-25,VIL-005,Karjat,Raigad,Maharashtra,7.73,3.96,0.573,58.4,2.0,31.7,69.6,1,1,2,27.7,3.37,0.00965,0,0
2024-12-26,VIL-005,Karjat,Raigad,Maharashtra,7.33,0.84,0.397,14.9,5.1,28.2,71.3,1,2,3,7.1,2.77,0.02497,0,0
2024-12-27,VIL-005,Karjat,Raigad,Maharashtra,6.43,0.86,0.465,79.2,0.0,24.9,99.0,0,1,2,7.1,2.64,0.0058,0,0
2024-12-28,VIL-005,Karjat,Raigad,Maharashtra,8.15,5.03,0.428,8.9,40.6,28.9,82.3,1,2,4,45.7,3.24,0.04323,25,0
2024-12-29,VIL-005,Karjat,Raigad,Maharashtra,7.06,2.4,0.773,100.9,9.9,27.8,88.6,3,0,0,50.5,3.1,0.00759,50,1
2024-12-30,VIL-005,Karjat,Raigad,Maharashtra,6.84,0.67,0.375,92.5,14.8,38.3,84.2,0,3,3,65.3,2.39,0.00401,15,0
2024-12-31,VIL-005,Karjat,Raigad,Maharashtra,7.79,1.87,0.275,210.4,0.0,30.7,85.0,1,4,1,24.7,2.23,0.0013,35,1
2025-01-01,VIL-005,Karjat,Raigad,Maharashtra,7.09,2.92,0.449,9.5,0.0,35.3,80.7,3,1,1,14.8,2.08,0.04276,0,0
2025-01-02,VIL-005,Karjat,Raigad,Maharashtra,6.4,0.62,0.726,138.7,0.0,33.5,79.4,0,1,2,0.0,2.05,0.0052,35,1
2025-01-03,VIL-005,Karjat,Raigad,Maharashtra,7.12,2.68,0.176,24.4,0.0,29.2,57.6,2,0,1,0.0,2.31,0.00693,20,0
2025-01-04,VIL-005,Karjat,Raigad,Maharashtra,6.63,0.2,0.229,31.5,75.2,27.2,79.3,3,1,2,75.2,1.62,0.00705,15,0
2025-01-05,VIL-005,Karjat,Raigad,Maharashtra,5.29,0.91,0.219,37.0,30.2,22.0,73.7,1,3,0,105.4,1.41,0.00576,15,0
2025-01-06,VIL-005,Karjat,Raigad,Maharashtra,6.57,2.82,0.135,57.7,0.0,25.5,81.5,2,0,3,105.4,1.72,0.0023,35,1
2025-01-07,VIL-005,Karjat,Raigad,Maharashtra,6.78,0.41,0.179,307.2,0.0,31.7,74.1,3,1,4,30.2,1.51,0.00058,70,2
2025-01-08,VIL-005,Karjat,Raigad,Maharashtra,6.41,0.63,0.519,53.6,0.0,27.8,84.2,3,3,1,0.0,1.18,0.00951,0,0
2025-01-09,VIL-005,Karjat,Raigad,Maharashtra,7.45,5.32,0.39,152.9,0.0,30.5,86.3,1,0,1,0.0,1.85,0.00253,60,1
2025-01-10,VIL-005,Karjat,Raigad,Maharashtra,6.63,2.83,0.117,17.2,3.4,20.9,40.1,2,2,0,3.4,1.87,0.00643,20,0
2025-01-11,VIL-005,Karjat,Raigad,Maharashtra,7.39,1.74,0.473,29.7,0.0,30.8,69.8,3,3,1,3.4,2.09,0.01541,0,0
2025-01-12,VIL-005,Karjat,Raigad,Maharashtra,6.36,0.6,0.412,41.1,0.0,33.4,52.7,1,1,3,3.4,2.05,0.00979,0,0
2025-01-13,VIL-005,Karjat,Raigad,Maharashtra,7.65,1.05,0.521,22.8,12.5,21.9,77.9,3,2,0,12.5,1.8,0.02189,0,0
2025-01-14,VIL-005,Karjat,Raigad,Maharashtra,6.33,2.15,0.241,220.3,48.6,30.5,71.4,2,3,1,61.1,2.05,0.00109,50,1
2025-01-15,VIL-005,Karjat,Raigad,Maharashtra,5.7,0.43,0.129,75.7,0.0,34.4,91.3,4,3,3,61.1,2.02,0.00168,35,1
2025-01-16,VIL-005,Karjat,Raigad,Maharashtra,7.84,1.66,0.472,38.1,0.0,35.7,77.5,1,1,0,48.6,1.49,0.01207,0,0
2025-01-17,VIL-005,Karjat,Raigad,Maharashtra,6.59,1.33,0.499,81.4,0.0,27.0,69.2,1,2,2,0.0,1.28,0.00606,0,0
2025-01-18,VIL-005,Karjat,Raigad,Maharashtra,8.15,1.63,0.151,36.9,0.0,32.1,86.3,2,3,3,0.0,1.26,0.00398,20,0
2025-01-19,VIL-005,Karjat,Raigad,Maharashtra,7.44,0.28,0.393,1.0,0.0,34.7,71.2,1,1,1,0.0,1.22,0.1965,0,0
2025-01-20,VIL-005,Karjat,Raigad,Maharashtra,7.57,0.28,0.239,45.8,8.8,30.6,69.0,3,3,2,8.8,1.11,0.00511,0,0
2025-01-21,VIL-005,Karjat,Raigad,Maharashtra,7.73,8.38,0.525,57.4,0.0,34.1,79.7,2,2,3,8.8,2.0,0.00899,25,0
2025-01-22,VIL-005,Karjat,Raigad,Maharashtra,7.17,9.78,0.469,232.5,0.0,28.9,94.4,3,4,3,8.8,3.33,0.00201,60,1
2025-01-23,VIL-005,Karjat,Raigad,Maharashtra,7.17,1.4,0.569,2.4,0.0,30.6,85.2,1,1,1,0.0,3.3,0.16735,0,0
2025-01-24,VIL-005,Karjat,Raigad,Maharashtra,7.87,3.92,0.199,42.0,0.0,26.5,81.8,1,1,2,0.0,3.67,0.00463,20,0
2025-01-25,VIL-005,Karjat,Raigad,Maharashtra,7.17,2.69,0.226,6.0,0.0,28.3,99.0,2,2,3,0.0,3.82,0.03229,0,0
2025-01-26,VIL-005,Karjat,Raigad,Maharashtra,6.66,0.31,0.283,9.4,0.6,30.7,66.2,1,1,1,0.6,3.82,0.02721,0,0
2025-01-27,VIL-005,Karjat,Raigad,Maharashtra,7.45,0.89,0.255,55.2,0.0,26.2,65.9,3,3,3,0.6,3.91,0.00454,0,0
2025-01-28,VIL-005,Karjat,Raigad,Maharashtra,5.83,0.95,0.416,15.4,0.0,28.1,76.7,0,2,2,0.6,2.85,0.02537,0,0
2025-01-29,VIL-005,Karjat,Raigad,Maharashtra,7.89,2.28,0.156,80.9,0.0,32.0,93.2,2,3,4,0.0,1.78,0.0019,20,0
2025-01-30,VIL-005,Karjat,Raigad,Maharashtra,7.9,2.19,0.624,42.2,17.3,37.2,63.7,2,1,1,17.3,1.89,0.01444,0,0
2025-01-31,VIL-005,Karjat,Raigad,Maharashtra,7.82,6.48,0.664,14.4,2.6,20.8,96.1,2,1,1,19.9,2.26,0.04312,25,0
2025-02-01,VIL-005,Karjat,Raigad,Maharashtra,7.8,3.93,0.55,39.8,0.0,36.9,57.7,1,2,2,19.9,2.43,0.01348,0,0
2025-02-02,VIL-005,Karjat,Raigad,Maharashtra,7.05,4.9,0.44,0.1,0.0,28.0,73.5,2,1,1,2.6,3.09,0.4,25,0
2025-02-03,VIL-005,Karjat,Raigad,Maharashtra,7.04,5.59,0.328,116.2,0.0,32.9,77.1,2,3,3,0.0,3.76,0.0028,60,1
2025-02-04,VIL-005,Karjat,Raigad,Maharashtra,6.36,4.07,0.384,0.7,0.0,33.6,64.4,3,0,2,0.0,4.21,0.22588,25,0
2025-02-05,VIL-005,Karjat,Raigad,Maharashtra,8.15,1.02,0.214,0.4,0.0,35.3,67.5,2,2,3,0.0,4.03,0.15286,0,0
2025-02-06,VIL-005,Karjat,Raigad,Maharashtra,6.81,0.61,0.378,55.3,1.1,26.1,84.6,2,2,1,1.1,3.8,0.00671,0,0
2025-02-07,VIL-005,Karjat,Raigad,Maharashtra,7.3,2.14,0.41,212.4,8.3,28.1,92.3,1,2,1,9.4,3.18,0.00192,35,1
2025-02-08,VIL-005,Karjat,Raigad,Maharashtra,7.25,2.95,0.201,113.3,12.7,28.8,49.6,6,1,2,22.1,3.04,0.00176,35,1
2025-02-09,VIL-005,Karjat,Raigad,Maharashtra,6.3,1.23,0.642,17.0,26.1,27.6,77.2,0,2,1,47.1,2.52,0.03567,0,0
2025-02-10,VIL-005,Karjat,Raigad,Maharashtra,6.05,4.75,0.335,12.8,0.0,34.3,73.6,2,2,3,38.8,2.4,0.02428,25,0
2025-02-11,VIL-005,Karjat,Raigad,Maharashtra,7.1,8.15,0.165,57.6,0.0,28.7,76.3,3,3,0,26.1,2.98,0.00282,45,1
2025-02-12,VIL-005,Karjat,Raigad,Maharashtra,6.83,2.12,0.313,101.2,2.2,22.5,71.2,0,2,2,2.2,3.14,0.00306,35,1
2025-02-13,VIL-005,Karjat,Raigad,Maharashtra,7.05,1.54,0.242,26.3,1.2,26.5,59.5,3,2,2,3.4,3.27,0.00886,0,0
2025-02-14,VIL-005,Karjat,Raigad,Maharashtra,7.74,4.66,0.199,33.1,0.0,22.7,93.5,2,1,2,3.4,3.63,0.00584,45,1
2025-02-15,VIL-005,Karjat,Raigad,Maharashtra,7.23,0.2,0.633,7.2,0.0,28.1,88.9,1,6,1,1.2,3.24,0.0772,20,0
2025-02-16,VIL-005,Karjat,Raigad,Maharashtra,7.56,0.35,0.352,9.7,25.6,31.7,73.8,2,0,2,25.6,3.11,0.0329,0,0
2025-02-17,VIL-005,Karjat,Raigad,Maharashtra,7.37,4.71,0.535,49.1,0.0,26.4,69.1,1,2,2,25.6,3.1,0.01068,25,0
2025-02-18,VIL-005,Karjat,Raigad,Maharashtra,6.91,3.32,0.424,6.3,0.6,27.4,67.7,2,3,3,26.2,2.41,0.05808,0,0
2025-02-19,VIL-005,Karjat,Raigad,Maharashtra,6.5,1.36,0.436,13.2,20.8,27.9,44.0,0,0,2,21.4,2.31,0.0307,0,0
2025-02-20,VIL-005,Karjat,Raigad,Maharashtra,7.26,5.54,0.348,15.6,0.0,29.6,79.2,2,3,2,21.4,2.88,0.02096,25,0
2025-02-21,VIL-005,Karjat,Raigad,Maharashtra,7.15,1.09,0.272,34.3,0.0,31.1,84.4,2,2,1,20.8,2.37,0.00771,0,0
2025-02-22,VIL-005,Karjat,Raigad,Maharashtra,7.65,2.53,0.584,2.7,0.0,32.2,76.7,0,1,6,0.0,2.7,0.15784,0,0
2025-02-23,VIL-005,Karjat,Raigad,Maharashtra,7.01,2.54,0.468,40.5,0.0,38.0,74.0,1,2,0,0.0,3.01,0.01128,0,0
2025-02-24,VIL-005,Karjat,Raigad,Maharashtra,6.92,0.51,0.317,154.5,25.5,29.5,76.6,4,1,2,25.5,2.41,0.00204,35,1
2025-02-25,VIL-005,Karjat,Raigad,Maharashtra,6.96,0.84,0.529,1.4,0.0,31.9,64.8,2,2,3,25.5,2.06,0.22042,0,0
2025-02-26,VIL-005,Karjat,Raigad,Maharashtra,6.55,6.24,0.622,58.3,0.0,22.6,69.0,1,0,0,25.5,2.76,0.01049,25,0
2025-02-27,VIL-005,Karjat,Raigad,Maharashtra,7.97,0.51,0.416,105.7,0.0,27.5,73.0,2,2,3,0.0,2.04,0.0039,35,1
2025-02-28,VIL-005,Karjat,Raigad,Maharashtra,7.78,0.48,0.629,21.9,0.0,27.9,83.4,2,2,2,0.0,1.95,0.02747,0,0
2025-03-01,VIL-005,Karjat,Raigad,Maharashtra,6.37,1.65,0.264,8.2,62.9,24.9,91.5,2,0,1,62.9,1.82,0.0287,15,0
2025-03-02,VIL-005,Karjat,Raigad,Maharashtra,7.58,0.24,0.188,2.6,0.0,26.9,72.3,4,1,2,62.9,1.5,0.05222,35,1
2025-03-03,VIL-005,Karjat,Raigad,Maharashtra,5.99,5.67,0.288,60.4,0.0,28.6,62.5,4,4,1,62.9,2.23,0.00469,40,1
2025-03-04,VIL-005,Karjat,Raigad,Maharashtra,7.69,0.27,0.357,47.0,2.6,27.0,75.4,1,2,2,2.6,2.15,0.00744,0,0
2025-03-05,VIL-005,Karjat,Raigad,Maharashtra,6.68,2.42,0.63,15.2,23.4,39.4,99.0,2,1,0,26.0,1.61,0.03889,0,0
2025-03-06,VIL-005,Karjat,Raigad,Maharashtra,7.32,1.05,0.281,104.2,5.3,31.0,63.5,6,2,2,31.3,1.68,0.00267,35,1
2025-03-07,VIL-005,Karjat,Raigad,Maharashtra,5.94,4.11,0.419,77.8,0.0,37.0,85.6,5,2,2,28.7,2.2,0.00532,25,0
2025-03-08,VIL-005,Karjat,Raigad,Maharashtra,6.38,2.25,0.548,18.9,8.6,35.0,91.0,3,2,0,13.9,2.29,0.02754,0,0
2025-03-09,VIL-005,Karjat,Raigad,Maharashtra,7.38,1.24,0.434,81.9,13.6,26.4,70.7,3,4,1,22.2,2.43,0.00524,0,0
2025-03-10,VIL-005,Karjat,Raigad,Maharashtra,6.68,10.4,0.261,16.4,0.0,29.2,66.6,3,4,4,22.2,3.11,0.015,25,0
2025-03-11,VIL-005,Karjat,Raigad,Maharashtra,6.6,0.2,0.12,65.8,15.3,27.3,81.9,0,1,2,28.9,3.1,0.0018,20,0
2025-03-12,VIL-005,Karjat,Raigad,Maharashtra,7.94,2.17,0.569,7.4,0.3,28.4,79.2,0,2,1,15.6,3.06,0.06774,0,0
2025-03-13,VIL-005,Karjat,Raigad,Maharashtra,8.43,11.5,0.161,68.9,0.0,25.1,83.3,4,6,2,15.6,4.55,0.0023,65,2
2025-03-14,VIL-005,Karjat,Raigad,Maharashtra,7.66,2.96,0.282,16.0,45.6,27.2,99.0,1,5,2,45.9,4.39,0.01659,0,0
2025-03-15,VIL-005,Karjat,Raigad,Maharashtra,6.44,3.39,0.356,49.7,23.8,30.4,77.0,2,3,2,69.4,4.55,0.00702,15,0
2025-03-16,VIL-005,Karjat,Raigad,Maharashtra,8.16,0.2,0.577,11.1,11.3,30.3,60.7,1,3,4,80.7,4.4,0.04769,15,0
2025-03-17,VIL-005,Karjat,Raigad,Maharashtra,6.16,0.2,0.53,75.7,5.3,30.0,75.8,1,3,4,40.4,2.95,0.00691,0,0
2025-03-18,VIL-005,Karjat,Raigad,Maharashtra,6.92,0.2,0.377,3.7,0.0,28.8,77.9,1,0,1,16.6,2.95,0.08021,0,0
2025-03-19,VIL-005,Karjat,Raigad,Maharashtra,7.13,12.08,0.568,10.6,0.0,32.4,90.2,1,0,2,5.3,4.36,0.04897,25,0
2025-03-20,VIL-005,Karjat,Raigad,Maharashtra,8.25,9.8,0.608,11.9,0.0,28.0,72.6,4,4,6,0.0,4.12,0.04713,25,0
2025-03-21,VIL-005,Karjat,Raigad,Maharashtra,7.65,1.03,0.264,2.5,11.3,34.6,70.1,0,1,5,11.3,3.84,0.07543,0,0
2025-03-22,VIL-005,Karjat,Raigad,Maharashtra,6.82,0.87,0.279,79.9,6.8,21.6,58.5,0,2,3,18.1,3.48,0.00345,0,0
2025-03-23,VIL-005,Karjat,Raigad,Maharashtra,6.53,0.4,0.485,231.7,0.0,31.6,81.6,2,1,3,18.1,3.51,0.00208,35,1
2025-03-24,VIL-005,Karjat,Raigad,Maharashtra,7.7,1.01,0.655,88.2,9.4,31.0,99.0,0,1,3,16.2,3.63,0.00734,0,0
2025-03-25,VIL-005,Karjat,Raigad,Maharashtra,6.78,1.16,0.225,115.3,54.6,26.3,72.3,1,1,0,64.0,3.76,0.00193,50,1
2025-03-26,VIL-005,Karjat,Raigad,Maharashtra,7.23,3.48,0.018,0.4,0.0,27.6,80.4,3,1,0,64.0,2.54,0.01286,35,1
2025-03-27,VIL-005,Karjat,Raigad,Maharashtra,6.28,5.07,0.467,7.3,0.0,30.9,68.4,1,4,4,54.6,1.86,0.05627,40,1
2025-03-28,VIL-005,Karjat,Raigad,Maharashtra,7.44,3.46,0.596,47.9,0.0,32.7,59.6,2,0,1,0.0,2.21,0.01219,0,0
2025-03-29,VIL-005,Karjat,Raigad,Maharashtra,7.39,2.62,0.373,222.9,0.0,22.0,80.2,1,0,2,0.0,2.46,0.00167,35,1
2025-03-30,VIL-005,Karjat,Raigad,Maharashtra,6.36,3.66,0.824,63.2,35.9,31.5,75.3,2,2,1,35.9,2.92,0.01283,0,0
2025-03-31,VIL-005,Karjat,Raigad,Maharashtra,7.72,3.38,0.199,27.4,0.0,27.2,46.4,0,0,1,35.9,3.26,0.00701,20,0
2025-04-01,VIL-005,Karjat,Raigad,Maharashtra,7.43,1.63,0.216,9.2,0.0,33.5,94.3,1,1,1,35.9,3.33,0.02118,0,0
2025-04-02,VIL-005,Karjat,Raigad,Maharashtra,7.54,1.03,0.214,9.7,3.7,21.6,80.0,0,3,1,3.7,2.98,0.02,0,0
2025-04-03,VIL-005,Karjat,Raigad,Maharashtra,6.87,0.84,0.366,26.4,0.0,38.8,75.9,4,1,4,3.7,2.37,0.01336,0,0
2025-04-04,VIL-005,Karjat,Raigad,Maharashtra,7.21,2.87,0.37,73.2,0.0,25.5,69.9,2,2,0,3.7,2.29,0.00499,0,0
2025-04-05,VIL-005,Karjat,Raigad,Maharashtra,7.14,8.07,0.211,1.9,0.0,34.7,79.9,1,1,0,0.0,3.07,0.07276,25,0
2025-04-06,VIL-005,Karjat,Raigad,Maharashtra,7.01,2.19,0.552,111.8,6.6,28.7,80.4,5,2,2,6.6,2.86,0.00489,35,1
2025-04-07,VIL-005,Karjat,Raigad,Maharashtra,7.2,6.14,0.398,166.1,0.0,25.7,79.8,1,0,0,6.6,3.25,0.00238,60,1
2025-04-08,VIL-005,Karjat,Raigad,Maharashtra,7.85,0.2,0.164,128.5,5.2,30.1,87.8,3,1,1,11.8,3.05,0.00127,55,1
2025-04-09,VIL-005,Karjat,Raigad,Maharashtra,7.74,3.99,0.46,142.9,0.0,33.1,90.5,1,0,3,5.2,3.47,0.0032,35,1
2025-04-10,VIL-005,Karjat,Raigad,Maharashtra,6.39,4.84,0.274,0.9,6.6,22.8,99.0,2,4,1,11.8,4.04,0.14421,25,0
2025-04-11,VIL-005,Karjat,Raigad,Maharashtra,7.69,2.51,0.368,222.7,0.0,31.8,65.0,1,2,2,6.6,3.99,0.00165,35,1
2025-04-12,VIL-005,Karjat,Raigad,Maharashtra,7.81,6.85,0.51,26.7,0.0,29.0,68.1,3,1,1,6.6,3.82,0.01841,25,0
2025-04-13,VIL-005,Karjat,Raigad,Maharashtra,7.01,2.25,0.53,119.0,0.0,31.3,79.3,2,5,2,0.0,3.83,0.00442,35,1
2025-04-14,VIL-005,Karjat,Raigad,Maharashtra,7.41,0.69,0.515,12.1,14.1,29.0,65.7,0,1,0,14.1,3.05,0.03931,0,0
2025-04-15,VIL-005,Karjat,Raigad,Maharashtra,7.4,0.61,0.359,34.6,0.0,26.7,67.6,1,3,1,14.1,3.11,0.01008,0,0
2025-04-16,VIL-005,Karjat,Raigad,Maharashtra,6.59,2.05,0.175,2.6,9.9,24.5,80.7,0,1,0,24.0,2.83,0.04861,20,0
2025-04-17,VIL-005,Karjat,Raigad,Maharashtra,6.87,5.97,0.293,2.4,0.0,31.7,85.8,1,2,4,9.9,2.99,0.08618,25,0
2025-04-18,VIL-005,Karjat,Raigad,Maharashtra,7.55,0.2,0.354,167.9,0.0,31.7,90.3,3,1,2,9.9,2.66,0.0021,35,1
2025-04-19,VIL-005,Karjat,Raigad,Maharashtra,6.8,2.34,0.628,97.3,0.0,31.6,72.7,2,3,1,0.0,2.02,0.00639,0,0
2025-04-20,VIL-005,Karjat,Raigad,Maharashtra,7.69,3.7,0.255,44.1,0.0,30.7,80.6,3,2,5,0.0,2.22,0.00565,0,0
2025-04-21,VIL-005,Karjat,Raigad,Maharashtra,7.88,0.31,0.386,43.6,0.0,32.8,77.9,1,0,1,0.0,2.17,0.00865,0,0
2025-04-22,VIL-005,Karjat,Raigad,Maharashtra,7.79,0.31,0.128,80.8,1.4,34.6,75.2,3,1,3,1.4,2.13,0.00156,20,0
2025-04-23,VIL-005,Karjat,Raigad,Maharashtra,8.29,1.15,0.411,24.5,0.0,21.5,65.2,2,0,1,1.4,2.0,0.01612,0,0
2025-04-24,VIL-005,Karjat,Raigad,Maharashtra,7.05,0.81,0.342,83.9,0.0,19.6,63.7,2,1,2,1.4,1.26,0.00403,0,0
2025-04-25,VIL-005,Karjat,Raigad,Maharashtra,7.21,0.56,0.327,38.8,2.1,35.9,83.0,3,3,1,2.1,1.31,0.00822,0,0
2025-04-26,VIL-005,Karjat,Raigad,Maharashtra,7.29,0.56,0.502,59.4,1.8,23.6,65.0,2,2,3,3.9,1.06,0.00831,0,0
2025-04-27,VIL-005,Karjat,Raigad,Maharashtra,7.06,0.35,0.227,195.8,0.0,24.7,53.7,1,3,2,3.9,0.58,0.00115,35,1
2025-04-28,VIL-005,Karjat,Raigad,Maharashtra,7.43,2.38,0.602,37.3,0.0,27.8,74.6,0,1,0,1.8,0.87,0.01572,0,0
2025-04-29,VIL-005,Karjat,Raigad,Maharashtra,6.07,2.94,0.213,31.7,19.3,22.4,92.5,2,3,1,19.3,1.25,0.00651,0,0
2025-04-30,VIL-005,Karjat,Raigad,Maharashtra,7.22,3.06,0.596,138.2,0.0,27.5,41.5,3,2,0,19.3,1.52,0.00428,35,1
2025-05-01,VIL-005,Karjat,Raigad,Maharashtra,6.27,1.92,0.063,136.2,76.9,25.2,71.5,0,2,1,96.2,1.68,0.00046,85,2
2025-05-02,VIL-005,Karjat,Raigad,Maharashtra,6.52,7.7,0.405,285.6,0.0,28.1,83.1,2,3,3,76.9,2.7,0.00141,75,2
2025-05-03,VIL-005,Karjat,Raigad,Maharashtra,7.54,5.35,0.46,46.8,0.0,30.1,53.1,3,2,2,76.9,3.39,0.00962,40,1
2025-05-04,VIL-005,Karjat,Raigad,Maharashtra,6.98,7.97,0.285,24.7,5.5,27.6,72.4,4,1,3,5.5,4.47,0.01109,25,0
2025-05-05,VIL-005,Karjat,Raigad,Maharashtra,7.52,1.24,0.4,16.1,5.5,27.4,61.3,4,0,1,11.0,4.31,0.02339,0,0
2025-05-06,VIL-005,Karjat,Raigad,Maharashtra,6.97,5.3,0.285,2.0,0.0,30.0,62.9,2,2,3,11.0,4.65,0.095,25,0
2025-05-07,VIL-005,Karjat,Raigad,Maharashtra,7.76,3.63,0.431,75.9,0.0,33.2,70.2,4,3,2,5.5,4.73,0.0056,0,0
2025-05-08,VIL-005,Karjat,Raigad,Maharashtra,6.96,1.05,0.395,15.6,0.0,35.4,61.5,3,0,2,0.0,4.61,0.0238,0,0
2025-05-09,VIL-005,Karjat,Raigad,Maharashtra,5.93,0.28,0.749,54.6,0.0,28.1,60.5,4,2,3,0.0,3.55,0.01347,0,0
2025-05-10,VIL-005,Karjat,Raigad,Maharashtra,7.24,2.89,0.102,145.3,0.0,36.3,74.3,4,3,2,0.0,3.19,0.0007,70,2
2025-05-11,VIL-005,Karjat,Raigad,Maharashtra,5.8,0.37,0.386,175.5,0.0,32.5,99.0,7,4,1,0.0,2.11,0.00219,35,1
2025-05-12,VIL-005,Karjat,Raigad,Maharashtra,6.23,0.88,0.274,0.3,0.0,24.1,84.1,1,4,0,0.0,2.06,0.21077,0,0
2025-05-13,VIL-005,Karjat,Raigad,Maharashtra,6.57,1.75,0.372,22.3,0.0,24.0,87.1,2,2,2,0.0,1.55,0.01597,0,0
2025-05-14,VIL-005,Karjat,Raigad,Maharashtra,6.5,2.87,0.326,106.3,0.0,26.7,84.6,3,4,3,0.0,1.44,0.00304,35,1
2025-05-15,VIL-005,Karjat,Raigad,Maharashtra,6.77,6.57,0.287,45.0,0.0,34.8,66.6,0,3,0,0.0,2.23,0.00624,25,0
2025-05-16,VIL-005,Karjat,Raigad,Maharashtra,6.47,2.27,0.256,96.4,17.5,27.0,78.7,3,4,2,17.5,2.51,0.00263,0,0
2025-05-17,VIL-005,Karjat,Raigad,Maharashtra,6.26,2.8,0.479,112.3,0.0,21.4,88.2,2,4,3,17.5,2.5,0.00423,35,1
2025-05-18,VIL-005,Karjat,Raigad,Maharashtra,8.03,0.94,0.283,34.2,0.0,28.1,84.9,1,7,4,17.5,2.58,0.00804,20,0
2025-05-19,VIL-005,Karjat,Raigad,Maharashtra,6.69,2.93,0.346,26.0,0.0,21.1,77.3,2,1,4,0.0,2.88,0.01281,0,0
2025-05-20,VIL-005,Karjat,Raigad,Maharashtra,5.76,1.45,0.383,35.6,0.0,24.8,81.2,0,2,2,0.0,2.83,0.01046,0,0
2025-05-21,VIL-005,Karjat,Raigad,Maharashtra,6.88,4.9,0.22,61.9,0.0,26.7,99.0,2,3,4,0.0,3.12,0.0035,25,0
2025-05-22,VIL-005,Karjat,Raigad,Maharashtra,6.43,1.26,0.46,26.8,9.9,29.6,85.1,1,0,3,9.9,2.36,0.01655,0,0
2025-05-23,VIL-005,Karjat,Raigad,Maharashtra,6.57,1.59,0.177,87.3,0.0,33.1,71.2,1,3,4,9.9,2.27,0.002,20,0
2025-05-24,VIL-005,Karjat,Raigad,Maharashtra,7.53,1.43,0.439,137.1,27.5,31.8,74.1,2,2,4,37.4,2.07,0.00318,35,1
2025-05-25,VIL-005,Karjat,Raigad,Maharashtra,6.83,4.2,0.422,19.4,30.5,24.3,62.4,3,1,7,58.0,2.54,0.02069,40,1
2025-05-26,VIL-005,Karjat,Raigad,Maharashtra,6.41,7.74,0.326,196.1,0.0,27.5,99.0,0,2,1,58.0,3.22,0.00165,75,2
2025-05-27,VIL-005,Karjat,Raigad,Maharashtra,7.37,1.0,0.153,57.0,24.9,29.3,94.2,3,0,2,55.4,3.16,0.00264,35,1
2025-05-28,VIL-005,Karjat,Raigad,Maharashtra,7.79,1.62,0.351,123.1,0.6,28.0,76.0,2,2,3,25.5,2.69,0.00283,35,1
2025-05-29,VIL-005,Karjat,Raigad,Maharashtra,7.42,3.08,0.164,6.4,0.0,27.9,99.0,1,1,0,25.5,2.95,0.02216,20,0
2025-05-30,VIL-005,Karjat,Raigad,Maharashtra,5.63,5.69,0.33,16.9,0.6,22.1,82.6,2,1,3,1.2,3.54,0.01844,25,0
2025-05-31,VIL-005,Karjat,Raigad,Maharashtra,6.43,1.72,0.492,22.6,3.8,24.4,69.8,1,2,2,4.4,3.58,0.02085,0,0
2025-06-01,VIL-005,Karjat,Raigad,Maharashtra,7.13,0.29,0.347,21.1,0.0,27.4,85.9,1,3,1,4.4,3.02,0.0157,0,0
2025-06-02,VIL-005,Karjat,Raigad,Maharashtra,6.95,1.16,0.576,11.0,0.0,16.6,79.8,2,0,2,3.8,2.08,0.048,0,0
2025-06-03,VIL-005,Karjat,Raigad,Maharashtra,6.9,2.01,0.403,118.5,0.5,31.6,85.1,1,3,0,0.5,2.22,0.00337,35,1
2025-06-04,VIL-005,Karjat,Raigad,Maharashtra,6.51,1.36,0.489,31.7,11.5,23.5,58.6,5,2,2,12.0,2.19,0.01495,0,0
2025-06-05,VIL-005,Karjat,Raigad,Maharashtra,6.26,0.52,0.479,193.1,0.0,31.7,65.3,1,1,1,12.0,1.82,0.00247,35,1
2025-06-06,VIL-005,Karjat,Raigad,Maharashtra,8.3,0.2,0.603,51.2,24.9,31.4,92.9,0,2,1,36.4,1.04,0.01155,0,0
2025-06-07,VIL-005,Karjat,Raigad,Maharashtra,7.12,2.93,0.115,8.7,0.0,26.8,95.3,1,1,2,24.9,1.21,0.01186,20,0
2025-06-08,VIL-005,Karjat,Raigad,Maharashtra,7.49,12.41,0.256,46.2,0.0,33.0,92.0,5,1,3,24.9,2.94,0.00542,25,0
2025-06-09,VIL-005,Karjat,Raigad,Maharashtra,7.1,6.34,0.355,295.0,0.0,32.0,99.0,3,2,0,0.0,3.68,0.0012,60,1
2025-06-10,VIL-005,Karjat,Raigad,Maharashtra,7.13,2.9,0.494,48.7,0.0,27.8,81.9,1,1,3,0.0,3.81,0.00994,0,0
2025-06-11,VIL-005,Karjat,Raigad,Maharashtra,7.06,4.64,0.38,0.1,12.3,27.3,81.1,2,5,2,12.3,4.28,0.34545,25,0
2025-06-12,VIL-005,Karjat,Raigad,Maharashtra,6.43,0.74,0.349,158.2,0.0,33.4,64.0,0,1,1,12.3,4.31,0.00219,35,1
2025-06-13,VIL-005,Karjat,Raigad,Maharashtra,6.19,2.45,0.535,15.7,0.0,29.9,68.0,1,0,2,12.3,4.63,0.03204,0,0
2025-06-14,VIL-005,Karjat,Raigad,Maharashtra,7.33,0.2,0.289,68.2,0.0,33.2,51.1,2,1,1,0.0,4.24,0.00418,0,0
2025-06-15,VIL-005,Karjat,Raigad,Maharashtra,7.21,3.1,0.281,42.3,0.0,19.4,71.1,2,5,1,0.0,2.91,0.00649,0,0
2025-06-16,VIL-005,Karjat,Raigad,Maharashtra,7.66,8.83,0.444,23.0,0.0,29.4,50.3,2,3,2,0.0,3.27,0.0185,25,0
2025-06-17,VIL-005,Karjat,Raigad,Maharashtra,7.54,4.97,0.781,19.4,0.0,22.7,88.0,1,1,1,0.0,3.56,0.03828,25,0
2025-06-18,VIL-005,Karjat,Raigad,Maharashtra,6.61,1.93,0.346,154.5,5.7,28.9,79.7,1,2,5,5.7,3.17,0.00223,35,1
2025-06-19,VIL-005,Karjat,Raigad,Maharashtra,7.78,3.92,0.234,142.1,9.3,31.9,50.7,1,0,1,15.0,3.63,0.00164,35,1
2025-06-20,VIL-005,Karjat,Raigad,Maharashtra,7.56,7.26,0.248,42.1,1.8,36.0,72.7,2,1,0,16.8,4.32,0.00575,25,0
2025-06-21,VIL-005,Karjat,Raigad,Maharashtra,7.51,0.61,0.284,17.5,55.1,25.2,98.6,0,2,1,66.2,4.37,0.01535,15,0
2025-06-22,VIL-005,Karjat,Raigad,Maharashtra,8.45,3.97,0.589,6.3,0.0,26.9,73.5,3,2,5,56.9,4.5,0.08068,15,0
2025-06-23,VIL-005,Karjat,Raigad,Maharashtra,8.33,0.79,0.284,10.0,0.0,28.6,63.0,0,2,3,55.1,3.35,0.02582,15,0
2025-06-24,VIL-005,Karjat,Raigad,Maharashtra,7.51,5.28,0.405,43.2,0.0,25.1,53.6,0,1,1,0.0,3.39,0.00916,25,0
2025-06-25,VIL-005,Karjat,Raigad,Maharashtra,7.44,0.26,0.333,21.5,0.0,32.9,53.9,2,1,2,0.0,3.16,0.0148,0,0
2025-06-26,VIL-005,Karjat,Raigad,Maharashtra,7.75,0.49,0.114,2.5,4.8,28.7,81.4,3,1,0,4.8,2.67,0.03257,20,0
2025-06-27,VIL-005,Karjat,Raigad,Maharashtra,6.75,3.21,0.291,35.5,0.0,29.5,69.8,0,2,1,4.8,2.09,0.00797,0,0
2025-06-28,VIL-005,Karjat,Raigad,Maharashtra,6.76,0.48,0.0,80.2,0.0,31.5,70.8,1,0,2,4.8,2.07,0.0,35,1
2025-06-29,VIL-005,Karjat,Raigad,Maharashtra,7.5,0.43,0.382,130.0,0.0,28.7,69.8,2,3,2,0.0,1.56,0.00292,35,1
2025-06-30,VIL-005,Karjat,Raigad,Maharashtra,6.59,2.04,0.438,51.5,0.1,25.7,73.3,1,0,2,0.1,1.74,0.00834,0,0
2025-07-01,VIL-005,Karjat,Raigad,Maharashtra,7.46,4.54,0.198,75.2,0.0,28.7,60.3,0,0,1,0.1,1.64,0.0026,45,1
2025-07-02,VIL-005,Karjat,Raigad,Maharashtra,7.19,0.79,0.252,26.5,0.0,25.6,78.8,3,2,1,0.1,1.71,0.00916,0,0
2025-07-03,VIL-005,Karjat,Raigad,Maharashtra,6.59,4.64,0.109,40.1,0.0,29.4,57.9,1,3,1,0.0,2.3,0.00265,45,1
2025-07-04,VIL-005,Karjat,Raigad,Maharashtra,7.12,4.16,0.0,76.5,6.1,33.0,65.9,1,0,2,6.1,2.44,0.0,60,1
2025-07-05,VIL-005,Karjat,Raigad,Maharashtra,7.88,2.18,0.079,76.1,2.8,24.3,87.1,2,1,0,8.9,2.68,0.00102,20,0
2025-07-06,VIL-005,Karjat,Raigad,Maharashtra,7.15,2.62,0.467,32.3,20.2,22.9,79.5,2,2,3,29.1,3.0,0.01402,0,0
2025-07-07,VIL-005,Karjat,Raigad,Maharashtra,7.15,0.2,0.293,45.9,0.0,29.2,83.2,1,1,0,23.0,2.73,0.00625,0,0
2025-07-08,VIL-005,Karjat,Raigad,Maharashtra,7.3,1.15,0.388,150.6,0.0,25.9,99.0,1,0,0,20.2,2.25,0.00256,35,1
2025-07-09,VIL-005,Karjat,Raigad,Maharashtra,7.38,0.77,0.717,58.5,0.0,29.1,74.3,3,3,2,0.0,2.25,0.01205,0,0
2025-07-10,VIL-005,Karjat,Raigad,Maharashtra,6.9,0.41,0.53,60.2,0.0,30.3,75.3,1,1,3,0.0,1.64,0.00866,0,0
2025-07-11,VIL-005,Karjat,Raigad,Maharashtra,7.31,1.24,0.447,89.8,23.3,20.4,71.8,5,1,0,23.3,1.22,0.00492,0,0
2025-07-12,VIL-005,Karjat,Raigad,Maharashtra,6.47,1.1,0.263,7.2,0.0,31.8,69.7,1,2,1,23.3,1.07,0.03207,0,0
2025-07-13,VIL-005,Karjat,Raigad,Maharashtra,6.62,3.29,0.631,43.3,0.0,24.3,62.9,1,2,2,23.3,1.17,0.01424,0,0
2025-07-14,VIL-005,Karjat,Raigad,Maharashtra,6.7,2.3,0.572,187.5,3.6,28.9,76.0,4,1,1,3.6,1.47,0.00303,35,1
2025-07-15,VIL-005,Karjat,Raigad,Maharashtra,7.38,6.16,0.511,26.3,0.0,26.4,79.3,2,1,0,3.6,2.18,0.01872,25,0
2025-07-16,VIL-005,Karjat,Raigad,Maharashtra,7.2,0.4,0.349,20.4,24.6,26.8,79.9,2,3,3,28.2,2.13,0.01631,0,0
2025-07-17,VIL-005,Karjat,Raigad,Maharashtra,7.02,0.2,0.184,53.8,19.4,35.8,75.8,2,1,1,44.0,2.1,0.00336,20,0
2025-07-18,VIL-005,Karjat,Raigad,Maharashtra,7.51,1.93,0.623,14.6,0.0,30.3,86.1,1,5,1,44.0,2.2,0.03994,0,0
2025-07-19,VIL-005,Karjat,Raigad,Maharashtra,7.33,0.2,0.507,47.5,0.0,32.6,75.4,0,1,2,19.4,2.07,0.01045,0,0
2025-07-20,VIL-005,Karjat,Raigad,Maharashtra,6.93,3.91,0.313,9.9,0.0,29.6,70.1,1,1,2,0.0,2.16,0.02872,0,0
2025-07-21,VIL-005,Karjat,Raigad,Maharashtra,6.48,1.78,0.3,50.7,32.8,31.5,63.9,2,4,1,32.8,2.08,0.0058,0,0
2025-07-22,VIL-005,Karjat,Raigad,Maharashtra,6.61,1.69,0.13,54.0,0.0,30.7,56.4,3,2,1,32.8,1.44,0.00236,20,0
2025-07-23,VIL-005,Karjat,Raigad,Maharashtra,6.22,1.13,0.487,31.7,0.0,30.0,92.5,3,2,3,32.8,1.55,0.01489,0,0
2025-07-24,VIL-005,Karjat,Raigad,Maharashtra,7.18,1.18,0.381,28.2,0.0,33.4,66.6,1,2,1,0.0,1.69,0.01305,0,0
2025-07-25,VIL-005,Karjat,Raigad,Maharashtra,6.58,1.42,0.422,16.5,0.0,29.6,63.9,2,1,5,0.0,1.62,0.02411,0,0
2025-07-26,VIL-005,Karjat,Raigad,Maharashtra,6.8,0.2,0.517,23.5,0.0,38.1,70.0,3,0,1,0.0,1.62,0.0211,0,0
2025-07-27,VIL-005,Karjat,Raigad,Maharashtra,7.02,0.22,0.48,40.4,5.1,32.8,71.7,1,1,1,5.1,1.09,0.01159,0,0
2025-07-28,VIL-005,Karjat,Raigad,Maharashtra,7.73,1.77,0.193,16.6,0.0,24.4,94.7,1,2,4,5.1,1.09,0.01097,20,0
2025-07-29,VIL-005,Karjat,Raigad,Maharashtra,7.66,0.41,0.354,89.3,0.0,28.3,71.1,1,3,2,5.1,0.9,0.00392,0,0
2025-07-30,VIL-005,Karjat,Raigad,Maharashtra,7.07,3.8,0.424,72.2,11.2,30.6,99.0,1,3,2,11.2,1.29,0.00579,0,0
2025-07-31,VIL-005,Karjat,Raigad,Maharashtra,7.86,0.81,0.438,18.4,0.0,29.2,75.8,0,1,2,11.2,1.23,0.02258,0,0
2025-08-01,VIL-005,Karjat,Raigad,Maharashtra,5.89,0.26,0.064,6.0,0.0,31.7,99.0,1,2,1,11.2,1.07,0.00914,20,0
2025-08-02,VIL-005,Karjat,Raigad,Maharashtra,8.23,0.68,0.169,0.0,0.0,32.2,85.7,3,3,0,0.0,1.14,0.169,20,0
2025-08-03,VIL-005,Karjat,Raigad,Maharashtra,7.52,1.11,0.468,53.1,25.8,23.6,79.3,1,1,1,25.8,1.26,0.00865,0,0
2025-08-04,VIL-005,Karjat,Raigad,Maharashtra,7.16,0.2,0.466,13.9,24.5,34.1,93.9,3,1,2,50.3,1.04,0.03128,15,0
2025-08-05,VIL-005,Karjat,Raigad,Maharashtra,6.57,0.38,0.64,0.7,9.6,27.0,88.5,2,1,3,59.9,1.03,0.37647,15,0
2025-08-06,VIL-005,Karjat,Raigad,Maharashtra,6.84,0.99,0.071,26.0,0.0,26.6,82.6,3,1,3,34.1,0.63,0.00263,20,0
2025-08-07,VIL-005,Karjat,Raigad,Maharashtra,7.47,0.94,0.512,191.3,5.9,26.6,99.0,2,0,1,15.5,0.65,0.00266,35,1
2025-08-08,VIL-005,Karjat,Raigad,Maharashtra,7.48,4.06,0.418,68.5,12.7,32.2,69.0,1,1,2,18.6,1.19,0.00601,25,0
2025-08-09,VIL-005,Karjat,Raigad,Maharashtra,7.5,4.67,0.161,114.1,0.0,27.9,63.1,3,3,3,18.6,1.76,0.0014,80,2
2025-08-10,VIL-005,Karjat,Raigad,Maharashtra,6.66,0.54,0.032,9.1,62.1,26.3,66.9,5,1,1,74.8,1.68,0.00317,35,1
2025-08-11,VIL-005,Karjat,Raigad,Maharashtra,6.54,0.33,0.519,4.5,0.0,27.3,96.0,0,3,1,62.1,1.7,0.09436,15,0
2025-08-12,VIL-005,Karjat,Raigad,Maharashtra,7.22,2.53,0.173,0.7,0.0,21.8,92.4,2,2,1,62.1,2.01,0.10176,35,1
2025-08-13,VIL-005,Karjat,Raigad,Maharashtra,7.56,4.11,0.113,182.3,0.0,25.6,68.7,2,3,1,0.0,2.45,0.00062,95,2
2025-08-14,VIL-005,Karjat,Raigad,Maharashtra,7.1,8.36,0.432,20.9,0.0,24.0,46.7,2,2,0,0.0,3.51,0.01973,25,0
2025-08-15,VIL-005,Karjat,Raigad,Maharashtra,7.99,0.2,0.348,36.0,0.0,27.9,72.5,2,1,1,0.0,2.96,0.00941,0,0
2025-08-16,VIL-005,Karjat,Raigad,Maharashtra,7.12,1.35,0.453,29.4,0.0,31.7,62.8,0,3,3,0.0,2.49,0.0149,0,0
2025-08-17,VIL-005,Karjat,Raigad,Maharashtra,7.1,3.34,0.428,76.7,0.0,31.2,69.1,3,5,1,0.0,2.89,0.00551,0,0
2025-08-18,VIL-005,Karjat,Raigad,Maharashtra,7.5,4.44,0.952,21.7,1.4,34.0,62.3,1,0,3,1.4,3.48,0.04194,25,0
2025-08-19,VIL-005,Karjat,Raigad,Maharashtra,7.83,0.2,0.48,44.9,0.0,33.1,55.7,0,2,2,1.4,3.14,0.01046,0,0
2025-08-20,VIL-005,Karjat,Raigad,Maharashtra,6.29,2.88,0.469,317.2,0.0,26.9,97.6,3,2,3,1.4,2.97,0.00147,35,1
2025-08-21,VIL-005,Karjat,Raigad,Maharashtra,6.43,0.86,0.191,34.3,0.0,29.1,66.8,1,2,2,0.0,1.9,0.00541,20,0
2025-08-22,VIL-005,Karjat,Raigad,Maharashtra,6.91,0.2,0.631,46.9,0.0,28.9,92.0,1,2,1,0.0,1.9,0.01317,0,0
2025-08-23,VIL-005,Karjat,Raigad,Maharashtra,9.0,1.69,0.259,40.8,0.0,20.4,72.3,3,0,3,0.0,1.94,0.0062,0,0
2025-08-24,VIL-005,Karjat,Raigad,Maharashtra,6.94,0.43,0.186,95.1,0.0,24.1,61.4,0,3,5,0.0,1.53,0.00194,20,0
2025-08-25,VIL-005,Karjat,Raigad,Maharashtra,7.03,3.37,0.312,18.2,12.2,28.3,81.1,1,1,0,12.2,1.38,0.01625,0,0
2025-08-26,VIL-005,Karjat,Raigad,Maharashtra,7.47,3.41,0.429,10.9,13.3,28.3,70.3,4,0,2,25.5,1.83,0.03605,0,0
2025-08-27,VIL-005,Karjat,Raigad,Maharashtra,7.69,4.65,0.267,82.1,0.0,31.0,72.5,2,3,2,25.5,2.09,0.00321,25,0
2025-08-28,VIL-005,Karjat,Raigad,Maharashtra,7.2,1.19,0.192,31.4,5.6,30.9,76.7,2,1,2,18.9,2.13,0.00593,20,0
2025-08-29,VIL-005,Karjat,Raigad,Maharashtra,7.8,0.2,0.188,143.3,1.3,21.9,65.3,1,1,2,6.9,2.13,0.0013,55,1
2025-08-30,VIL-005,Karjat,Raigad,Maharashtra,6.38,0.76,0.387,60.4,0.0,31.1,55.5,2,3,0,6.9,2.0,0.0063,0,0
2025-08-31,VIL-005,Karjat,Raigad,Maharashtra,6.64,1.59,0.451,48.6,74.4,29.7,74.4,0,0,3,75.7,2.17,0.00909,15,0
2025-09-01,VIL-005,Karjat,Raigad,Maharashtra,7.8,2.98,0.466,4.3,0.0,31.5,86.6,1,1,1,74.4,2.11,0.08792,15,0
2025-09-02,VIL-005,Karjat,Raigad,Maharashtra,7.11,1.21,0.07,76.7,9.1,33.3,64.2,7,4,0,83.5,1.8,0.0009,50,1
2025-09-03,VIL-005,Karjat,Raigad,Maharashtra,6.34,1.94,0.2,67.8,0.0,28.4,76.8,4,2,3,9.1,1.41,0.00291,0,0
2025-09-04,VIL-005,Karjat,Raigad,Maharashtra,6.31,1.87,0.518,59.8,0.0,34.0,93.1,2,2,1,9.1,1.51,0.00852,0,0
2025-09-05,VIL-005,Karjat,Raigad,Maharashtra,6.61,0.45,0.274,18.2,6.8,25.4,73.9,0,1,1,6.8,1.54,0.01427,0,0
2025-09-06,VIL-005,Karjat,Raigad,Maharashtra,7.1,2.46,0.386,171.6,0.0,25.2,76.0,2,2,3,6.8,1.79,0.00224,35,1
2025-09-07,VIL-005,Karjat,Raigad,Maharashtra,7.38,1.46,0.823,22.7,0.0,30.7,75.7,4,0,0,6.8,1.77,0.03473,0,0
2025-09-08,VIL-005,Karjat,Raigad,Maharashtra,6.9,4.16,0.0,9.7,0.0,27.5,66.8,0,1,1,0.0,1.94,0.0,60,1
2025-09-09,VIL-005,Karjat,Raigad,Maharashtra,7.33,2.96,0.327,255.0,0.0,30.0,63.1,2,7,4,0.0,2.19,0.00128,55,1
2025-09-10,VIL-005,Karjat,Raigad,Maharashtra,6.84,0.3,0.477,80.2,0.0,37.0,63.1,0,4,2,0.0,1.95,0.00587,0,0
2025-09-11,VIL-005,Karjat,Raigad,Maharashtra,7.83,1.69,0.173,31.3,81.2,30.6,79.4,2,2,2,81.2,1.93,0.00536,35,1
2025-09-12,VIL-005,Karjat,Raigad,Maharashtra,8.63,3.06,0.326,160.7,0.0,29.8,84.1,4,0,1,81.2,2.3,0.00202,50,1
2025-09-13,VIL-005,Karjat,Raigad,Maharashtra,6.86,0.23,0.134,5.6,7.9,25.5,84.7,1,2,2,89.1,1.98,0.0203,35,1
2025-09-14,VIL-005,Karjat,Raigad,Maharashtra,7.39,3.96,0.454,5.4,0.0,22.2,70.5,2,4,0,7.9,2.34,0.07094,0,0
2025-09-15,VIL-005,Karjat,Raigad,Maharashtra,7.34,0.63,0.229,67.1,38.2,28.7,88.1,1,0,1,46.1,1.83,0.00336,0,0
2025-09-16,VIL-005,Karjat,Raigad,Maharashtra,7.18,1.76,0.272,11.5,0.0,33.3,78.7,0,2,7,38.2,1.66,0.02176,0,0
2024-01-01,VIL-006,Alibag,Raigad,Maharashtra,6.02,1.12,0.321,20.9,40.2,30.8,76.0,2,0,0,40.2,1.12,0.01466,0,0
2024-01-02,VIL-006,Alibag,Raigad,Maharashtra,6.6,2.38,0.602,7.0,9.7,24.6,79.3,3,0,0,49.9,1.75,0.07525,0,0
2024-01-03,VIL-006,Alibag,Raigad,Maharashtra,8.15,1.4,0.279,132.4,0.0,35.0,84.2,0,0,0,49.9,1.63,0.00209,35,1
2024-01-04,VIL-006,Alibag,Raigad,Maharashtra,7.28,2.01,0.475,64.8,3.3,27.9,85.3,0,0,0,13.0,1.73,0.00722,0,0
2024-01-05,VIL-006,Alibag,Raigad,Maharashtra,6.67,0.2,0.196,21.3,0.0,27.1,87.6,2,0,0,3.3,1.42,0.00879,20,0
2024-01-06,VIL-006,Alibag,Raigad,Maharashtra,7.08,1.38,0.476,3.8,0.0,31.1,54.1,3,0,0,3.3,1.42,0.09917,0,0
2024-01-07,VIL-006,Alibag,Raigad,Maharashtra,6.76,1.82,0.516,20.5,0.0,25.0,71.3,4,0,0,0.0,1.47,0.024,0,0
2024-01-08,VIL-006,Alibag,Raigad,Maharashtra,7.04,1.52,0.3,10.6,0.0,31.3,86.9,1,2,0,0.0,1.53,0.02586,0,0
2024-01-09,VIL-006,Alibag,Raigad,Maharashtra,7.55,4.21,0.55,80.2,0.0,27.1,63.9,1,3,0,0.0,1.79,0.00677,25,0
2024-01-10,VIL-006,Alibag,Raigad,Maharashtra,6.9,0.83,0.303,66.1,10.1,26.6,89.6,1,0,0,10.1,1.71,0.00452,0,0
2024-01-11,VIL-006,Alibag,Raigad,Maharashtra,7.23,4.83,0.354,35.9,10.3,28.6,96.7,2,0,0,20.4,2.11,0.00959,25,0
2024-01-12,VIL-006,Alibag,Raigad,Maharashtra,7.24,1.16,0.42,112.8,8.6,24.6,89.3,1,2,0,29.0,2.25,0.00369,35,1
2024-01-13,VIL-006,Alibag,Raigad,Maharashtra,6.9,2.66,0.177,10.4,0.5,28.2,82.9,3,3,0,19.4,2.43,0.01553,20,0
2024-01-14,VIL-006,Alibag,Raigad,Maharashtra,6.66,0.2,0.105,31.3,0.0,30.4,69.6,4,4,0,9.1,2.2,0.00325,20,0
2024-01-15,VIL-006,Alibag,Raigad,Maharashtra,6.78,0.5,0.4,64.5,0.0,19.8,78.4,0,1,2,0.5,2.06,0.00611,0,0
2024-01-16,VIL-006,Alibag,Raigad,Maharashtra,7.52,3.21,0.216,3.7,0.0,33.4,58.8,1,1,3,0.0,1.91,0.04596,0,0
2024-01-17,VIL-006,Alibag,Raigad,Maharashtra,7.57,0.2,0.13,24.2,0.0,32.3,65.6,0,1,0,0.0,1.82,0.00516,20,0
2024-01-18,VIL-006,Alibag,Raigad,Maharashtra,6.42,7.75,0.488,44.1,0.0,21.6,66.5,1,2,0,0.0,2.24,0.01082,25,0
2024-01-19,VIL-006,Alibag,Raigad,Maharashtra,6.94,0.47,0.623,23.8,28.4,21.0,75.7,3,1,2,28.4,2.14,0.02512,0,0
2024-01-20,VIL-006,Alibag,Raigad,Maharashtra,6.65,5.19,0.504,34.0,0.0,32.4,70.3,1,3,3,28.4,2.5,0.0144,25,0
2024-01-21,VIL-006,Alibag,Raigad,Maharashtra,7.58,1.63,0.137,48.7,0.0,32.1,78.1,1,4,4,28.4,2.71,0.00276,20,0
2024-01-22,VIL-006,Alibag,Raigad,Maharashtra,6.82,1.86,0.382,23.9,2.2,31.5,85.5,3,0,1,2.2,2.9,0.01534,0,0
2024-01-23,VIL-006,Alibag,Raigad,Maharashtra,8.42,0.2,0.294,5.8,0.0,23.3,66.5,2,1,1,2.2,2.47,0.04324,0,0
2024-01-24,VIL-006,Alibag,Raigad,Maharashtra,7.23,1.02,0.196,7.8,0.0,36.3,76.8,2,0,1,2.2,2.59,0.02227,20,0
2024-01-25,VIL-006,Alibag,Raigad,Maharashtra,7.81,0.38,0.365,38.9,0.0,26.0,70.0,2,1,2,0.0,1.54,0.00915,0,0
2024-01-26,VIL-006,Alibag,Raigad,Maharashtra,6.49,1.67,0.338,10.0,0.0,30.0,77.3,2,3,1,0.0,1.71,0.03073,0,0
2024-01-27,VIL-006,Alibag,Raigad,Maharashtra,7.11,1.79,0.308,114.7,6.4,30.0,83.2,1,1,3,6.4,1.22,0.00266,35,1
2024-01-28,VIL-006,Alibag,Raigad,Maharashtra,7.47,2.77,0.528,93.4,0.0,35.4,86.1,2,1,4,6.4,1.38,0.00559,0,0
2024-01-29,VIL-006,Alibag,Raigad,Maharashtra,6.48,4.72,0.584,22.3,27.9,29.5,83.0,1,3,0,34.3,1.79,0.02506,25,0
2024-01-30,VIL-006,Alibag,Raigad,Maharashtra,7.11,1.41,0.292,92.4,0.0,30.7,80.0,4,2,1,27.9,1.97,0.00313,0,0
2024-01-31,VIL-006,Alibag,Raigad,Maharashtra,7.73,0.6,0.318,39.6,0.0,28.7,58.0,3,2,0,27.9,1.91,0.00783,0,0
2024-02-01,VIL-006,Alibag,Raigad,Maharashtra,6.9,0.91,0.305,9.0,55.8,24.2,62.0,0,2,1,55.8,1.98,0.0305,15,0
2024-02-02,VIL-006,Alibag,Raigad,Maharashtra,6.59,4.21,0.443,49.5,0.0,19.7,65.1,3,2,3,55.8,2.34,0.00877,40,1
2024-02-03,VIL-006,Alibag,Raigad,Maharashtra,8.18,0.35,0.41,59.2,16.8,29.1,79.3,2,1,1,72.6,2.14,0.00681,15,0
2024-02-04,VIL-006,Alibag,Raigad,Maharashtra,6.4,2.21,0.222,4.6,29.3,23.4,59.5,3,2,1,46.1,2.06,0.03964,0,0
2024-02-05,VIL-006,Alibag,Raigad,Maharashtra,7.19,0.2,0.327,19.6,0.0,30.4,79.1,1,1,3,46.1,1.41,0.01587,0,0
2024-02-06,VIL-006,Alibag,Raigad,Maharashtra,6.68,0.63,0.081,0.3,0.0,29.6,78.2,1,4,2,29.3,1.3,0.06231,20,0
2024-02-07,VIL-006,Alibag,Raigad,Maharashtra,6.54,2.0,0.067,19.8,0.6,29.5,51.8,1,3,2,0.6,1.5,0.00322,20,0
2024-02-08,VIL-006,Alibag,Raigad,Maharashtra,7.54,1.37,0.137,21.2,0.0,24.8,61.9,3,0,2,0.6,1.57,0.00617,20,0
2024-02-09,VIL-006,Alibag,Raigad,Maharashtra,6.98,1.52,0.305,51.7,0.0,33.1,87.5,0,3,2,0.6,1.18,0.00579,0,0
2024-02-10,VIL-006,Alibag,Raigad,Maharashtra,7.34,2.42,0.46,11.5,3.0,30.9,83.4,1,2,1,3.0,1.48,0.0368,0,0
2024-02-11,VIL-006,Alibag,Raigad,Maharashtra,5.75,0.6,0.209,1.6,0.0,24.3,64.8,0,3,2,3.0,1.25,0.08038,0,0
2024-02-12,VIL-006,Alibag,Raigad,Maharashtra,7.4,0.74,0.327,19.7,0.0,37.3,62.6,2,1,1,3.0,1.33,0.0158,0,0
2024-02-13,VIL-006,Alibag,Raigad,Maharashtra,6.67,2.58,0.389,90.8,0.0,28.2,45.6,2,1,4,0.0,1.6,0.00424,0,0
2024-02-14,VIL-006,Alibag,Raigad,Maharashtra,5.97,1.73,0.626,26.5,0.0,23.7,92.7,1,1,3,0.0,1.57,0.02276,0,0
2024-02-15,VIL-006,Alibag,Raigad,Maharashtra,8.23,0.2,0.36,27.9,25.3,26.0,75.5,1,3,0,25.3,1.4,0.01246,0,0
2024-02-16,VIL-006,Alibag,Raigad,Maharashtra,7.46,2.49,0.368,32.9,1.5,23.0,97.6,0,0,3,26.8,1.54,0.01086,0,0
2024-02-17,VIL-006,Alibag,Raigad,Maharashtra,7.24,2.17,0.241,72.5,0.0,34.4,72.7,2,1,2,26.8,1.5,0.00328,0,0
2024-02-18,VIL-006,Alibag,Raigad,Maharashtra,7.85,0.2,0.681,34.0,19.6,33.3,78.4,4,0,3,21.1,1.44,0.01946,0,0
2024-02-19,VIL-006,Alibag,Raigad,Maharashtra,7.25,3.08,0.488,5.0,0.0,32.0,85.7,2,2,1,19.6,1.78,0.08133,0,0
2024-02-20,VIL-006,Alibag,Raigad,Maharashtra,6.62,1.65,0.15,12.0,36.2,31.2,94.7,2,2,1,55.8,1.65,0.01154,35,1
2024-02-21,VIL-006,Alibag,Raigad,Maharashtra,7.0,0.51,0.62,10.8,3.7,34.0,81.0,1,1,1,39.9,1.47,0.05254,0,0
2024-02-22,VIL-006,Alibag,Raigad,Maharashtra,6.69,1.84,0.479,36.9,5.5,28.0,75.0,2,1,3,45.4,1.71,0.01264,0,0
2024-02-23,VIL-006,Alibag,Raigad,Maharashtra,6.8,2.03,0.392,1.6,0.0,30.7,75.3,0,0,0,9.2,1.64,0.15077,0,0
2024-02-24,VIL-006,Alibag,Raigad,Maharashtra,6.35,5.66,0.469,17.3,0.0,25.8,62.4,3,2,1,5.5,2.14,0.02563,25,0
2024-02-25,VIL-006,Alibag,Raigad,Maharashtra,6.52,3.04,0.554,48.6,77.8,28.4,70.4,3,4,0,77.8,2.54,0.01117,15,0
2024-02-26,VIL-006,Alibag,Raigad,Maharashtra,7.64,0.81,0.214,22.8,0.0,30.8,75.6,1,2,2,77.8,2.22,0.00899,15,0
2024-02-27,VIL-006,Alibag,Raigad,Maharashtra,7.3,0.28,0.28,64.0,32.0,16.7,91.6,2,2,2,109.8,2.02,0.00431,15,0
2024-02-28,VIL-006,Alibag,Raigad,Maharashtra,6.8,4.3,0.343,25.8,19.0,26.5,69.8,1,1,1,51.0,2.57,0.0128,40,1
2024-02-29,VIL-006,Alibag,Raigad,Maharashtra,6.48,4.19,0.127,201.5,0.3,29.7,87.8,0,2,1,51.3,2.9,0.00063,110,2
2024-03-01,VIL-006,Alibag,Raigad,Maharashtra,6.86,0.43,0.481,174.9,0.0,28.7,74.0,1,0,0,19.3,2.67,0.00273,35,1
2024-03-02,VIL-006,Alibag,Raigad,Maharashtra,6.09,0.2,0.3,83.6,0.0,27.2,89.9,0,3,2,0.3,1.89,0.00355,0,0
2024-03-03,VIL-006,Alibag,Raigad,Maharashtra,7.18,2.79,0.281,160.6,0.0,31.4,83.1,2,3,4,0.0,1.86,0.00174,35,1
2024-03-04,VIL-006,Alibag,Raigad,Maharashtra,7.67,2.87,0.234,11.9,12.5,26.2,82.3,0,1,2,12.5,2.15,0.01814,0,0
2024-03-05,VIL-006,Alibag,Raigad,Maharashtra,8.52,0.44,0.344,72.3,0.0,24.1,86.7,3,2,2,12.5,2.17,0.00469,0,0
2024-03-06,VIL-006,Alibag,Raigad,Maharashtra,6.44,2.47,0.378,20.2,0.0,33.7,85.0,3,1,1,12.5,1.91,0.01783,0,0
2024-03-07,VIL-006,Alibag,Raigad,Maharashtra,7.64,0.73,0.529,67.2,17.1,33.2,87.8,1,0,2,17.1,1.42,0.00776,0,0
2024-03-08,VIL-006,Alibag,Raigad,Maharashtra,6.68,0.68,0.534,24.3,8.6,26.6,99.0,1,1,0,25.7,1.45,0.02111,0,0
2024-03-09,VIL-006,Alibag,Raigad,Maharashtra,6.42,0.88,0.146,17.8,0.0,28.7,94.4,2,0,3,25.7,1.55,0.00777,20,0
2024-03-10,VIL-006,Alibag,Raigad,Maharashtra,6.42,1.65,0.433,165.8,28.6,32.4,80.6,2,2,3,37.2,1.39,0.0026,35,1
2024-03-11,VIL-006,Alibag,Raigad,Maharashtra,7.18,3.66,0.571,12.3,0.0,29.2,69.7,3,0,1,28.6,1.5,0.04293,0,0
2024-03-12,VIL-006,Alibag,Raigad,Maharashtra,6.54,1.55,0.31,73.9,9.3,31.1,79.4,1,3,2,37.9,1.66,0.00414,0,0
2024-03-13,VIL-006,Alibag,Raigad,Maharashtra,6.74,0.79,0.319,58.4,0.0,30.9,51.9,2,3,1,9.3,1.42,0.00537,0,0
2024-03-14,VIL-006,Alibag,Raigad,Maharashtra,6.84,4.82,0.279,18.8,5.2,27.7,84.9,2,1,0,14.5,2.0,0.01409,25,0
2024-03-15,VIL-006,Alibag,Raigad,Maharashtra,6.66,0.2,0.447,31.9,7.7,31.1,62.3,2,1,1,12.9,1.94,0.01359,0,0
2024-03-16,VIL-006,Alibag,Raigad,Maharashtra,6.61,3.57,0.402,8.0,0.0,25.1,88.5,0,2,0,12.9,2.32,0.04467,0,0
2024-03-17,VIL-006,Alibag,Raigad,Maharashtra,5.64,3.44,0.526,132.1,0.0,30.6,98.8,2,2,2,7.7,2.58,0.00395,35,1
2024-03-18,VIL-006,Alibag,Raigad,Maharashtra,7.15,0.66,0.33,179.2,0.0,28.7,57.6,0,3,0,0.0,2.15,0.00183,35,1
2024-03-19,VIL-006,Alibag,Raigad,Maharashtra,7.14,0.5,0.577,68.6,1.9,27.6,74.4,1,1,3,1.9,2.0,0.00829,0,0
2024-03-20,VIL-006,Alibag,Raigad,Maharashtra,6.62,4.65,0.458,98.4,0.0,24.0,62.2,2,2,3,1.9,2.55,0.00461,25,0
2024-03-21,VIL-006,Alibag,Raigad,Maharashtra,7.32,1.83,0.562,4.5,0.0,29.5,54.3,4,2,1,1.9,2.12,0.10218,0,0
2024-03-22,VIL-006,Alibag,Raigad,Maharashtra,7.94,0.2,0.243,25.2,0.0,29.2,73.7,2,2,1,0.0,2.12,0.00927,0,0
2024-03-23,VIL-006,Alibag,Raigad,Maharashtra,7.11,4.96,0.632,20.9,0.0,25.6,82.6,2,0,2,0.0,2.32,0.02886,25,0
2024-03-24,VIL-006,Alibag,Raigad,Maharashtra,7.9,0.96,0.25,43.3,0.0,22.6,84.1,0,2,2,0.0,1.97,0.00564,0,0
2024-03-25,VIL-006,Alibag,Raigad,Maharashtra,8.44,0.94,0.258,10.5,0.0,22.4,76.8,2,0,3,0.0,2.01,0.02243,0,0
2024-03-26,VIL-006,Alibag,Raigad,Maharashtra,8.62,2.31,0.279,43.1,0.0,28.0,55.0,0,1,1,0.0,2.26,0.00633,0,0
2024-03-27,VIL-006,Alibag,Raigad,Maharashtra,6.39,2.43,0.26,55.2,36.1,30.2,76.5,3,2,2,36.1,1.95,0.00463,0,0
2024-03-28,VIL-006,Alibag,Raigad,Maharashtra,6.39,0.98,0.691,7.4,0.0,36.4,57.1,3,4,2,36.1,1.83,0.08226,0,0
2024-03-29,VIL-006,Alibag,Raigad,Maharashtra,6.83,0.35,0.444,7.3,0.0,28.8,57.9,1,2,2,36.1,1.85,0.05349,0,0
2024-03-30,VIL-006,Alibag,Raigad,Maharashtra,7.18,1.8,0.439,1.9,0.0,22.5,63.0,0,2,0,0.0,1.4,0.15138,0,0
2024-03-31,VIL-006,Alibag,Raigad,Maharashtra,8.05,2.2,0.01,74.4,3.6,28.2,87.6,0,0,2,3.6,1.57,0.00013,35,1
2024-04-01,VIL-006,Alibag,Raigad,Maharashtra,7.48,4.41,0.581,20.9,38.0,34.0,81.5,4,2,0,41.6,2.07,0.02653,25,0
2024-04-02,VIL-006,Alibag,Raigad,Maharashtra,6.38,1.48,0.163,13.3,0.0,26.3,78.9,1,0,1,41.6,1.95,0.0114,20,0
2024-04-03,VIL-006,Alibag,Raigad,Maharashtra,6.73,2.32,0.343,78.3,0.0,33.5,64.6,1,3,2,38.0,1.93,0.00433,0,0
2024-04-04,VIL-006,Alibag,Raigad,Maharashtra,7.07,0.2,0.223,8.0,0.0,29.7,70.3,1,3,4,0.0,1.82,0.02478,0,0
2024-04-05,VIL-006,Alibag,Raigad,Maharashtra,6.21,5.04,0.393,29.0,0.0,31.6,58.6,2,1,2,0.0,2.49,0.0131,25,0
2024-04-06,VIL-006,Alibag,Raigad,Maharashtra,7.11,0.89,0.626,71.0,0.0,36.4,91.4,1,0,2,0.0,2.36,0.00869,0,0
2024-04-07,VIL-006,Alibag,Raigad,Maharashtra,6.39,2.24,0.177,44.4,39.9,21.7,99.0,1,0,0,39.9,2.37,0.0039,20,0
2024-04-08,VIL-006,Alibag,Raigad,Maharashtra,6.11,5.55,0.221,42.0,9.3,32.6,81.7,1,4,2,49.2,2.53,0.00514,25,0
2024-04-09,VIL-006,Alibag,Raigad,Maharashtra,6.53,3.73,0.375,8.9,0.0,28.6,83.8,1,1,0,49.2,2.85,0.03788,0,0
2024-04-10,VIL-006,Alibag,Raigad,Maharashtra,7.35,2.27,0.633,10.4,0.0,25.2,73.1,1,1,3,9.3,2.85,0.05553,0,0
2024-04-11,VIL-006,Alibag,Raigad,Maharashtra,7.34,2.72,0.274,45.4,0.0,28.6,55.6,3,1,3,0.0,3.21,0.00591,0,0
2024-04-12,VIL-006,Alibag,Raigad,Maharashtra,7.16,5.68,0.221,1.2,0.0,35.8,64.9,0,2,1,0.0,3.3,0.10045,25,0
2024-04-13,VIL-006,Alibag,Raigad,Maharashtra,7.69,3.74,0.38,105.7,0.0,34.3,69.4,1,1,0,0.0,3.7,0.00356,35,1
2024-04-14,VIL-006,Alibag,Raigad,Maharashtra,7.63,2.11,0.351,22.4,25.8,21.0,70.4,1,1,0,25.8,3.69,0.015,0,0
2024-04-15,VIL-006,Alibag,Raigad,Maharashtra,7.22,2.41,0.166,28.0,0.0,25.9,67.6,2,1,4,25.8,3.24,0.00572,20,0
2024-04-16,VIL-006,Alibag,Raigad,Maharashtra,7.14,0.36,0.277,15.5,10.4,32.8,75.6,2,1,1,36.2,2.76,0.01679,0,0
2024-04-17,VIL-006,Alibag,Raigad,Maharashtra,7.18,1.42,0.0,108.8,1.6,28.9,64.8,1,1,1,12.0,2.63,0.0,70,2
2024-04-18,VIL-006,Alibag,Raigad,Maharashtra,7.01,0.8,0.345,53.5,0.0,28.9,99.0,1,3,1,12.0,2.36,0.00633,0,0
2024-04-19,VIL-006,Alibag,Raigad,Maharashtra,5.8,1.27,0.126,31.1,0.0,22.7,58.6,3,0,2,1.6,1.73,0.00393,20,0
2024-04-20,VIL-006,Alibag,Raigad,Maharashtra,7.78,2.43,0.794,45.8,0.0,26.0,85.6,1,1,1,0.0,1.54,0.01697,0,0
2024-04-21,VIL-006,Alibag,Raigad,Maharashtra,7.34,0.36,0.45,24.9,0.0,23.6,71.9,1,1,1,0.0,1.29,0.01737,0,0
2024-04-22,VIL-006,Alibag,Raigad,Maharashtra,6.37,0.2,0.396,32.6,15.2,22.4,80.6,3,2,1,15.2,0.98,0.01179,0,0
2024-04-23,VIL-006,Alibag,Raigad,Maharashtra,7.96,1.13,0.445,23.0,5.1,24.0,81.1,2,2,1,20.3,1.09,0.01854,0,0
2024-04-24,VIL-006,Alibag,Raigad,Maharashtra,6.75,0.87,0.262,27.5,26.1,25.3,76.9,1,1,1,46.4,1.01,0.00919,0,0
2024-04-25,VIL-006,Alibag,Raigad,Maharashtra,7.04,1.22,0.324,19.7,8.3,26.0,61.4,1,1,3,39.5,1.07,0.01565,0,0
2024-04-26,VIL-006,Alibag,Raigad,Maharashtra,7.71,6.0,0.441,4.2,24.9,25.6,71.0,5,3,0,59.3,1.74,0.08481,40,1
2024-04-27,VIL-006,Alibag,Raigad,Maharashtra,7.23,2.75,0.174,2.0,15.6,33.1,77.0,2,1,1,48.8,1.79,0.058,20,0
2024-04-28,VIL-006,Alibag,Raigad,Maharashtra,7.9,0.89,0.473,9.9,0.0,25.4,76.3,0,1,1,40.5,1.87,0.04339,0,0
2024-04-29,VIL-006,Alibag,Raigad,Maharashtra,6.89,0.44,0.729,15.1,14.3,34.7,62.7,1,3,2,29.9,1.9,0.04528,0,0
2024-04-30,VIL-006,Alibag,Raigad,Maharashtra,8.11,2.16,0.084,115.0,0.0,27.1,90.5,2,2,2,14.3,2.05,0.00072,70,2
2024-05-01,VIL-006,Alibag,Raigad,Maharashtra,6.63,2.4,0.446,49.1,0.0,30.8,45.1,2,1,1,14.3,2.27,0.0089,0,0
2024-05-02,VIL-006,Alibag,Raigad,Maharashtra,7.89,1.48,0.203,165.2,0.0,30.9,72.0,2,1,1,0.0,2.3,0.00122,35,1
2024-05-03,VIL-006,Alibag,Raigad,Maharashtra,5.74,0.54,0.474,21.6,0.0,25.4,63.9,0,5,3,0.0,1.52,0.02097,0,0
2024-05-04,VIL-006,Alibag,Raigad,Maharashtra,6.44,0.2,0.411,26.7,0.0,27.7,77.2,3,2,1,0.0,1.16,0.01484,0,0
2024-05-05,VIL-006,Alibag,Raigad,Maharashtra,7.28,0.69,0.688,66.1,16.1,27.0,87.2,1,0,1,16.1,1.13,0.01025,0,0
2024-05-06,VIL-006,Alibag,Raigad,Maharashtra,6.86,1.37,0.656,44.9,0.0,30.5,58.1,3,1,3,16.1,1.26,0.01429,0,0
2024-05-07,VIL-006,Alibag,Raigad,Maharashtra,7.06,3.47,0.089,39.0,0.0,28.5,99.0,2,2,2,16.1,1.45,0.00222,20,0
2024-05-08,VIL-006,Alibag,Raigad,Maharashtra,7.12,4.31,0.488,44.6,70.6,26.0,77.4,2,2,1,70.6,1.72,0.0107,40,1
2024-05-09,VIL-006,Alibag,Raigad,Maharashtra,6.39,1.19,0.484,45.6,0.0,29.5,79.6,2,2,1,70.6,1.68,0.01039,15,0
2024-05-10,VIL-006,Alibag,Raigad,Maharashtra,6.43,3.56,0.564,75.5,0.0,30.4,57.7,1,0,5,70.6,2.11,0.00737,15,0
2024-05-11,VIL-006,Alibag,Raigad,Maharashtra,7.24,11.23,0.435,57.3,7.7,36.4,74.4,4,3,2,7.7,3.69,0.00746,25,0
2024-05-12,VIL-006,Alibag,Raigad,Maharashtra,6.7,2.82,0.457,164.0,0.0,29.3,86.7,0,1,0,7.7,3.99,0.00277,35,1
2024-05-13,VIL-006,Alibag,Raigad,Maharashtra,7.9,2.92,0.164,153.7,0.0,29.0,77.5,1,3,1,7.7,4.21,0.00106,55,1
2024-05-14,VIL-006,Alibag,Raigad,Maharashtra,6.98,5.38,0.426,28.5,0.0,30.7,76.7,1,2,2,0.0,4.49,0.01444,25,0
2024-05-15,VIL-006,Alibag,Raigad,Maharashtra,7.53,0.92,0.311,1.9,6.0,25.2,74.4,1,2,2,6.0,4.0,0.10724,0,0
2024-05-16,VIL-006,Alibag,Raigad,Maharashtra,7.37,0.2,0.473,0.6,0.0,22.1,58.5,1,2,2,6.0,3.86,0.29562,0,0
2024-05-17,VIL-006,Alibag,Raigad,Maharashtra,6.74,9.72,0.333,6.8,0.0,27.8,58.4,1,1,0,6.0,4.74,0.04269,25,0
2024-05-18,VIL-006,Alibag,Raigad,Maharashtra,5.91,1.51,0.43,4.0,0.0,33.3,89.0,1,4,3,0.0,3.35,0.086,0,0
2024-05-19,VIL-006,Alibag,Raigad,Maharashtra,7.81,3.45,0.461,24.3,0.0,33.9,85.6,3,0,1,0.0,3.44,0.01822,0,0
2024-05-20,VIL-006,Alibag,Raigad,Maharashtra,6.51,3.75,0.464,2.8,0.0,21.5,87.4,2,1,3,0.0,3.56,0.12211,0,0
2024-05-21,VIL-006,Alibag,Raigad,Maharashtra,6.86,1.13,0.216,51.0,11.2,31.7,65.1,4,1,2,11.2,2.95,0.00415,0,0
2024-05-22,VIL-006,Alibag,Raigad,Maharashtra,7.01,1.75,0.785,11.0,4.7,20.3,73.1,4,1,2,15.9,3.07,0.06542,0,0
2024-05-23,VIL-006,Alibag,Raigad,Maharashtra,7.07,1.74,0.396,37.5,34.4,30.8,89.8,2,1,2,50.3,3.29,0.01029,15,0
2024-05-24,VIL-006,Alibag,Raigad,Maharashtra,7.68,0.56,0.464,5.7,0.0,30.6,60.3,2,1,1,39.1,1.98,0.06925,0,0
2024-05-25,VIL-006,Alibag,Raigad,Maharashtra,7.1,0.28,0.361,91.5,72.6,22.1,88.6,0,1,4,107.0,1.81,0.0039,15,0
2024-05-26,VIL-006,Alibag,Raigad,Maharashtra,7.02,1.76,0.151,78.7,0.0,33.0,68.0,1,3,0,72.6,1.57,0.00189,35,1
2024-05-27,VIL-006,Alibag,Raigad,Maharashtra,7.71,0.29,0.491,25.4,3.7,36.0,64.7,3,2,1,76.3,1.07,0.0186,15,0
2024-05-28,VIL-006,Alibag,Raigad,Maharashtra,7.46,0.95,0.398,125.6,0.0,28.8,74.6,3,4,1,3.7,1.05,0.00314,35,1
2024-05-29,VIL-006,Alibag,Raigad,Maharashtra,6.66,0.46,0.51,10.7,0.3,29.6,61.6,2,4,1,4.0,0.86,0.04359,0,0
2024-05-30,VIL-006,Alibag,Raigad,Maharashtra,6.41,2.75,0.23,87.4,3.3,34.9,52.2,1,2,1,3.6,1.01,0.0026,0,0
2024-05-31,VIL-006,Alibag,Raigad,Maharashtra,6.61,4.6,0.29,41.0,0.0,24.5,75.9,2,2,1,3.6,1.58,0.0069,25,0
2024-06-01,VIL-006,Alibag,Raigad,Maharashtra,7.07,1.93,0.398,20.8,0.0,24.6,81.4,1,0,1,3.3,1.82,0.01826,0,0
2024-06-02,VIL-006,Alibag,Raigad,Maharashtra,6.35,1.18,0.359,4.6,0.0,25.6,89.6,6,1,3,0.0,1.74,0.06411,0,0
2024-06-03,VIL-006,Alibag,Raigad,Maharashtra,7.15,12.76,0.298,9.8,0.0,29.1,82.3,1,3,2,0.0,3.52,0.02759,25,0
2024-06-04,VIL-006,Alibag,Raigad,Maharashtra,7.02,0.2,0.398,103.3,0.0,29.1,98.6,2,3,4,0.0,3.41,0.00382,35,1
2024-06-05,VIL-006,Alibag,Raigad,Maharashtra,5.57,0.81,0.607,48.6,15.3,26.8,91.3,2,2,4,15.3,3.46,0.01224,0,0
2024-06-06,VIL-006,Alibag,Raigad,Maharashtra,6.26,0.73,0.432,14.1,6.3,27.8,83.9,2,1,2,21.6,3.17,0.02861,0,0
2024-06-07,VIL-006,Alibag,Raigad,Maharashtra,5.37,0.99,0.561,35.6,0.0,26.8,80.6,3,2,2,21.6,2.66,0.01533,0,0
2024-06-08,VIL-006,Alibag,Raigad,Maharashtra,6.89,0.59,0.32,5.9,0.0,27.0,89.8,3,1,0,6.3,2.47,0.04638,0,0
2024-06-09,VIL-006,Alibag,Raigad,Maharashtra,7.74,0.69,0.36,5.4,0.0,25.9,48.4,1,6,1,0.0,2.4,0.05625,20,0
2024-06-10,VIL-006,Alibag,Raigad,Maharashtra,5.97,0.67,0.394,123.9,0.0,26.0,69.2,2,1,3,0.0,0.67,0.00315,35,1
2024-06-11,VIL-006,Alibag,Raigad,Maharashtra,6.31,1.58,0.27,31.8,11.6,21.0,52.7,1,2,3,11.6,0.87,0.00823,0,0
2024-06-12,VIL-006,Alibag,Raigad,Maharashtra,7.0,1.11,0.395,23.3,0.0,28.1,83.0,3,2,2,11.6,0.91,0.01626,0,0
2024-06-13,VIL-006,Alibag,Raigad,Maharashtra,6.46,2.28,0.632,154.8,0.0,21.2,66.1,2,2,1,11.6,1.13,0.00406,35,1
2024-06-14,VIL-006,Alibag,Raigad,Maharashtra,6.46,1.62,0.664,26.5,0.0,32.0,99.0,0,3,2,0.0,1.22,0.02415,0,0
2024-06-15,VIL-006,Alibag,Raigad,Maharashtra,7.42,0.45,0.598,21.3,0.0,26.8,68.8,1,3,1,0.0,1.2,0.02682,0,0
2024-06-16,VIL-006,Alibag,Raigad,Maharashtra,6.8,3.72,0.405,16.6,59.3,28.5,76.3,2,1,6,59.3,1.63,0.02301,15,0
2024-06-17,VIL-006,Alibag,Raigad,Maharashtra,6.21,1.43,0.221,43.3,188.8,27.5,70.2,2,2,1,248.1,1.74,0.00499,15,0
2024-06-18,VIL-006,Alibag,Raigad,Maharashtra,5.85,0.37,0.79,42.5,29.0,28.0,69.1,1,1,2,277.1,1.57,0.01816,15,0
2024-06-19,VIL-006,Alibag,Raigad,Maharashtra,8.43,0.41,0.258,0.8,0.0,34.1,60.0,1,3,2,217.8,1.47,0.14333,15,0
2024-06-20,VIL-006,Alibag,Raigad,Maharashtra,7.78,3.57,0.624,55.2,4.7,23.6,59.6,0,2,2,33.7,1.65,0.0111,0,0
2024-06-21,VIL-006,Alibag,Raigad,Maharashtra,6.83,2.72,0.416,80.7,0.0,22.5,48.8,1,0,3,4.7,1.81,0.00509,0,0
2024-06-22,VIL-006,Alibag,Raigad,Maharashtra,7.15,1.58,0.164,49.8,0.0,29.5,81.5,0,1,3,4.7,1.97,0.00323,20,0
2024-06-23,VIL-006,Alibag,Raigad,Maharashtra,6.81,0.82,0.083,106.0,7.4,27.0,69.9,2,2,1,7.4,1.56,0.00078,70,2
2024-06-24,VIL-006,Alibag,Raigad,Maharashtra,7.41,1.38,0.6,16.8,0.0,30.4,98.2,0,2,2,7.4,1.55,0.03371,0,0
2024-06-25,VIL-006,Alibag,Raigad,Maharashtra,6.59,2.27,0.247,11.1,0.0,31.9,60.1,0,1,1,7.4,1.82,0.02041,0,0
2024-06-26,VIL-006,Alibag,Raigad,Maharashtra,6.77,4.74,0.123,62.1,0.0,24.6,92.7,1,1,3,0.0,2.44,0.00195,45,1
2024-06-27,VIL-006,Alibag,Raigad,Maharashtra,7.37,1.82,0.302,10.9,0.0,31.4,93.9,0,0,2,0.0,2.19,0.02538,0,0
2024-06-28,VIL-006,Alibag,Raigad,Maharashtra,7.97,0.73,0.349,5.0,0.0,24.9,90.3,1,1,0,0.0,1.91,0.05817,0,0
2024-06-29,VIL-006,Alibag,Raigad,Maharashtra,7.54,0.2,0.417,5.3,3.5,29.3,77.8,1,0,1,3.5,1.71,0.06619,0,0
2024-06-30,VIL-006,Alibag,Raigad,Maharashtra,7.84,0.43,0.407,76.1,12.2,24.1,70.9,1,2,2,15.7,1.65,0.00528,0,0
2024-07-01,VIL-006,Alibag,Raigad,Maharashtra,6.91,2.35,0.218,1.5,54.6,29.5,90.3,3,0,2,70.3,1.79,0.0872,15,0
2024-07-02,VIL-006,Alibag,Raigad,Maharashtra,6.73,0.39,0.35,17.8,42.3,28.9,65.5,3,0,1,109.1,1.52,0.01862,15,0
2024-07-03,VIL-006,Alibag,Raigad,Maharashtra,5.94,1.47,0.659,7.2,0.0,24.6,78.2,3,1,1,96.9,1.06,0.08037,15,0
2024-07-04,VIL-006,Alibag,Raigad,Maharashtra,7.14,2.69,0.161,73.1,6.1,23.6,74.5,2,0,0,48.4,1.18,0.00217,20,0
2024-07-05,VIL-006,Alibag,Raigad,Maharashtra,7.33,0.83,0.435,36.4,0.0,32.0,64.3,3,1,1,6.1,1.19,0.01163,0,0
2024-07-06,VIL-006,Alibag,Raigad,Maharashtra,6.92,2.48,0.16,12.0,0.0,27.2,78.3,1,1,0,6.1,1.52,0.01231,20,0
2024-07-07,VIL-006,Alibag,Raigad,Maharashtra,6.63,1.95,0.276,72.2,0.0,33.0,83.9,1,1,2,0.0,1.74,0.00377,0,0
2024-07-08,VIL-006,Alibag,Raigad,Maharashtra,7.85,1.29,0.554,72.2,0.0,26.8,63.8,2,3,0,0.0,1.59,0.00757,0,0
2024-07-09,VIL-006,Alibag,Raigad,Maharashtra,7.48,5.1,0.0,38.5,55.7,34.2,80.5,0,3,0,55.7,2.26,0.0,75,2
2024-07-10,VIL-006,Alibag,Raigad,Maharashtra,7.89,2.64,0.728,16.8,0.0,25.2,48.3,3,3,1,55.7,2.43,0.0409,15,0
2024-07-11,VIL-006,Alibag,Raigad,Maharashtra,6.53,1.0,0.117,45.9,0.0,34.9,62.4,1,2,0,55.7,2.18,0.00249,35,1
2024-07-12,VIL-006,Alibag,Raigad,Maharashtra,6.68,3.65,0.0,141.0,18.2,29.7,69.5,1,3,1,18.2,2.59,0.0,70,2
2024-07-13,VIL-006,Alibag,Raigad,Maharashtra,7.82,3.0,0.353,2.8,4.5,30.6,79.3,2,1,1,22.7,2.66,0.09289,0,0
2024-07-14,VIL-006,Alibag,Raigad,Maharashtra,7.07,3.51,0.273,16.1,24.4,25.0,85.4,0,1,1,47.1,2.88,0.01596,0,0
2024-07-15,VIL-006,Alibag,Raigad,Maharashtra,6.76,2.29,0.239,17.4,0.0,31.9,76.0,1,2,3,28.9,3.03,0.01299,0,0
2024-07-16,VIL-006,Alibag,Raigad,Maharashtra,6.8,1.07,0.465,52.0,4.5,32.1,81.8,0,0,3,28.9,2.45,0.00877,0,0
2024-07-17,VIL-006,Alibag,Raigad,Maharashtra,7.09,0.96,0.183,54.8,0.0,27.7,73.1,4,3,3,4.5,2.21,0.00328,20,0
2024-07-18,VIL-006,Alibag,Raigad,Maharashtra,7.7,2.38,0.453,12.0,0.0,20.5,79.9,0,1,2,4.5,2.41,0.03485,0,0
2024-07-19,VIL-006,Alibag,Raigad,Maharashtra,7.0,0.31,0.499,12.7,34.2,24.5,79.2,0,1,3,34.2,1.93,0.03642,0,0
2024-07-20,VIL-006,Alibag,Raigad,Maharashtra,7.57,3.84,0.103,137.0,0.0,24.5,68.9,4,2,1,34.2,2.05,0.00075,70,2
2024-07-21,VIL-006,Alibag,Raigad,Maharashtra,7.38,1.04,0.535,73.4,19.8,30.8,70.7,2,0,1,54.0,1.7,0.00719,15,0
2024-07-22,VIL-006,Alibag,Raigad,Maharashtra,6.57,2.23,0.489,141.6,24.6,27.1,82.2,2,1,2,44.4,1.69,0.00343,35,1
2024-07-23,VIL-006,Alibag,Raigad,Maharashtra,6.57,1.55,0.629,92.0,5.5,27.2,96.7,1,0,0,49.9,1.76,0.00676,0,0
2024-07-24,VIL-006,Alibag,Raigad,Maharashtra,6.83,1.64,0.351,26.7,0.0,26.7,89.5,0,4,3,30.1,1.86,0.01267,0,0
2024-07-25,VIL-006,Alibag,Raigad,Maharashtra,6.3,3.0,0.2,6.8,0.0,34.9,61.5,1,0,1,5.5,1.94,0.02564,0,0
2024-07-26,VIL-006,Alibag,Raigad,Maharashtra,6.79,2.21,0.576,51.6,12.4,29.2,61.5,3,0,1,12.4,2.22,0.01095,0,0
2024-07-27,VIL-006,Alibag,Raigad,Maharashtra,8.01,0.65,0.359,22.6,1.7,29.8,68.6,3,4,2,14.1,1.76,0.01521,0,0
2024-07-28,VIL-006,Alibag,Raigad,Maharashtra,7.08,0.2,0.678,28.8,0.0,26.5,76.2,0,2,0,14.1,1.64,0.02275,0,0
2024-07-29,VIL-006,Alibag,Raigad,Maharashtra,6.64,4.11,0.478,28.9,0.0,28.9,75.6,0,2,1,1.7,1.91,0.01599,25,0
2024-07-30,VIL-006,Alibag,Raigad,Maharashtra,8.25,4.84,0.345,143.4,1.9,25.1,89.9,0,1,0,1.9,2.38,0.00239,60,1
2024-07-31,VIL-006,Alibag,Raigad,Maharashtra,6.54,0.4,0.191,3.7,0.0,30.4,90.5,3,0,4,1.9,2.2,0.04064,20,0
2024-08-01,VIL-006,Alibag,Raigad,Maharashtra,6.52,0.83,0.331,11.2,0.0,24.4,75.1,5,1,0,1.9,1.89,0.02713,0,0
2024-08-02,VIL-006,Alibag,Raigad,Maharashtra,7.84,0.74,0.519,48.7,17.9,32.0,72.3,3,3,0,17.9,1.68,0.01044,0,0
2024-08-03,VIL-006,Alibag,Raigad,Maharashtra,7.5,6.21,0.079,111.9,18.4,26.1,81.2,2,3,4,36.3,2.48,0.0007,95,2
2024-08-04,VIL-006,Alibag,Raigad,Maharashtra,7.02,0.51,0.277,130.0,5.3,32.8,87.8,1,0,2,41.6,2.52,0.00211,35,1
2024-08-05,VIL-006,Alibag,Raigad,Maharashtra,7.6,0.41,0.059,42.5,0.0,36.6,81.6,2,0,2,23.7,1.99,0.00136,20,0
2024-08-06,VIL-006,Alibag,Raigad,Maharashtra,7.28,0.45,0.163,1.8,31.3,29.0,69.8,1,0,1,36.6,1.36,0.05821,20,0
2024-08-07,VIL-006,Alibag,Raigad,Maharashtra,6.39,2.93,0.24,23.4,0.0,34.2,67.7,3,3,0,31.3,1.73,0.00984,0,0
2024-08-08,VIL-006,Alibag,Raigad,Maharashtra,5.66,4.9,0.301,130.6,0.0,32.0,61.7,0,5,1,31.3,2.31,0.00229,60,1
2024-08-09,VIL-006,Alibag,Raigad,Maharashtra,6.76,1.12,0.414,36.0,0.0,23.3,77.3,0,3,3,0.0,2.36,0.01119,0,0
2024-08-10,VIL-006,Alibag,Raigad,Maharashtra,7.75,0.33,0.476,67.4,25.0,29.4,82.5,2,2,3,25.0,1.52,0.00696,0,0
2024-08-11,VIL-006,Alibag,Raigad,Maharashtra,6.84,1.97,0.599,16.3,0.0,31.0,83.8,2,1,0,25.0,1.73,0.03462,0,0
2024-08-12,VIL-006,Alibag,Raigad,Maharashtra,7.38,0.53,0.639,1.3,0.0,31.4,88.8,0,2,0,25.0,1.75,0.27783,0,0
2024-08-13,VIL-006,Alibag,Raigad,Maharashtra,7.21,0.2,0.563,44.9,0.0,29.7,92.8,3,1,0,0.0,1.71,0.01227,0,0
2024-08-14,VIL-006,Alibag,Raigad,Maharashtra,6.08,4.87,0.282,93.7,0.0,29.7,58.5,3,3,3,0.0,1.99,0.00298,25,0
2024-08-15,VIL-006,Alibag,Raigad,Maharashtra,6.86,4.58,0.392,240.9,0.0,29.0,79.9,3,0,5,0.0,1.94,0.00162,60,1
2024-08-16,VIL-006,Alibag,Raigad,Maharashtra,7.32,8.35,0.249,97.5,0.0,29.5,80.3,1,0,3,0.0,2.98,0.00253,25,0
2024-08-17,VIL-006,Alibag,Raigad,Maharashtra,6.63,1.44,0.395,42.0,0.0,24.1,74.1,1,2,2,0.0,3.13,0.00919,0,0
2024-08-18,VIL-006,Alibag,Raigad,Maharashtra,6.88,0.78,0.321,48.8,2.1,28.1,65.1,2,2,1,2.1,2.96,0.00645,0,0
2024-08-19,VIL-006,Alibag,Raigad,Maharashtra,7.34,3.29,0.144,90.4,0.0,23.2,92.3,1,0,2,2.1,3.36,0.00158,20,0
2024-08-20,VIL-006,Alibag,Raigad,Maharashtra,7.14,0.45,0.611,1.0,0.0,27.0,67.9,5,3,1,2.1,3.39,0.3055,0,0
2024-08-21,VIL-006,Alibag,Raigad,Maharashtra,7.73,0.62,0.657,157.5,6.4,26.6,48.7,2,3,3,6.4,2.79,0.00415,35,1
2024-08-22,VIL-006,Alibag,Raigad,Maharashtra,7.33,0.66,0.214,39.4,0.0,26.4,75.2,1,3,0,6.4,2.23,0.0053,0,0
2024-08-23,VIL-006,Alibag,Raigad,Maharashtra,6.53,6.78,0.444,158.0,0.0,24.8,72.1,0,1,0,6.4,2.0,0.00279,60,1
2024-08-24,VIL-006,Alibag,Raigad,Maharashtra,6.81,2.93,0.221,75.2,86.7,30.1,97.3,1,1,2,86.7,2.22,0.0029,15,0
2024-08-25,VIL-006,Alibag,Raigad,Maharashtra,7.11,0.32,0.336,8.6,0.0,27.7,80.9,4,2,2,86.7,2.15,0.035,15,0
2024-08-26,VIL-006,Alibag,Raigad,Maharashtra,7.9,0.22,0.254,9.4,5.2,27.3,71.3,2,1,0,91.9,1.71,0.02442,15,0
2024-08-27,VIL-006,Alibag,Raigad,Maharashtra,6.82,4.14,0.237,22.7,0.0,23.4,72.6,3,5,3,5.2,2.24,0.01,25,0
2024-08-28,VIL-006,Alibag,Raigad,Maharashtra,6.06,3.63,0.384,15.9,49.7,27.8,72.5,4,2,3,54.9,2.67,0.02272,15,0
2024-08-29,VIL-006,Alibag,Raigad,Maharashtra,7.36,2.49,0.023,30.1,0.0,33.6,99.0,2,1,3,49.7,2.93,0.00074,35,1
2024-08-30,VIL-006,Alibag,Raigad,Maharashtra,6.65,0.49,0.256,48.2,38.9,33.6,83.1,1,0,1,88.6,2.03,0.0052,15,0
2024-08-31,VIL-006,Alibag,Raigad,Maharashtra,6.33,1.47,1.073,29.8,27.8,30.5,58.1,3,1,1,66.7,1.82,0.03484,15,0
2024-09-01,VIL-006,Alibag,Raigad,Maharashtra,7.11,2.07,0.073,3.0,6.2,27.8,72.1,2,4,2,72.9,2.07,0.01825,35,1
2024-09-02,VIL-006,Alibag,Raigad,Maharashtra,7.68,6.03,0.282,193.2,0.0,31.2,74.7,0,2,1,34.0,2.9,0.00145,60,1
2024-09-03,VIL-006,Alibag,Raigad,Maharashtra,6.76,0.42,0.402,28.8,12.0,26.3,61.7,2,3,5,18.2,2.37,0.01349,0,0
2024-09-04,VIL-006,Alibag,Raigad,Maharashtra,7.4,1.62,0.318,99.0,0.0,27.8,53.6,2,4,2,12.0,2.08,0.00318,0,0
2024-09-05,VIL-006,Alibag,Raigad,Maharashtra,7.51,0.38,0.212,4.0,0.0,26.0,82.1,1,2,1,12.0,1.78,0.0424,0,0
2024-09-06,VIL-006,Alibag,Raigad,Maharashtra,7.58,1.31,0.524,86.4,0.0,32.6,65.3,3,1,0,0.0,1.9,0.006,0,0
2024-09-07,VIL-006,Alibag,Raigad,Maharashtra,6.66,0.5,0.377,9.9,0.0,32.1,90.0,2,3,1,0.0,1.76,0.03459,0,0
2024-09-08,VIL-006,Alibag,Raigad,Maharashtra,6.43,4.05,0.238,59.2,26.7,28.9,75.1,0,2,4,26.7,2.04,0.00395,25,0
2024-09-09,VIL-006,Alibag,Raigad,Maharashtra,6.51,0.66,0.504,56.4,9.5,35.9,69.3,1,0,2,36.2,1.28,0.00878,0,0
2024-09-10,VIL-006,Alibag,Raigad,Maharashtra,7.57,1.21,0.255,125.1,2.3,30.7,46.0,2,2,3,38.5,1.39,0.00202,35,1
2024-09-11,VIL-006,Alibag,Raigad,Maharashtra,7.5,1.17,0.193,20.1,0.0,30.4,89.7,2,2,4,11.8,1.33,0.00915,20,0
2024-09-12,VIL-006,Alibag,Raigad,Maharashtra,6.53,4.51,0.456,6.0,0.0,30.0,78.5,1,1,2,2.3,1.92,0.06514,25,0
2024-09-13,VIL-006,Alibag,Raigad,Maharashtra,8.38,3.18,0.115,104.0,31.9,24.0,69.6,1,3,1,31.9,2.18,0.0011,55,1
2024-09-14,VIL-006,Alibag,Raigad,Maharashtra,6.45,0.2,0.666,20.9,0.0,25.4,64.3,1,2,3,31.9,2.14,0.03041,0,0
2024-09-15,VIL-006,Alibag,Raigad,Maharashtra,7.7,0.2,0.623,13.8,2.6,28.8,94.2,2,0,2,34.5,1.59,0.04209,0,0
2024-09-16,VIL-006,Alibag,Raigad,Maharashtra,8.01,1.79,0.448,34.6,3.1,28.8,62.2,2,1,0,5.7,1.75,0.01258,0,0
2024-09-17,VIL-006,Alibag,Raigad,Maharashtra,7.17,1.25,0.245,8.2,0.0,31.4,70.6,3,2,2,5.7,1.76,0.02663,0,0
2024-09-18,VIL-006,Alibag,Raigad,Maharashtra,6.64,0.72,0.158,18.3,5.4,26.3,81.8,1,2,2,8.5,1.69,0.00819,20,0
2024-09-19,VIL-006,Alibag,Raigad,Maharashtra,6.65,3.52,0.0,25.3,0.0,29.3,92.4,1,1,1,5.4,1.55,0.0,35,1
2024-09-20,VIL-006,Alibag,Raigad,Maharashtra,6.94,0.31,0.641,16.9,0.0,29.4,72.4,1,1,3,5.4,1.14,0.03581,0,0
2024-09-21,VIL-006,Alibag,Raigad,Maharashtra,7.75,8.18,0.176,31.1,14.3,29.5,66.2,1,1,2,14.3,2.28,0.00548,45,1
2024-09-22,VIL-006,Alibag,Raigad,Maharashtra,6.38,0.2,0.414,25.2,0.0,29.1,73.7,2,2,0,14.3,2.28,0.0158,0,0
2024-09-23,VIL-006,Alibag,Raigad,Maharashtra,6.0,0.28,0.386,77.5,0.0,23.4,85.9,4,2,1,14.3,2.07,0.00492,0,0
2024-09-24,VIL-006,Alibag,Raigad,Maharashtra,7.32,0.84,0.049,130.3,17.3,20.0,88.6,1,3,2,17.3,2.01,0.00037,70,2
2024-09-25,VIL-006,Alibag,Raigad,Maharashtra,7.45,1.59,0.241,5.5,12.6,25.2,58.5,1,1,2,29.9,2.13,0.03708,0,0
2024-09-26,VIL-006,Alibag,Raigad,Maharashtra,8.28,0.55,0.146,90.1,7.3,26.9,76.4,0,1,1,37.2,1.71,0.0016,20,0
2024-09-27,VIL-006,Alibag,Raigad,Maharashtra,6.27,2.99,0.493,139.6,0.0,24.3,57.8,3,1,1,19.9,2.09,0.00351,35,1
2024-09-28,VIL-006,Alibag,Raigad,Maharashtra,7.02,0.99,0.501,60.3,0.0,28.8,85.6,1,1,1,7.3,1.06,0.00817,0,0
2024-09-29,VIL-006,Alibag,Raigad,Maharashtra,7.8,0.2,0.306,292.9,0.0,33.4,80.1,0,2,2,0.0,1.06,0.00104,35,1
2024-09-30,VIL-006,Alibag,Raigad,Maharashtra,7.17,4.71,0.198,21.2,0.0,31.9,63.9,4,4,2,0.0,1.7,0.00892,45,1
2024-10-01,VIL-006,Alibag,Raigad,Maharashtra,6.98,6.45,0.384,92.2,0.0,30.9,93.4,0,1,3,0.0,2.5,0.00412,25,0
2024-10-02,VIL-006,Alibag,Raigad,Maharashtra,7.57,2.16,0.549,58.2,9.8,32.9,79.0,2,1,1,9.8,2.58,0.00927,0,0
2024-10-03,VIL-006,Alibag,Raigad,Maharashtra,6.74,3.68,0.083,20.3,0.0,25.3,77.7,3,0,1,9.8,3.03,0.0039,20,0
2024-10-04,VIL-006,Alibag,Raigad,Maharashtra,7.61,0.29,0.73,63.4,29.8,27.2,72.9,1,3,1,39.6,2.64,0.01134,0,0
2024-10-05,VIL-006,Alibag,Raigad,Maharashtra,6.35,0.7,0.306,37.1,7.1,31.5,74.9,0,1,1,36.9,2.6,0.00803,0,0
2024-10-06,VIL-006,Alibag,Raigad,Maharashtra,6.19,0.88,0.329,10.9,0.0,27.1,70.4,3,0,2,36.9,2.7,0.02765,0,0
2024-10-07,VIL-006,Alibag,Raigad,Maharashtra,6.94,7.25,0.638,9.9,0.0,27.3,66.1,1,4,4,7.1,3.06,0.05853,25,0
2024-10-08,VIL-006,Alibag,Raigad,Maharashtra,5.56,1.61,0.34,65.0,0.0,36.4,89.7,2,0,1,0.0,2.37,0.00515,0,0
2024-10-09,VIL-006,Alibag,Raigad,Maharashtra,7.15,0.2,0.331,64.7,6.3,29.4,69.1,1,2,1,6.3,2.09,0.00504,0,0
2024-10-10,VIL-006,Alibag,Raigad,Maharashtra,6.06,1.07,0.186,39.3,0.0,36.1,68.7,2,3,0,6.3,1.71,0.00462,20,0
2024-10-11,VIL-006,Alibag,Raigad,Maharashtra,7.27,0.2,0.246,36.2,0.0,21.7,73.4,3,1,3,6.3,1.7,0.00661,0,0
2024-10-12,VIL-006,Alibag,Raigad,Maharashtra,7.21,0.61,0.223,10.3,0.0,26.5,92.1,1,0,1,0.0,1.69,0.01973,0,0
2024-10-13,VIL-006,Alibag,Raigad,Maharashtra,7.06,1.36,0.032,29.2,0.0,30.6,88.6,2,3,0,0.0,1.76,0.00106,20,0
2024-10-14,VIL-006,Alibag,Raigad,Maharashtra,7.36,0.88,0.0,106.7,7.7,29.4,70.3,1,1,4,7.7,0.85,0.0,70,2
2024-10-15,VIL-006,Alibag,Raigad,Maharashtra,7.22,0.2,0.308,100.3,0.0,20.8,89.7,0,2,0,7.7,0.65,0.00304,35,1
2024-10-16,VIL-006,Alibag,Raigad,Maharashtra,6.92,0.28,0.101,56.2,0.0,28.1,76.3,3,1,2,7.7,0.66,0.00177,20,0
2024-10-17,VIL-006,Alibag,Raigad,Maharashtra,8.2,1.79,0.467,308.7,0.0,38.9,64.9,0,2,3,0.0,0.76,0.00151,35,1
2024-10-18,VIL-006,Alibag,Raigad,Maharashtra,7.34,2.66,0.31,116.3,11.0,30.0,69.3,2,3,1,11.0,1.11,0.00264,35,1
2024-10-19,VIL-006,Alibag,Raigad,Maharashtra,7.56,1.16,0.063,8.2,8.1,31.4,91.5,3,1,0,19.1,1.19,0.00685,20,0
2024-10-20,VIL-006,Alibag,Raigad,Maharashtra,7.74,2.95,0.624,26.5,0.0,26.4,99.0,0,2,3,19.1,1.42,0.02269,0,0
2024-10-21,VIL-006,Alibag,Raigad,Maharashtra,7.5,0.4,0.273,7.4,15.6,30.0,78.8,3,1,1,23.7,1.35,0.0325,0,0
2024-10-22,VIL-006,Alibag,Raigad,Maharashtra,8.34,0.29,0.443,32.6,2.8,29.0,68.2,0,0,2,18.4,1.36,0.01318,0,0
2024-10-23,VIL-006,Alibag,Raigad,Maharashtra,7.2,4.1,0.646,77.9,4.3,33.5,73.5,3,3,1,22.7,1.91,0.00819,25,0
2024-10-24,VIL-006,Alibag,Raigad,Maharashtra,7.1,0.93,0.344,8.8,2.3,33.3,65.9,2,0,2,9.4,1.78,0.0351,0,0
2024-10-25,VIL-006,Alibag,Raigad,Maharashtra,6.71,1.27,0.353,110.4,13.2,30.6,67.6,2,2,3,19.8,1.59,0.00317,35,1
2024-10-26,VIL-006,Alibag,Raigad,Maharashtra,6.95,6.6,0.609,43.8,1.8,29.3,66.4,2,3,1,17.3,2.36,0.01359,25,0
2024-10-27,VIL-006,Alibag,Raigad,Maharashtra,6.66,1.24,0.297,71.9,0.0,22.3,74.0,2,0,2,15.0,2.12,0.00407,0,0
2024-10-28,VIL-006,Alibag,Raigad,Maharashtra,7.51,0.2,0.543,2.4,10.8,22.1,76.4,1,3,1,12.6,2.09,0.15971,0,0
2024-10-29,VIL-006,Alibag,Raigad,Maharashtra,6.55,6.23,0.337,5.1,0.0,29.3,73.2,0,0,0,10.8,2.94,0.05525,25,0
2024-10-30,VIL-006,Alibag,Raigad,Maharashtra,7.14,0.2,0.381,50.4,0.0,32.5,72.3,1,3,3,10.8,2.38,0.00741,0,0
2024-10-31,VIL-006,Alibag,Raigad,Maharashtra,7.44,2.43,0.378,94.7,0.0,34.3,84.1,2,2,0,0.0,2.6,0.00395,0,0
2024-11-01,VIL-006,Alibag,Raigad,Maharashtra,7.19,0.87,0.283,107.7,35.5,25.4,72.2,2,2,2,35.5,2.54,0.0026,35,1
2024-11-02,VIL-006,Alibag,Raigad,Maharashtra,6.56,1.42,0.254,60.6,0.0,23.0,73.0,1,2,3,35.5,1.8,0.00412,0,0
2024-11-03,VIL-006,Alibag,Raigad,Maharashtra,7.52,1.78,0.233,11.7,0.0,32.7,72.9,1,2,0,35.5,1.88,0.01835,0,0
2024-11-04,VIL-006,Alibag,Raigad,Maharashtra,7.05,1.18,0.117,11.3,13.5,25.7,93.5,2,1,3,13.5,2.02,0.00951,20,0
2024-11-05,VIL-006,Alibag,Raigad,Maharashtra,5.38,3.34,0.27,110.8,0.0,22.7,69.1,0,0,0,13.5,1.6,0.00242,35,1
2024-11-06,VIL-006,Alibag,Raigad,Maharashtra,6.51,5.98,0.302,6.2,52.8,27.0,82.2,1,1,3,66.3,2.43,0.04194,40,1
2024-11-07,VIL-006,Alibag,Raigad,Maharashtra,7.94,0.2,0.423,60.2,9.2,27.0,66.0,1,2,2,62.0,2.11,0.00691,15,0
2024-11-08,VIL-006,Alibag,Raigad,Maharashtra,7.99,3.61,0.333,39.7,0.0,34.3,79.2,1,2,2,62.0,2.5,0.00818,15,0
2024-11-09,VIL-006,Alibag,Raigad,Maharashtra,7.42,0.31,0.544,28.5,8.6,32.5,81.6,1,1,2,17.8,2.34,0.01844,0,0
2024-11-10,VIL-006,Alibag,Raigad,Maharashtra,7.57,0.2,0.536,30.2,0.0,26.1,88.0,1,1,2,8.6,2.12,0.01718,0,0
2024-11-11,VIL-006,Alibag,Raigad,Maharashtra,6.63,6.99,0.592,151.0,0.0,34.6,70.4,1,2,1,8.6,2.95,0.00389,60,1
2024-11-12,VIL-006,Alibag,Raigad,Maharashtra,6.94,1.51,0.314,102.8,27.6,29.5,61.6,2,0,0,27.6,2.69,0.00303,35,1
2024-11-13,VIL-006,Alibag,Raigad,Maharashtra,7.84,0.37,0.258,104.1,75.9,33.2,65.6,0,1,1,103.5,1.88,0.00245,50,1
2024-11-14,VIL-006,Alibag,Raigad,Maharashtra,7.36,1.89,0.104,27.1,0.0,34.3,86.6,0,1,2,103.5,2.13,0.0037,35,1
2024-11-15,VIL-006,Alibag,Raigad,Maharashtra,7.14,0.68,0.586,5.9,0.0,27.9,99.0,1,1,2,75.9,1.71,0.08493,15,0
2024-11-16,VIL-006,Alibag,Raigad,Maharashtra,6.99,1.4,0.142,319.1,0.0,31.3,85.0,4,1,1,0.0,1.86,0.00044,70,2
2024-11-17,VIL-006,Alibag,Raigad,Maharashtra,7.8,2.2,0.188,8.2,0.0,27.4,59.9,2,1,1,0.0,2.15,0.02043,20,0
2024-11-18,VIL-006,Alibag,Raigad,Maharashtra,7.77,4.56,0.391,37.7,0.0,32.7,84.6,1,1,2,0.0,1.8,0.0101,25,0
2024-11-19,VIL-006,Alibag,Raigad,Maharashtra,7.49,0.2,0.294,16.0,0.0,29.4,63.7,1,2,0,0.0,1.61,0.01729,0,0
2024-11-20,VIL-006,Alibag,Raigad,Maharashtra,7.14,0.54,0.611,37.2,11.2,32.8,70.8,1,0,1,11.2,1.64,0.01599,0,0
2024-11-21,VIL-006,Alibag,Raigad,Maharashtra,6.89,0.23,0.212,18.9,0.0,35.1,77.2,6,0,1,11.2,1.4,0.01065,0,0
2024-11-22,VIL-006,Alibag,Raigad,Maharashtra,7.52,0.23,0.355,118.1,0.0,31.2,79.3,1,1,1,11.2,1.34,0.00298,35,1
2024-11-23,VIL-006,Alibag,Raigad,Maharashtra,6.44,6.53,0.017,179.5,0.0,28.6,75.8,0,4,1,0.0,2.07,9e-05,95,2
2024-11-24,VIL-006,Alibag,Raigad,Maharashtra,6.56,6.16,0.572,27.4,44.5,28.7,67.8,1,2,1,44.5,2.64,0.02014,25,0
2024-11-25,VIL-006,Alibag,Raigad,Maharashtra,6.23,3.1,0.048,3.8,0.0,17.2,87.7,1,1,1,44.5,2.43,0.01,20,0
2024-11-26,VIL-006,Alibag,Raigad,Maharashtra,7.84,2.31,0.798,56.6,0.0,26.1,68.7,0,1,2,44.5,2.73,0.01385,0,0
2024-11-27,VIL-006,Alibag,Raigad,Maharashtra,6.67,4.22,0.329,24.6,7.9,32.7,90.1,2,1,0,7.9,3.25,0.01285,25,0
2024-11-28,VIL-006,Alibag,Raigad,Maharashtra,7.34,0.2,0.298,221.9,0.0,32.9,58.7,3,6,0,7.9,3.25,0.00134,55,1
2024-11-29,VIL-006,Alibag,Raigad,Maharashtra,7.02,0.29,0.344,4.9,0.0,26.1,77.6,1,1,1,7.9,3.26,0.05831,0,0
2024-11-30,VIL-006,Alibag,Raigad,Maharashtra,8.84,0.85,0.157,6.6,0.0,29.7,60.3,1,0,4,0.0,2.45,0.02066,20,0
2024-12-01,VIL-006,Alibag,Raigad,Maharashtra,7.37,4.0,0.468,62.5,0.0,28.2,65.0,1,1,2,0.0,2.14,0.00737,0,0
2024-12-02,VIL-006,Alibag,Raigad,Maharashtra,5.98,1.43,0.276,73.9,9.1,31.8,68.8,2,1,1,9.1,1.9,0.00368,0,0
2024-12-03,VIL-006,Alibag,Raigad,Maharashtra,7.81,1.57,0.294,33.1,0.0,37.8,93.2,2,0,1,9.1,1.79,0.00862,0,0
2024-12-04,VIL-006,Alibag,Raigad,Maharashtra,6.87,0.58,0.581,16.9,0.0,31.8,90.7,0,2,1,9.1,1.27,0.03246,0,0
2024-12-05,VIL-006,Alibag,Raigad,Maharashtra,6.98,2.34,0.04,19.3,0.0,26.3,85.5,2,3,6,0.0,1.58,0.00197,20,0
2024-12-06,VIL-006,Alibag,Raigad,Maharashtra,6.7,4.9,0.315,21.4,63.0,28.7,75.4,1,1,1,63.0,2.24,0.01406,40,1
2024-12-07,VIL-006,Alibag,Raigad,Maharashtra,7.22,0.9,0.33,13.3,0.0,34.6,77.3,3,1,0,63.0,2.25,0.02308,15,0
2024-12-08,VIL-006,Alibag,Raigad,Maharashtra,7.21,2.16,0.375,98.9,0.0,23.4,90.2,1,1,1,63.0,1.98,0.00375,15,0
2024-12-09,VIL-006,Alibag,Raigad,Maharashtra,6.71,0.9,0.25,3.5,0.4,26.5,83.4,1,2,1,0.4,1.91,0.05556,0,0
2024-12-10,VIL-006,Alibag,Raigad,Maharashtra,6.8,3.53,0.293,27.2,14.4,31.8,75.2,3,2,0,14.8,2.19,0.01039,0,0
2024-12-11,VIL-006,Alibag,Raigad,Maharashtra,7.16,1.44,0.683,71.6,0.0,34.2,92.8,1,0,2,14.8,2.31,0.00941,0,0
2024-12-12,VIL-006,Alibag,Raigad,Maharashtra,5.69,0.93,0.44,0.2,0.0,31.4,84.8,1,2,3,14.4,2.11,0.36667,0,0
2024-12-13,VIL-006,Alibag,Raigad,Maharashtra,6.24,1.22,0.21,109.4,76.2,26.6,77.9,2,1,1,76.2,1.58,0.0019,50,1
2024-12-14,VIL-006,Alibag,Raigad,Maharashtra,8.1,0.21,0.467,63.7,0.0,31.1,69.5,1,3,1,76.2,1.48,0.00722,15,0
2024-12-15,VIL-006,Alibag,Raigad,Maharashtra,7.3,4.5,0.358,4.0,9.6,30.7,68.4,0,1,1,85.8,1.82,0.0716,40,1
2024-12-16,VIL-006,Alibag,Raigad,Maharashtra,6.79,7.1,0.484,117.2,0.0,30.4,71.0,2,1,2,9.6,2.7,0.00409,60,1
2024-12-17,VIL-006,Alibag,Raigad,Maharashtra,6.08,1.45,0.313,34.7,2.2,28.6,80.5,1,3,2,11.8,2.41,0.00877,0,0
2024-12-18,VIL-006,Alibag,Raigad,Maharashtra,7.07,0.56,0.205,54.9,9.0,29.2,85.0,3,1,0,11.2,2.28,0.00367,0,0
2024-12-19,VIL-006,Alibag,Raigad,Maharashtra,7.69,2.45,0.05,111.1,0.0,25.4,57.7,1,1,2,11.2,2.5,0.00045,70,2
2024-12-20,VIL-006,Alibag,Raigad,Maharashtra,8.68,1.35,0.557,110.8,0.0,38.9,51.6,2,2,1,9.0,2.52,0.00498,35,1
2024-12-21,VIL-006,Alibag,Raigad,Maharashtra,8.24,0.65,0.473,27.3,0.0,29.6,63.6,1,1,3,0.0,2.58,0.01671,0,0
2024-12-22,VIL-006,Alibag,Raigad,Maharashtra,6.57,0.2,0.414,14.1,3.9,31.2,70.1,0,0,1,3.9,1.97,0.02742,0,0
2024-12-23,VIL-006,Alibag,Raigad,Maharashtra,6.8,4.94,0.467,15.5,0.0,28.1,89.4,0,2,1,3.9,1.66,0.0283,25,0
2024-12-24,VIL-006,Alibag,Raigad,Maharashtra,6.22,3.57,0.573,75.5,0.7,32.4,71.6,1,1,3,4.6,1.96,0.00749,0,0
2024-12-25,VIL-006,Alibag,Raigad,Maharashtra,6.6,3.96,0.047,137.9,6.9,23.8,78.1,4,3,1,7.6,2.45,0.00034,70,2
2024-12-26,VIL-006,Alibag,Raigad,Maharashtra,6.97,1.3,0.365,3.9,11.5,22.0,80.0,1,1,1,19.1,2.28,0.07449,0,0
2024-12-27,VIL-006,Alibag,Raigad,Maharashtra,6.88,3.13,0.024,0.8,1.4,28.9,62.7,3,2,2,19.8,2.54,0.01333,20,0
2024-12-28,VIL-006,Alibag,Raigad,Maharashtra,8.33,1.95,0.279,90.0,0.0,37.2,92.5,2,1,1,12.9,2.72,0.00307,0,0
2024-12-29,VIL-006,Alibag,Raigad,Maharashtra,6.31,1.05,0.409,25.4,6.7,33.8,67.0,3,0,0,8.1,2.84,0.01549,0,0
2024-12-30,VIL-006,Alibag,Raigad,Maharashtra,7.07,4.14,0.287,16.8,0.0,25.8,93.7,1,0,2,6.7,2.73,0.01612,25,0
2024-12-31,VIL-006,Alibag,Raigad,Maharashtra,5.86,14.99,0.667,10.9,0.0,31.1,73.5,1,1,1,6.7,4.36,0.05605,25,0
2025-01-01,VIL-006,Alibag,Raigad,Maharashtra,7.3,5.14,0.298,22.1,5.0,26.5,70.9,0,4,3,5.0,4.53,0.0129,25,0
2025-01-02,VIL-006,Alibag,Raigad,Maharashtra,6.29,3.35,0.211,185.0,0.0,30.7,61.7,0,1,1,5.0,4.82,0.00113,35,1
2025-01-03,VIL-006,Alibag,Raigad,Maharashtra,7.76,3.08,0.356,196.3,0.7,31.0,77.4,2,3,2,5.7,4.81,0.0018,35,1
2025-01-04,VIL-006,Alibag,Raigad,Maharashtra,6.93,2.35,0.164,20.9,0.0,32.7,99.0,3,2,1,0.7,4.87,0.00749,20,0
2025-01-05,VIL-006,Alibag,Raigad,Maharashtra,6.26,4.3,0.192,172.4,0.0,22.7,80.0,0,3,0,0.7,5.34,0.00111,80,2
2025-01-06,VIL-006,Alibag,Raigad,Maharashtra,5.84,1.52,0.519,18.5,0.0,23.9,78.2,1,1,0,0.0,4.96,0.02662,0,0
2025-01-07,VIL-006,Alibag,Raigad,Maharashtra,6.51,0.45,0.528,100.2,0.0,28.7,67.0,1,1,1,0.0,2.88,0.00522,35,1
2025-01-08,VIL-006,Alibag,Raigad,Maharashtra,7.24,3.27,0.378,12.4,9.3,24.9,82.1,1,0,4,9.3,2.62,0.02821,0,0
2025-01-09,VIL-006,Alibag,Raigad,Maharashtra,7.35,5.64,0.46,91.1,7.9,24.6,76.9,0,0,1,17.2,2.94,0.00499,25,0
2025-01-10,VIL-006,Alibag,Raigad,Maharashtra,6.8,0.94,0.726,22.7,0.0,30.1,74.2,2,2,3,17.2,2.64,0.03063,0,0
2025-01-11,VIL-006,Alibag,Raigad,Maharashtra,7.66,3.42,0.339,11.3,3.6,25.3,80.9,3,3,2,11.5,2.79,0.02756,0,0
2025-01-12,VIL-006,Alibag,Raigad,Maharashtra,6.42,0.72,0.194,142.0,0.0,38.0,53.2,0,0,3,3.6,2.28,0.00136,55,1
2025-01-13,VIL-006,Alibag,Raigad,Maharashtra,5.34,6.4,0.446,12.5,0.0,26.9,73.8,5,1,1,3.6,2.98,0.03304,25,0
2025-01-14,VIL-006,Alibag,Raigad,Maharashtra,7.27,2.58,0.5,250.0,55.8,27.9,60.6,1,1,1,55.8,3.28,0.00199,50,1
2025-01-15,VIL-006,Alibag,Raigad,Maharashtra,7.87,1.89,0.518,6.0,5.8,30.2,75.3,5,1,0,61.6,3.08,0.074,15,0
2025-01-16,VIL-006,Alibag,Raigad,Maharashtra,7.88,3.39,0.556,0.5,15.9,23.0,66.3,1,0,0,77.5,2.76,0.37067,15,0
2025-01-17,VIL-006,Alibag,Raigad,Maharashtra,6.32,3.76,0.529,106.4,0.0,31.0,67.1,2,2,2,21.7,3.17,0.00493,35,1
2025-01-18,VIL-006,Alibag,Raigad,Maharashtra,6.77,4.99,0.444,45.9,22.3,30.4,59.0,2,3,3,38.2,3.39,0.00947,25,0
2025-01-19,VIL-006,Alibag,Raigad,Maharashtra,7.53,5.18,0.464,28.5,0.0,27.6,88.4,1,0,0,22.3,4.03,0.01573,25,0
2025-01-20,VIL-006,Alibag,Raigad,Maharashtra,6.72,0.2,0.424,4.4,0.0,30.1,66.9,2,5,1,22.3,3.14,0.07852,0,0
2025-01-21,VIL-006,Alibag,Raigad,Maharashtra,7.16,0.29,0.064,44.5,47.4,30.7,67.5,2,1,1,47.4,2.81,0.00141,20,0
2025-01-22,VIL-006,Alibag,Raigad,Maharashtra,6.67,3.92,0.041,26.0,0.0,34.7,93.4,2,5,1,47.4,3.1,0.00152,20,0
2025-01-23,VIL-006,Alibag,Raigad,Maharashtra,6.45,6.54,0.16,34.4,0.0,39.0,81.8,2,1,0,47.4,3.55,0.00452,45,1
2025-01-24,VIL-006,Alibag,Raigad,Maharashtra,6.56,0.82,0.498,51.8,0.0,24.8,50.6,0,2,2,0.0,3.13,0.00943,0,0
2025-01-25,VIL-006,Alibag,Raigad,Maharashtra,7.67,0.2,0.271,53.1,0.0,23.8,91.6,3,2,3,0.0,2.45,0.00501,0,0
2025-01-26,VIL-006,Alibag,Raigad,Maharashtra,7.11,0.87,0.375,168.2,21.5,29.4,94.8,1,1,0,21.5,1.83,0.00222,35,1
2025-01-27,VIL-006,Alibag,Raigad,Maharashtra,7.86,1.08,0.631,55.3,0.0,20.7,93.7,1,2,5,21.5,1.96,0.01121,0,0
2025-01-28,VIL-006,Alibag,Raigad,Maharashtra,7.41,3.21,0.545,21.6,0.0,31.6,83.0,0,2,1,21.5,2.38,0.02412,0,0
2025-01-29,VIL-006,Alibag,Raigad,Maharashtra,8.06,0.2,0.0,20.8,6.2,29.5,61.8,1,2,5,6.2,1.85,0.0,35,1
2025-01-30,VIL-006,Alibag,Raigad,Maharashtra,7.59,0.54,0.481,33.7,0.0,30.5,74.4,3,2,1,6.2,0.99,0.01386,0,0
2025-01-31,VIL-006,Alibag,Raigad,Maharashtra,7.56,5.03,0.36,15.6,0.0,27.8,57.6,2,0,2,6.2,1.59,0.02169,25,0
2025-02-01,VIL-006,Alibag,Raigad,Maharashtra,7.03,0.38,0.232,24.6,0.0,30.0,64.6,3,3,2,0.0,1.62,0.00906,0,0
2025-02-02,VIL-006,Alibag,Raigad,Maharashtra,8.91,3.19,0.291,96.0,24.6,30.9,61.7,2,1,1,24.6,1.95,0.003,0,0
2025-02-03,VIL-006,Alibag,Raigad,Maharashtra,7.17,1.0,0.294,102.1,0.0,29.8,67.5,0,1,2,24.6,1.94,0.00285,35,1
2025-02-04,VIL-006,Alibag,Raigad,Maharashtra,5.92,2.43,0.114,51.4,16.5,23.6,77.0,0,0,2,41.1,1.82,0.00218,20,0
2025-02-05,VIL-006,Alibag,Raigad,Maharashtra,7.26,0.2,0.394,45.5,0.0,29.7,69.7,0,1,2,16.5,1.82,0.00847,0,0
2025-02-06,VIL-006,Alibag,Raigad,Maharashtra,6.51,0.76,0.742,29.0,0.0,36.4,69.1,1,3,2,16.5,1.86,0.02473,0,0
2025-02-07,VIL-006,Alibag,Raigad,Maharashtra,7.71,1.24,0.533,52.5,0.0,30.0,71.5,1,2,0,0.0,1.31,0.00996,0,0
2025-02-08,VIL-006,Alibag,Raigad,Maharashtra,7.54,4.36,0.0,85.3,0.0,29.5,93.0,1,3,3,0.0,1.88,0.0,60,1
2025-02-09,VIL-006,Alibag,Raigad,Maharashtra,6.99,1.86,0.402,69.6,7.7,35.2,99.0,4,2,1,7.7,1.69,0.00569,0,0
2025-02-10,VIL-006,Alibag,Raigad,Maharashtra,6.57,0.2,0.402,1.9,3.9,26.0,69.6,1,0,1,11.6,1.58,0.13862,0,0
2025-02-11,VIL-006,Alibag,Raigad,Maharashtra,7.19,3.63,0.171,68.3,16.3,32.6,79.0,1,0,0,27.9,1.75,0.00247,20,0
2025-02-12,VIL-006,Alibag,Raigad,Maharashtra,6.72,0.2,0.132,66.2,29.8,26.9,64.9,1,0,1,50.0,1.75,0.00196,20,0
2025-02-13,VIL-006,Alibag,Raigad,Maharashtra,7.57,6.1,0.512,5.4,0.0,33.3,84.2,3,1,3,46.1,2.51,0.08,25,0
2025-02-14,VIL-006,Alibag,Raigad,Maharashtra,7.43,0.53,0.369,8.5,0.0,32.2,69.3,1,1,2,29.8,2.41,0.03884,0,0
2025-02-15,VIL-006,Alibag,Raigad,Maharashtra,8.86,1.5,0.264,80.6,32.8,27.4,66.5,2,1,3,32.8,2.0,0.00324,0,0
2025-02-16,VIL-006,Alibag,Raigad,Maharashtra,6.83,0.2,0.458,42.6,0.0,27.9,99.0,2,4,2,32.8,1.77,0.0105,0,0
2025-02-17,VIL-006,Alibag,Raigad,Maharashtra,6.92,1.85,0.731,89.6,0.0,32.9,58.7,2,1,0,32.8,2.0,0.00807,0,0
2025-02-18,VIL-006,Alibag,Raigad,Maharashtra,7.01,1.54,0.396,10.6,5.4,21.6,45.6,3,1,0,5.4,1.7,0.03414,0,0
2025-02-19,VIL-006,Alibag,Raigad,Maharashtra,7.03,1.18,0.402,1.6,49.6,27.2,83.8,3,1,0,55.0,1.84,0.15462,15,0
2025-02-20,VIL-006,Alibag,Raigad,Maharashtra,7.72,0.2,0.346,9.2,0.0,31.5,70.6,0,3,1,55.0,1.0,0.03392,15,0
2025-02-21,VIL-006,Alibag,Raigad,Maharashtra,6.93,4.73,0.279,31.3,15.0,27.8,67.2,2,1,1,64.6,1.6,0.00864,40,1
2025-02-22,VIL-006,Alibag,Raigad,Maharashtra,8.28,3.63,0.497,38.5,0.0,29.5,99.0,2,2,1,15.0,1.9,0.01258,0,0
2025-02-23,VIL-006,Alibag,Raigad,Maharashtra,7.45,2.25,0.315,101.4,0.0,20.8,83.8,0,2,4,15.0,2.2,0.00308,35,1
2025-02-24,VIL-006,Alibag,Raigad,Maharashtra,6.81,1.9,0.44,65.5,0.0,25.6,74.3,1,2,1,0.0,2.2,0.00662,0,0
2025-02-25,VIL-006,Alibag,Raigad,Maharashtra,6.66,2.66,0.62,241.5,22.2,31.7,66.5,2,3,1,22.2,2.36,0.00256,35,1
2025-02-26,VIL-006,Alibag,Raigad,Maharashtra,7.72,0.35,0.484,4.3,0.0,26.0,80.3,0,3,1,22.2,2.25,0.09132,0,0
2025-02-27,VIL-006,Alibag,Raigad,Maharashtra,7.12,6.04,0.121,7.3,0.0,23.8,54.2,1,0,3,22.2,3.08,0.01458,45,1
2025-02-28,VIL-006,Alibag,Raigad,Maharashtra,7.11,0.75,0.11,4.6,0.8,33.2,68.8,2,2,1,0.8,2.51,0.01964,20,0
2025-03-01,VIL-006,Alibag,Raigad,Maharashtra,6.74,2.39,0.576,40.2,2.8,31.1,74.6,4,2,2,3.6,2.33,0.01398,0,0
2025-03-02,VIL-006,Alibag,Raigad,Maharashtra,7.06,2.09,0.33,16.1,0.0,24.6,77.6,3,0,2,3.6,2.31,0.0193,0,0
2025-03-03,VIL-006,Alibag,Raigad,Maharashtra,6.72,2.27,0.397,59.8,0.0,29.6,73.3,6,1,2,2.8,2.36,0.00653,0,0
2025-03-04,VIL-006,Alibag,Raigad,Maharashtra,7.92,4.73,0.207,7.4,0.0,24.8,66.7,2,2,3,0.0,2.66,0.02464,25,0
2025-03-05,VIL-006,Alibag,Raigad,Maharashtra,7.53,0.79,0.461,5.7,0.0,28.4,86.0,3,0,3,0.0,2.72,0.06881,0,0
2025-03-06,VIL-006,Alibag,Raigad,Maharashtra,7.0,3.1,0.69,32.1,0.0,29.7,55.2,1,1,0,0.0,2.3,0.02085,0,0
2025-03-07,VIL-006,Alibag,Raigad,Maharashtra,6.99,2.04,0.377,24.5,1.1,25.8,71.7,2,2,2,1.1,2.49,0.01478,0,0
2025-03-08,VIL-006,Alibag,Raigad,Maharashtra,7.16,0.2,0.467,91.9,0.0,32.0,68.8,1,4,2,1.1,2.17,0.00503,0,0
2025-03-09,VIL-006,Alibag,Raigad,Maharashtra,7.1,1.2,0.574,94.5,13.3,32.6,87.1,1,3,0,14.4,2.05,0.00601,0,0
2025-03-10,VIL-006,Alibag,Raigad,Maharashtra,6.53,4.08,0.652,6.5,6.6,30.1,69.5,2,6,1,19.9,2.31,0.08693,45,1
2025-03-11,VIL-006,Alibag,Raigad,Maharashtra,5.96,0.85,0.228,87.0,0.0,30.7,80.3,3,2,2,19.9,1.75,0.00259,0,0
2025-03-12,VIL-006,Alibag,Raigad,Maharashtra,6.62,1.47,0.424,43.2,0.0,23.2,79.0,4,3,0,6.6,1.85,0.00959,0,0
2025-03-13,VIL-006,Alibag,Raigad,Maharashtra,7.02,1.5,0.58,36.4,0.0,34.4,53.0,3,1,1,0.0,1.62,0.01551,0,0
2025-03-14,VIL-006,Alibag,Raigad,Maharashtra,6.66,2.16,0.63,5.2,23.1,28.6,74.2,0,2,2,23.1,1.64,0.10161,0,0
2025-03-15,VIL-006,Alibag,Raigad,Maharashtra,7.59,4.83,0.274,70.0,10.6,25.3,54.1,1,1,4,33.7,2.3,0.00386,25,0
2025-03-16,VIL-006,Alibag,Raigad,Maharashtra,6.96,0.43,0.229,3.2,0.0,29.6,79.2,0,1,3,33.7,2.19,0.05452,0,0
2025-03-17,VIL-006,Alibag,Raigad,Maharashtra,8.22,1.57,0.322,16.9,21.8,32.0,66.2,3,2,6,32.4,1.83,0.01799,0,0
2025-03-18,VIL-006,Alibag,Raigad,Maharashtra,6.76,1.24,0.292,5.2,48.1,31.0,89.2,2,3,2,69.9,1.89,0.0471,15,0
2025-03-19,VIL-006,Alibag,Raigad,Maharashtra,7.18,0.79,0.3,39.3,0.0,24.7,72.8,3,4,3,69.9,1.79,0.00744,15,0
2025-03-20,VIL-006,Alibag,Raigad,Maharashtra,6.93,5.65,0.424,53.9,10.9,32.0,65.8,0,3,1,59.0,2.38,0.00772,40,1
2025-03-21,VIL-006,Alibag,Raigad,Maharashtra,7.36,0.2,0.253,115.2,0.0,28.8,89.4,3,0,2,10.9,2.1,0.00218,35,1
2025-03-22,VIL-006,Alibag,Raigad,Maharashtra,7.74,0.29,0.631,68.8,0.0,31.0,64.5,4,1,1,10.9,1.45,0.00904,0,0
2025-03-23,VIL-006,Alibag,Raigad,Maharashtra,7.46,2.96,0.277,168.8,0.0,25.8,85.7,1,0,1,0.0,1.81,0.00163,35,1
2025-03-24,VIL-006,Alibag,Raigad,Maharashtra,5.88,0.68,0.242,74.4,0.0,33.2,80.6,0,3,2,0.0,1.69,0.00321,0,0
2025-03-25,VIL-006,Alibag,Raigad,Maharashtra,7.4,2.88,0.139,18.4,17.3,29.7,70.6,4,2,3,17.3,1.92,0.00716,20,0
2025-03-26,VIL-006,Alibag,Raigad,Maharashtra,6.49,4.0,0.576,41.2,0.0,33.8,59.0,0,3,4,17.3,2.38,0.01365,0,0
2025-03-27,VIL-006,Alibag,Raigad,Maharashtra,6.91,0.66,0.117,31.8,91.0,22.9,89.9,5,0,3,108.3,1.67,0.00357,35,1
2025-03-28,VIL-006,Alibag,Raigad,Maharashtra,7.51,0.48,0.432,43.4,3.2,23.4,81.0,0,3,0,94.2,1.71,0.00973,15,0
2025-03-29,VIL-006,Alibag,Raigad,Maharashtra,6.43,0.35,0.475,44.1,0.0,28.0,65.7,1,4,1,94.2,1.72,0.01053,15,0
2025-03-30,VIL-006,Alibag,Raigad,Maharashtra,7.79,0.5,0.0,63.0,15.6,34.9,77.9,3,1,0,18.8,1.36,0.0,35,1
2025-03-31,VIL-006,Alibag,Raigad,Maharashtra,6.89,0.7,0.114,4.5,11.1,36.9,87.1,1,0,3,26.7,1.37,0.02073,20,0
2025-04-01,VIL-006,Alibag,Raigad,Maharashtra,8.4,4.55,0.282,71.4,68.4,25.4,76.3,2,4,2,95.1,1.61,0.0039,40,1
2025-04-02,VIL-006,Alibag,Raigad,Maharashtra,7.14,3.29,0.691,8.1,34.2,29.2,77.9,3,0,3,113.7,1.5,0.07593,15,0
2025-04-03,VIL-006,Alibag,Raigad,Maharashtra,8.12,0.2,0.282,1.4,0.0,29.6,87.4,1,5,0,102.6,1.44,0.1175,15,0
2025-04-04,VIL-006,Alibag,Raigad,Maharashtra,7.82,4.64,0.259,38.0,0.0,31.9,93.4,0,0,3,34.2,2.03,0.00664,25,0
2025-04-05,VIL-006,Alibag,Raigad,Maharashtra,6.73,0.2,0.215,45.3,0.0,32.5,73.6,0,1,4,0.0,2.01,0.00464,0,0
2025-04-06,VIL-006,Alibag,Raigad,Maharashtra,6.32,2.39,0.212,1.8,0.0,24.5,59.0,1,3,1,0.0,2.28,0.07571,0,0
2025-04-07,VIL-006,Alibag,Raigad,Maharashtra,7.17,0.37,0.236,37.7,5.2,29.3,59.4,3,1,0,5.2,2.23,0.0061,0,0
2025-04-08,VIL-006,Alibag,Raigad,Maharashtra,6.75,0.2,0.229,39.8,10.8,21.0,66.7,1,2,4,16.0,1.61,0.00561,0,0
2025-04-09,VIL-006,Alibag,Raigad,Maharashtra,8.05,3.19,0.221,2.8,4.3,32.2,63.8,1,3,0,20.3,1.6,0.05816,0,0
2025-04-10,VIL-006,Alibag,Raigad,Maharashtra,6.95,1.41,0.221,64.7,0.0,27.6,54.8,1,1,5,15.1,1.77,0.00336,0,0
2025-04-11,VIL-006,Alibag,Raigad,Maharashtra,6.92,2.05,0.281,12.3,0.0,24.2,97.2,1,0,0,4.3,1.4,0.02113,0,0
2025-04-12,VIL-006,Alibag,Raigad,Maharashtra,6.26,1.24,0.521,82.3,0.0,30.3,81.3,3,0,1,0.0,1.55,0.00625,0,0
2025-04-13,VIL-006,Alibag,Raigad,Maharashtra,7.35,0.2,0.148,19.4,0.0,27.5,68.7,2,1,3,0.0,1.24,0.00725,20,0
2025-04-14,VIL-006,Alibag,Raigad,Maharashtra,6.4,3.01,0.234,33.8,0.4,34.0,74.6,4,3,1,0.4,1.61,0.00672,0,0
2025-04-15,VIL-006,Alibag,Raigad,Maharashtra,7.37,3.85,0.256,115.7,13.1,25.4,53.6,1,1,2,13.5,2.14,0.00219,35,1
2025-04-16,VIL-006,Alibag,Raigad,Maharashtra,7.45,0.2,0.35,85.3,0.0,37.9,88.9,0,1,3,13.5,1.71,0.00406,0,0
2025-04-17,VIL-006,Alibag,Raigad,Maharashtra,6.65,1.06,0.213,79.2,0.0,32.4,51.6,4,1,1,13.1,1.66,0.00266,0,0
2025-04-18,VIL-006,Alibag,Raigad,Maharashtra,7.67,1.83,0.724,9.1,25.8,34.2,81.1,0,1,0,25.8,1.63,0.07168,0,0
2025-04-19,VIL-006,Alibag,Raigad,Maharashtra,6.94,2.08,0.455,2.6,0.0,24.9,52.9,0,3,0,25.8,1.75,0.12639,0,0
2025-04-20,VIL-006,Alibag,Raigad,Maharashtra,6.22,1.93,0.525,48.4,0.0,36.2,70.0,4,2,1,25.8,1.99,0.01063,0,0
2025-04-21,VIL-006,Alibag,Raigad,Maharashtra,8.03,2.64,0.393,27.5,0.0,24.1,89.9,2,4,3,0.0,1.94,0.01379,0,0
2025-04-22,VIL-006,Alibag,Raigad,Maharashtra,6.55,7.63,0.603,124.7,0.0,28.2,55.4,2,1,1,0.0,2.48,0.0048,60,1
2025-04-23,VIL-006,Alibag,Raigad,Maharashtra,7.4,1.11,0.144,22.4,0.0,34.2,73.2,2,0,1,0.0,2.61,0.00615,20,0
2025-04-24,VIL-006,Alibag,Raigad,Maharashtra,7.36,1.82,0.25,27.5,4.8,31.0,82.5,3,4,1,4.8,2.72,0.00877,0,0
2025-04-25,VIL-006,Alibag,Raigad,Maharashtra,7.33,2.69,0.203,38.8,2.3,24.0,80.6,0,0,1,7.1,2.84,0.0051,0,0
2025-04-26,VIL-006,Alibag,Raigad,Maharashtra,7.32,2.01,0.319,82.8,6.3,33.5,75.8,1,0,3,13.4,2.83,0.00381,0,0
2025-04-27,VIL-006,Alibag,Raigad,Maharashtra,6.52,1.1,0.635,16.2,11.0,30.4,80.9,1,4,2,19.6,2.71,0.03692,0,0
2025-04-28,VIL-006,Alibag,Raigad,Maharashtra,8.11,2.19,0.746,147.9,0.0,27.3,67.7,1,2,4,17.3,2.65,0.00501,35,1
2025-04-29,VIL-006,Alibag,Raigad,Maharashtra,7.67,2.35,0.522,40.4,15.7,22.8,98.2,0,2,1,26.7,1.9,0.01261,0,0
2025-04-30,VIL-006,Alibag,Raigad,Maharashtra,7.39,1.97,0.332,95.6,0.0,30.7,55.7,3,2,0,15.7,2.02,0.00344,0,0
2025-05-01,VIL-006,Alibag,Raigad,Maharashtra,6.3,0.51,0.552,38.8,0.0,28.3,88.9,4,3,4,15.7,1.83,0.01387,0,0
2025-05-02,VIL-006,Alibag,Raigad,Maharashtra,6.51,1.58,0.617,76.9,0.0,29.6,77.3,0,0,0,0.0,1.67,0.00792,0,0
2025-05-03,VIL-006,Alibag,Raigad,Maharashtra,7.49,4.83,0.562,2.7,0.0,22.7,82.4,3,1,0,0.0,2.08,0.15189,25,0
2025-05-04,VIL-006,Alibag,Raigad,Maharashtra,5.9,4.55,0.326,83.5,0.0,27.3,84.5,4,1,4,0.0,2.57,0.00386,25,0
2025-05-05,VIL-006,Alibag,Raigad,Maharashtra,7.3,3.11,0.331,38.6,0.0,30.9,81.7,1,1,2,0.0,2.7,0.00836,0,0
2025-05-06,VIL-006,Alibag,Raigad,Maharashtra,6.3,2.68,0.232,31.0,0.0,36.5,65.3,1,0,2,0.0,2.75,0.00725,0,0
2025-05-07,VIL-006,Alibag,Raigad,Maharashtra,6.58,0.37,0.306,6.2,15.8,28.2,71.6,0,3,2,15.8,2.52,0.0425,0,0
2025-05-08,VIL-006,Alibag,Raigad,Maharashtra,6.25,1.38,0.206,70.4,39.3,34.8,57.6,2,4,3,55.1,2.64,0.00289,15,0
2025-05-09,VIL-006,Alibag,Raigad,Maharashtra,7.25,0.26,0.338,7.3,0.0,32.1,71.4,3,0,0,55.1,2.45,0.04072,15,0
2025-05-10,VIL-006,Alibag,Raigad,Maharashtra,7.77,3.81,0.346,11.1,36.4,29.9,78.9,1,3,1,75.7,2.31,0.0286,15,0
2025-05-11,VIL-006,Alibag,Raigad,Maharashtra,7.31,0.77,0.195,7.0,0.0,25.0,82.3,3,4,1,36.4,1.77,0.02438,20,0
2025-05-12,VIL-006,Alibag,Raigad,Maharashtra,7.37,3.26,0.833,0.3,0.0,25.1,79.7,0,1,1,36.4,1.79,0.64077,0,0
2025-05-13,VIL-006,Alibag,Raigad,Maharashtra,7.2,3.77,0.403,56.4,0.0,31.5,53.9,1,1,0,0.0,1.95,0.00702,0,0
2025-05-14,VIL-006,Alibag,Raigad,Maharashtra,7.51,5.0,0.583,16.4,0.0,26.9,68.3,4,0,3,0.0,2.61,0.03351,25,0
2025-05-15,VIL-006,Alibag,Raigad,Maharashtra,7.38,3.14,0.566,8.4,10.7,26.5,67.1,1,2,4,10.7,2.86,0.06021,0,0
2025-05-16,VIL-006,Alibag,Raigad,Maharashtra,5.47,1.86,0.7,20.1,27.0,28.3,59.3,0,3,0,37.7,3.09,0.03318,0,0
2025-05-17,VIL-006,Alibag,Raigad,Maharashtra,7.64,2.04,0.187,35.9,0.0,28.3,65.0,2,1,3,37.7,2.83,0.00507,20,0
2025-05-18,VIL-006,Alibag,Raigad,Maharashtra,7.58,0.87,0.252,36.4,0.0,32.6,75.0,1,3,4,27.0,2.85,0.00674,0,0
2025-05-19,VIL-006,Alibag,Raigad,Maharashtra,6.88,0.44,0.023,23.8,0.0,27.0,92.0,4,0,1,0.0,2.45,0.00093,35,1
2025-05-20,VIL-006,Alibag,Raigad,Maharashtra,5.92,0.31,0.059,35.5,0.0,32.2,63.6,2,1,1,0.0,1.95,0.00162,20,0
2025-05-21,VIL-006,Alibag,Raigad,Maharashtra,7.25,0.45,0.168,29.0,0.0,30.8,61.5,0,4,0,0.0,1.3,0.0056,20,0
2025-05-22,VIL-006,Alibag,Raigad,Maharashtra,7.3,6.09,0.323,89.9,0.0,22.3,67.8,0,1,2,0.0,1.72,0.00355,25,0
2025-05-23,VIL-006,Alibag,Raigad,Maharashtra,6.84,0.4,0.333,1.6,0.3,30.2,79.0,2,0,3,0.3,1.51,0.12808,0,0
2025-05-24,VIL-006,Alibag,Raigad,Maharashtra,7.21,2.88,0.922,105.3,0.0,18.3,89.7,0,2,1,0.3,1.63,0.00867,35,1
2025-05-25,VIL-006,Alibag,Raigad,Maharashtra,7.74,0.46,0.441,14.5,0.0,25.4,74.0,1,1,3,0.3,1.58,0.02845,0,0
2025-05-26,VIL-006,Alibag,Raigad,Maharashtra,8.54,8.29,0.525,66.5,0.4,30.9,57.6,2,4,0,0.4,2.7,0.00778,25,0
2025-05-27,VIL-006,Alibag,Raigad,Maharashtra,7.19,1.02,0.376,27.0,0.0,29.0,60.2,3,2,1,0.4,2.8,0.01343,0,0
2025-05-28,VIL-006,Alibag,Raigad,Maharashtra,7.3,1.19,0.114,18.1,0.0,21.9,77.3,4,0,4,0.4,2.9,0.00597,20,0
2025-05-29,VIL-006,Alibag,Raigad,Maharashtra,6.61,1.16,0.403,49.7,12.9,24.5,86.9,1,0,1,12.9,2.2,0.00795,0,0
2025-05-30,VIL-006,Alibag,Raigad,Maharashtra,6.8,3.8,0.059,76.2,0.0,18.6,96.8,3,2,0,12.9,2.69,0.00076,35,1
2025-05-31,VIL-006,Alibag,Raigad,Maharashtra,7.02,0.55,0.318,31.1,14.0,23.6,60.8,1,0,2,26.9,2.35,0.00991,0,0
2025-06-01,VIL-006,Alibag,Raigad,Maharashtra,7.81,3.98,0.467,32.7,0.0,31.3,76.7,6,1,1,14.0,2.86,0.01386,0,0
2025-06-02,VIL-006,Alibag,Raigad,Maharashtra,7.59,2.4,0.244,3.2,0.0,26.8,62.6,1,2,4,14.0,2.01,0.0581,0,0
2025-06-03,VIL-006,Alibag,Raigad,Maharashtra,8.26,0.56,0.385,134.0,0.0,29.7,64.2,4,3,2,0.0,1.95,0.00285,35,1
2025-06-04,VIL-006,Alibag,Raigad,Maharashtra,6.21,0.2,0.242,97.6,21.7,29.1,63.2,1,4,0,21.7,1.81,0.00245,0,0
2025-06-05,VIL-006,Alibag,Raigad,Maharashtra,6.31,3.34,0.151,26.4,77.9,29.1,71.0,1,1,0,99.6,2.12,0.00551,35,1
2025-06-06,VIL-006,Alibag,Raigad,Maharashtra,7.76,0.55,0.438,75.3,0.0,33.1,64.4,4,3,2,99.6,1.65,0.00574,15,0
2025-06-07,VIL-006,Alibag,Raigad,Maharashtra,7.97,4.93,0.538,19.5,14.5,28.2,99.0,2,1,0,92.4,2.28,0.02624,40,1
2025-06-08,VIL-006,Alibag,Raigad,Maharashtra,7.12,0.31,0.538,68.2,1.6,32.6,69.5,1,6,1,16.1,1.76,0.00777,20,0
2025-06-09,VIL-006,Alibag,Raigad,Maharashtra,4.42,2.15,0.307,37.8,8.2,19.1,86.9,2,1,2,24.3,1.72,0.00791,0,0
2025-06-10,VIL-006,Alibag,Raigad,Maharashtra,6.65,2.64,0.0,32.1,0.0,33.4,67.1,4,4,3,9.8,2.02,0.0,35,1
2025-06-11,VIL-006,Alibag,Raigad,Maharashtra,7.3,2.4,0.366,3.0,6.7,23.8,99.0,1,1,4,14.9,2.33,0.0915,0,0
2025-06-12,VIL-006,Alibag,Raigad,Maharashtra,6.56,0.85,0.578,175.0,0.0,24.7,79.1,1,1,1,6.7,1.98,0.00328,35,1
2025-06-13,VIL-006,Alibag,Raigad,Maharashtra,7.21,4.67,0.113,94.5,0.0,26.2,85.0,4,4,3,6.7,2.56,0.00118,45,1
2025-06-14,VIL-006,Alibag,Raigad,Maharashtra,8.24,3.29,0.671,82.0,0.0,33.3,67.9,2,2,1,0.0,2.33,0.00808,0,0
2025-06-15,VIL-006,Alibag,Raigad,Maharashtra,7.96,1.6,0.0,18.9,0.0,25.4,86.7,2,1,6,0.0,2.51,0.0,35,1
2025-06-16,VIL-006,Alibag,Raigad,Maharashtra,7.59,2.07,0.421,17.8,6.6,26.4,79.0,1,2,1,6.6,2.5,0.02239,0,0
2025-06-17,VIL-006,Alibag,Raigad,Maharashtra,7.06,1.87,0.499,44.3,0.0,25.2,70.5,1,4,4,6.6,2.39,0.01102,0,0
2025-06-18,VIL-006,Alibag,Raigad,Maharashtra,6.8,6.57,0.614,97.4,6.3,30.0,62.0,2,1,1,12.9,2.99,0.00624,25,0
2025-06-19,VIL-006,Alibag,Raigad,Maharashtra,7.55,5.08,0.433,141.8,0.0,32.0,72.1,2,1,1,6.3,3.59,0.00303,60,1
2025-06-20,VIL-006,Alibag,Raigad,Maharashtra,7.12,0.6,0.291,16.3,0.0,35.8,71.1,3,4,4,6.3,3.01,0.01682,0,0
2025-06-21,VIL-006,Alibag,Raigad,Maharashtra,7.14,0.68,0.38,48.6,51.4,38.6,85.4,1,2,2,51.4,2.64,0.00766,15,0
2025-06-22,VIL-006,Alibag,Raigad,Maharashtra,6.17,8.93,0.227,66.9,9.8,31.6,72.2,1,2,1,61.2,3.69,0.00334,40,1
2025-06-23,VIL-006,Alibag,Raigad,Maharashtra,6.67,0.6,0.0,13.3,2.2,30.5,51.9,0,1,2,63.4,3.48,0.0,50,1
2025-06-24,VIL-006,Alibag,Raigad,Maharashtra,7.55,6.87,0.306,27.2,0.0,24.1,82.8,1,1,4,12.0,4.19,0.01085,25,0
2025-06-25,VIL-006,Alibag,Raigad,Maharashtra,6.44,2.35,0.438,10.8,0.0,36.6,90.5,2,2,1,2.2,3.59,0.03712,0,0
2025-06-26,VIL-006,Alibag,Raigad,Maharashtra,7.26,0.2,0.535,62.4,0.0,29.9,55.0,1,2,1,0.0,2.89,0.00844,0,0
2025-06-27,VIL-006,Alibag,Raigad,Maharashtra,7.35,0.92,0.263,103.7,6.0,27.8,96.7,2,3,4,6.0,2.94,0.00251,35,1
2025-06-28,VIL-006,Alibag,Raigad,Maharashtra,7.38,1.45,0.616,109.2,0.0,30.6,91.8,7,1,2,6.0,3.05,0.00559,35,1
2025-06-29,VIL-006,Alibag,Raigad,Maharashtra,7.44,4.01,0.32,57.7,0.0,26.5,67.4,2,1,2,6.0,2.34,0.00545,25,0
2025-06-30,VIL-006,Alibag,Raigad,Maharashtra,7.48,0.89,0.436,22.2,0.0,19.6,61.6,4,0,1,0.0,2.38,0.01879,0,0
2025-07-01,VIL-006,Alibag,Raigad,Maharashtra,6.73,0.83,0.484,56.3,9.0,31.3,87.6,3,1,1,9.0,1.52,0.00845,0,0
2025-07-02,VIL-006,Alibag,Raigad,Maharashtra,6.22,5.67,0.36,103.8,21.0,34.4,58.6,2,2,2,30.0,2.0,0.00344,60,1
2025-07-03,VIL-006,Alibag,Raigad,Maharashtra,6.58,0.2,0.334,51.1,0.0,31.2,67.0,0,1,2,30.0,2.0,0.00641,0,0
2025-07-04,VIL-006,Alibag,Raigad,Maharashtra,7.54,1.8,0.63,27.7,3.2,29.0,59.2,0,2,3,24.2,2.12,0.02195,0,0
2025-07-05,VIL-006,Alibag,Raigad,Maharashtra,6.38,1.57,0.044,131.2,0.0,29.1,75.1,0,7,1,3.2,2.14,0.00033,90,2
2025-07-06,VIL-006,Alibag,Raigad,Maharashtra,6.48,0.2,0.358,93.8,0.0,29.7,92.6,2,2,1,3.2,1.59,0.00378,0,0
2025-07-07,VIL-006,Alibag,Raigad,Maharashtra,6.47,0.21,0.02,111.3,0.8,29.6,79.5,2,4,0,0.8,1.5,0.00018,70,2
2025-07-08,VIL-006,Alibag,Raigad,Maharashtra,5.99,1.08,0.026,121.4,19.1,28.8,87.2,2,3,1,19.9,1.53,0.00021,70,2
2025-07-09,VIL-006,Alibag,Raigad,Maharashtra,6.41,0.32,0.34,26.0,0.0,29.1,70.8,0,2,2,19.9,0.77,0.01259,0,0
2025-07-10,VIL-006,Alibag,Raigad,Maharashtra,7.7,1.46,0.255,102.1,35.4,35.2,76.2,4,0,1,54.5,0.95,0.00247,50,1
2025-07-11,VIL-006,Alibag,Raigad,Maharashtra,6.67,2.1,0.724,43.9,2.0,30.9,60.3,2,0,2,37.4,0.99,0.01612,0,0
2025-07-12,VIL-006,Alibag,Raigad,Maharashtra,6.05,2.63,0.304,2.0,0.0,29.4,73.8,1,0,7,37.4,1.14,0.10133,0,0
2025-07-13,VIL-006,Alibag,Raigad,Maharashtra,6.79,1.77,0.554,52.5,0.0,31.6,66.0,2,2,2,2.0,1.37,0.01036,0,0
2025-07-14,VIL-006,Alibag,Raigad,Maharashtra,7.41,1.07,0.359,33.1,0.0,31.6,73.1,1,2,4,0.0,1.49,0.01053,0,0
2025-07-15,VIL-006,Alibag,Raigad,Maharashtra,6.0,0.31,0.134,16.7,0.0,32.8,72.3,0,2,3,0.0,1.38,0.00757,20,0
2025-07-16,VIL-006,Alibag,Raigad,Maharashtra,7.67,0.64,0.033,183.0,0.0,26.0,71.2,2,0,2,0.0,1.43,0.00018,70,2
2025-07-17,VIL-006,Alibag,Raigad,Maharashtra,6.24,1.22,0.105,2.9,0.0,27.1,99.0,0,4,0,0.0,1.39,0.02692,20,0
2025-07-18,VIL-006,Alibag,Raigad,Maharashtra,6.86,5.78,0.409,151.7,0.0,25.7,96.2,1,2,0,0.0,1.92,0.00268,60,1
2025-07-19,VIL-006,Alibag,Raigad,Maharashtra,6.86,0.51,0.637,9.0,0.0,32.1,92.0,1,1,0,0.0,1.61,0.0637,0,0
2025-07-20,VIL-006,Alibag,Raigad,Maharashtra,6.76,1.19,0.186,24.6,0.0,31.9,96.5,4,2,2,0.0,1.53,0.00727,20,0
2025-07-21,VIL-006,Alibag,Raigad,Maharashtra,7.06,2.95,0.501,28.1,0.0,23.9,92.0,6,1,2,0.0,1.8,0.01722,0,0
2025-07-22,VIL-006,Alibag,Raigad,Maharashtra,7.57,2.74,0.317,68.3,0.0,30.6,74.7,5,0,2,0.0,2.15,0.00457,0,0
2025-07-23,VIL-006,Alibag,Raigad,Maharashtra,7.08,7.55,0.158,12.6,0.0,34.5,73.5,0,2,0,0.0,3.13,0.01162,45,1
2025-07-24,VIL-006,Alibag,Raigad,Maharashtra,6.74,0.47,0.414,222.4,0.0,28.1,77.8,4,0,4,0.0,3.03,0.00185,35,1
2025-07-25,VIL-006,Alibag,Raigad,Maharashtra,7.37,0.2,0.636,71.9,0.5,30.3,72.5,0,1,2,0.5,2.23,0.00872,0,0
2025-07-26,VIL-006,Alibag,Raigad,Maharashtra,7.22,0.87,0.336,81.1,0.0,31.9,62.5,2,1,1,0.5,2.28,0.00409,0,0
2025-07-27,VIL-006,Alibag,Raigad,Maharashtra,6.7,0.36,0.499,5.9,0.0,23.7,78.6,2,4,2,0.5,2.16,0.07232,0,0
2025-07-28,VIL-006,Alibag,Raigad,Maharashtra,7.13,1.78,0.406,33.6,10.5,29.6,56.2,0,6,1,10.5,2.0,0.01173,20,0
2025-07-29,VIL-006,Alibag,Raigad,Maharashtra,6.65,5.13,0.406,151.4,0.0,34.1,76.7,5,5,0,10.5,2.34,0.00266,60,1
2025-07-30,VIL-006,Alibag,Raigad,Maharashtra,6.58,2.61,0.205,16.4,18.7,26.6,63.1,2,0,2,29.2,1.63,0.01178,0,0
2025-07-31,VIL-006,Alibag,Raigad,Maharashtra,7.58,0.33,0.438,8.2,5.6,32.3,74.0,3,4,0,24.3,1.61,0.04761,0,0
2025-08-01,VIL-006,Alibag,Raigad,Maharashtra,7.37,0.28,0.087,34.5,51.7,29.1,77.3,2,0,1,76.0,1.62,0.00245,35,1
2025-08-02,VIL-006,Alibag,Raigad,Maharashtra,7.56,5.43,0.415,138.6,77.3,26.3,70.8,2,2,1,134.6,2.27,0.00297,75,2
2025-08-03,VIL-006,Alibag,Raigad,Maharashtra,7.48,1.5,0.597,34.7,13.4,28.6,55.3,1,2,4,142.4,2.44,0.01672,15,0
2025-08-04,VIL-006,Alibag,Raigad,Maharashtra,6.57,5.76,0.675,27.0,0.0,26.9,60.7,5,0,6,90.7,3.01,0.02411,40,1
2025-08-05,VIL-006,Alibag,Raigad,Maharashtra,7.7,2.99,0.162,54.6,0.0,25.4,80.5,2,5,5,13.4,2.7,0.00291,20,0
2025-08-06,VIL-006,Alibag,Raigad,Maharashtra,6.92,11.23,0.43,143.7,0.0,28.0,68.3,3,2,0,0.0,3.93,0.00297,60,1
2025-08-07,VIL-006,Alibag,Raigad,Maharashtra,7.66,4.59,0.223,2.6,0.0,29.3,81.7,1,3,4,0.0,4.54,0.06194,25,0
2025-08-08,VIL-006,Alibag,Raigad,Maharashtra,7.02,1.2,0.375,8.7,0.0,28.3,75.1,1,2,0,0.0,4.67,0.03866,0,0
2025-08-09,VIL-006,Alibag,Raigad,Maharashtra,7.29,3.18,0.696,7.4,2.1,27.9,72.6,0,2,2,2.1,4.35,0.08286,0,0
2025-08-10,VIL-006,Alibag,Raigad,Maharashtra,7.31,1.43,0.508,4.6,0.0,29.9,79.2,2,1,2,2.1,4.34,0.09071,0,0
2025-08-11,VIL-006,Alibag,Raigad,Maharashtra,7.59,0.59,0.233,18.7,4.3,31.1,66.9,0,5,0,6.4,3.6,0.01183,0,0
2025-08-12,VIL-006,Alibag,Raigad,Maharashtra,6.12,0.62,0.222,13.5,0.0,24.4,79.8,0,2,5,4.3,3.26,0.01531,0,0
2025-08-13,VIL-006,Alibag,Raigad,Maharashtra,6.15,1.13,0.353,41.4,4.1,28.0,70.0,1,3,2,8.4,1.82,0.00833,0,0
2025-08-14,VIL-006,Alibag,Raigad,Maharashtra,7.5,0.26,0.365,20.6,0.0,21.1,99.0,2,1,3,4.1,1.2,0.0169,0,0
2025-08-15,VIL-006,Alibag,Raigad,Maharashtra,7.31,0.44,0.374,27.0,28.2,28.4,61.4,2,1,2,32.3,1.09,0.01336,0,0
2025-08-16,VIL-006,Alibag,Raigad,Maharashtra,6.63,1.56,0.082,147.9,0.0,29.6,70.7,3,0,2,28.2,0.86,0.00055,70,2
2025-08-17,VIL-006,Alibag,Raigad,Maharashtra,7.32,6.89,0.71,8.8,54.3,31.3,71.2,0,2,1,82.5,1.64,0.07245,40,1
2025-08-18,VIL-006,Alibag,Raigad,Maharashtra,6.26,1.93,0.728,25.6,0.0,29.6,58.8,2,0,5,54.3,1.83,0.02737,15,0
2025-08-19,VIL-006,Alibag,Raigad,Maharashtra,9.06,1.18,0.436,15.5,0.0,31.2,83.7,1,0,2,54.3,1.91,0.02642,15,0
2025-08-20,VIL-006,Alibag,Raigad,Maharashtra,7.89,0.62,0.193,41.4,18.8,29.3,69.9,0,1,3,18.8,1.84,0.00455,20,0
2025-08-21,VIL-006,Alibag,Raigad,Maharashtra,7.47,0.49,0.237,69.3,29.2,26.3,46.4,2,2,1,48.0,1.87,0.00337,0,0
2025-08-22,VIL-006,Alibag,Raigad,Maharashtra,7.15,2.41,0.18,88.3,5.0,24.5,83.3,2,2,1,53.0,2.15,0.00202,35,1
2025-08-23,VIL-006,Alibag,Raigad,Maharashtra,6.73,4.22,0.164,37.7,0.0,27.9,67.4,3,3,0,34.2,2.53,0.00424,45,1
2025-08-24,VIL-006,Alibag,Raigad,Maharashtra,6.31,1.14,0.236,100.4,4.5,25.9,73.7,0,0,2,9.5,1.71,0.00233,35,1
2025-08-25,VIL-006,Alibag,Raigad,Maharashtra,7.03,1.79,0.426,79.9,0.0,28.5,83.1,2,2,0,4.5,1.69,0.00527,0,0
2025-08-26,VIL-006,Alibag,Raigad,Maharashtra,6.58,2.75,0.373,8.9,0.0,27.0,70.6,1,1,0,4.5,1.92,0.03768,0,0
2025-08-27,VIL-006,Alibag,Raigad,Maharashtra,6.62,0.2,0.624,14.6,13.0,30.7,70.5,1,0,1,13.0,1.86,0.04,0,0
2025-08-28,VIL-006,Alibag,Raigad,Maharashtra,6.25,0.97,0.076,57.9,8.4,29.2,99.0,0,2,2,21.4,1.93,0.00129,20,0
2025-08-29,VIL-006,Alibag,Raigad,Maharashtra,7.25,2.93,0.191,191.4,0.0,30.8,49.2,2,2,2,21.4,2.0,0.00099,70,2
2025-08-30,VIL-006,Alibag,Raigad,Maharashtra,6.87,2.58,0.0,24.5,0.0,30.8,59.6,2,3,3,8.4,1.77,0.0,35,1
2025-08-31,VIL-006,Alibag,Raigad,Maharashtra,7.42,0.2,0.376,13.6,10.0,28.3,61.9,2,0,0,10.0,1.63,0.02575,0,0
2025-09-01,VIL-006,Alibag,Raigad,Maharashtra,7.37,0.61,0.638,105.7,0.0,28.5,96.5,0,2,2,10.0,1.46,0.00598,35,1
2025-09-02,VIL-006,Alibag,Raigad,Maharashtra,7.24,2.55,0.265,11.6,0.0,31.0,67.3,1,1,1,10.0,1.43,0.02103,0,0
2025-09-03,VIL-006,Alibag,Raigad,Maharashtra,8.7,0.71,0.596,62.2,7.8,38.8,77.9,2,1,0,7.8,1.51,0.00943,0,0
2025-09-04,VIL-006,Alibag,Raigad,Maharashtra,7.59,3.77,0.475,1.8,0.0,25.0,69.3,0,0,2,7.8,1.91,0.16964,0,0
2025-09-05,VIL-006,Alibag,Raigad,Maharashtra,6.34,0.2,0.506,1.0,42.6,29.2,82.2,1,2,2,50.4,1.52,0.253,15,0
2025-09-06,VIL-006,Alibag,Raigad,Maharashtra,7.38,0.47,0.455,31.2,25.1,24.2,74.8,1,2,3,67.7,1.22,0.01413,15,0
2025-09-07,VIL-006,Alibag,Raigad,Maharashtra,7.07,0.74,0.675,55.6,0.4,28.9,78.0,1,2,0,68.1,1.29,0.01193,15,0
2025-09-08,VIL-006,Alibag,Raigad,Maharashtra,6.3,5.81,0.314,8.0,0.0,26.3,90.4,0,0,2,25.5,2.04,0.03489,25,0
2025-09-09,VIL-006,Alibag,Raigad,Maharashtra,6.25,3.56,0.474,75.1,0.0,28.5,80.3,2,1,1,0.4,2.18,0.00623,0,0
2025-09-10,VIL-006,Alibag,Raigad,Maharashtra,7.37,4.83,0.682,7.2,0.0,29.6,66.2,1,2,1,0.0,2.77,0.08317,25,0
2025-09-11,VIL-006,Alibag,Raigad,Maharashtra,7.52,1.3,0.166,39.7,32.5,27.0,78.7,1,0,0,32.5,2.42,0.00408,20,0
2025-09-12,VIL-006,Alibag,Raigad,Maharashtra,6.47,3.87,0.311,19.2,0.0,21.9,99.0,2,1,2,32.5,2.94,0.0154,0,0
2025-09-13,VIL-006,Alibag,Raigad,Maharashtra,7.68,4.3,0.453,72.6,5.9,34.7,81.8,0,1,2,38.4,3.49,0.00615,25,0
2025-09-14,VIL-006,Alibag,Raigad,Maharashtra,7.27,1.14,0.195,84.8,0.0,32.4,76.8,0,1,2,5.9,3.54,0.00227,20,0
2025-09-15,VIL-006,Alibag,Raigad,Maharashtra,7.82,11.64,0.188,3.6,21.4,28.5,58.6,0,0,0,27.3,4.38,0.04087,45,1
2025-09-16,VIL-006,Alibag,Raigad,Maharashtra,7.75,4.27,0.715,11.1,0.0,25.4,83.7,1,2,1,21.4,4.48,0.05909,25,0
2024-01-01,VIL-007,Najafgarh,South West Delhi,Delhi,6.55,1.66,0.429,58.3,6.7,29.5,68.2,4,0,0,6.7,1.66,0.00723,0,0
2024-01-02,VIL-007,Najafgarh,South West Delhi,Delhi,6.48,5.92,0.326,54.5,0.0,24.4,92.6,1,0,0,6.7,3.79,0.00587,25,0
2024-01-03,VIL-007,Najafgarh,South West Delhi,Delhi,6.46,4.36,0.465,138.7,0.0,28.1,89.1,4,0,0,6.7,3.98,0.00333,60,1
2024-01-04,VIL-007,Najafgarh,South West Delhi,Delhi,6.37,2.37,0.668,95.3,0.0,27.7,84.7,3,0,0,0.0,3.58,0.00694,0,0
2024-01-05,VIL-007,Najafgarh,South West Delhi,Delhi,6.45,4.63,0.393,3.5,0.0,31.3,84.4,1,0,0,0.0,3.79,0.08733,25,0
2024-01-06,VIL-007,Najafgarh,South West Delhi,Delhi,7.65,0.46,0.202,53.9,24.8,30.3,76.6,3,0,0,24.8,3.23,0.00368,0,0
2024-01-07,VIL-007,Najafgarh,South West Delhi,Delhi,7.43,0.61,0.302,35.2,0.0,29.6,90.7,2,0,0,24.8,2.86,0.00834,0,0
2024-01-08,VIL-007,Najafgarh,South West Delhi,Delhi,6.08,0.66,0.585,29.1,16.9,35.5,71.5,2,4,0,41.7,2.72,0.01944,0,0
2024-01-09,VIL-007,Najafgarh,South West Delhi,Delhi,6.79,4.19,0.567,205.9,21.9,30.1,99.0,2,1,0,38.8,2.47,0.00274,60,1
2024-01-10,VIL-007,Najafgarh,South West Delhi,Delhi,6.41,6.21,0.574,39.7,0.0,27.3,63.7,2,4,0,38.8,2.73,0.0141,25,0
2024-01-11,VIL-007,Najafgarh,South West Delhi,Delhi,7.62,2.32,0.532,82.6,33.4,27.8,61.5,2,3,0,55.3,2.73,0.00636,15,0
2024-01-12,VIL-007,Najafgarh,South West Delhi,Delhi,6.83,8.87,0.695,221.9,0.0,25.9,58.3,1,1,0,33.4,3.33,0.00312,60,1
2024-01-13,VIL-007,Najafgarh,South West Delhi,Delhi,6.17,3.65,0.387,10.6,0.0,24.9,60.3,1,3,0,33.4,3.79,0.03336,0,0
2024-01-14,VIL-007,Najafgarh,South West Delhi,Delhi,7.2,2.32,0.485,3.7,0.0,23.4,55.4,1,2,0,0.0,4.03,0.10319,0,0
2024-01-15,VIL-007,Najafgarh,South West Delhi,Delhi,7.46,2.65,0.205,24.5,0.0,33.5,77.6,1,2,4,0.0,4.32,0.00804,0,0
2024-01-16,VIL-007,Najafgarh,South West Delhi,Delhi,6.53,5.3,0.392,3.0,0.0,26.1,85.2,2,2,1,0.0,4.47,0.098,25,0
2024-01-17,VIL-007,Najafgarh,South West Delhi,Delhi,6.94,0.26,0.399,8.1,0.0,30.3,75.4,4,2,4,0.0,3.62,0.04385,0,0
2024-01-18,VIL-007,Najafgarh,South West Delhi,Delhi,6.56,0.52,0.492,311.5,0.0,27.8,58.4,1,2,3,0.0,3.37,0.00157,35,1
2024-01-19,VIL-007,Najafgarh,South West Delhi,Delhi,7.85,0.87,0.237,209.5,0.0,28.9,69.4,3,1,1,0.0,2.22,0.00113,35,1
2024-01-20,VIL-007,Najafgarh,South West Delhi,Delhi,6.84,6.3,0.068,76.4,0.0,33.6,85.1,2,1,3,0.0,2.6,0.00088,60,1
2024-01-21,VIL-007,Najafgarh,South West Delhi,Delhi,6.67,8.12,0.245,90.9,18.5,29.7,70.9,0,1,2,18.5,3.43,0.00267,25,0
2024-01-22,VIL-007,Najafgarh,South West Delhi,Delhi,7.07,1.23,0.541,9.8,22.0,25.3,65.4,1,1,2,40.5,3.23,0.05009,0,0
2024-01-23,VIL-007,Najafgarh,South West Delhi,Delhi,6.98,7.21,0.312,58.8,0.0,26.7,56.8,0,2,2,40.5,3.5,0.00522,25,0
2024-01-24,VIL-007,Najafgarh,South West Delhi,Delhi,7.51,2.22,0.434,10.9,0.0,32.4,69.9,4,4,2,22.0,3.78,0.03647,0,0
2024-01-25,VIL-007,Najafgarh,South West Delhi,Delhi,7.83,1.8,0.242,30.9,0.0,30.9,66.6,3,1,2,0.0,3.96,0.00759,0,0
2024-01-26,VIL-007,Najafgarh,South West Delhi,Delhi,7.83,5.01,0.537,27.5,0.0,32.7,74.0,2,3,1,0.0,4.56,0.01884,25,0
2024-01-27,VIL-007,Najafgarh,South West Delhi,Delhi,6.87,2.21,0.331,61.9,14.2,28.0,80.7,2,2,1,14.2,3.97,0.00526,0,0
2024-01-28,VIL-007,Najafgarh,South West Delhi,Delhi,7.28,1.7,0.328,5.4,3.0,23.4,71.6,3,0,1,17.2,3.05,0.05125,0,0
2024-01-29,VIL-007,Najafgarh,South West Delhi,Delhi,7.99,0.2,0.589,7.1,0.0,31.0,77.2,0,1,1,17.2,2.91,0.07272,0,0
2024-01-30,VIL-007,Najafgarh,South West Delhi,Delhi,8.02,0.2,0.634,61.2,0.0,30.0,80.7,2,0,2,3.0,1.91,0.01019,0,0
2024-01-31,VIL-007,Najafgarh,South West Delhi,Delhi,6.57,2.77,0.593,65.7,0.0,30.1,60.2,1,4,4,0.0,1.98,0.00889,0,0
2024-02-01,VIL-007,Najafgarh,South West Delhi,Delhi,7.46,0.21,0.291,27.0,0.0,23.5,97.6,0,3,1,0.0,1.76,0.01039,0,0
2024-02-02,VIL-007,Najafgarh,South West Delhi,Delhi,7.35,3.74,0.243,10.3,0.0,26.4,66.1,1,2,3,0.0,1.58,0.0215,0,0
2024-02-03,VIL-007,Najafgarh,South West Delhi,Delhi,7.66,2.73,0.186,141.2,0.0,25.2,81.2,2,2,2,0.0,1.65,0.00131,55,1
2024-02-04,VIL-007,Najafgarh,South West Delhi,Delhi,7.85,1.71,0.082,3.5,0.0,30.6,61.4,4,3,0,0.0,1.65,0.01822,20,0
2024-02-05,VIL-007,Najafgarh,South West Delhi,Delhi,6.48,3.46,0.182,82.1,0.0,30.7,76.3,2,0,1,0.0,2.12,0.00219,20,0
2024-02-06,VIL-007,Najafgarh,South West Delhi,Delhi,6.69,13.92,0.197,9.8,12.3,28.8,76.8,2,2,0,12.3,4.08,0.01824,45,1
2024-02-07,VIL-007,Najafgarh,South West Delhi,Delhi,7.64,0.79,0.123,65.9,0.0,32.9,94.9,2,1,4,12.3,3.79,0.00184,20,0
2024-02-08,VIL-007,Najafgarh,South West Delhi,Delhi,7.19,2.28,0.077,70.8,18.2,35.0,72.2,4,0,3,30.5,4.09,0.00107,20,0
2024-02-09,VIL-007,Najafgarh,South West Delhi,Delhi,5.76,5.18,0.115,106.0,0.0,30.4,90.6,2,1,2,18.2,4.3,0.00107,80,2
2024-02-10,VIL-007,Najafgarh,South West Delhi,Delhi,6.1,0.2,0.341,32.7,0.0,31.7,78.5,2,2,2,18.2,3.93,0.01012,0,0
2024-02-11,VIL-007,Najafgarh,South West Delhi,Delhi,7.5,0.64,0.429,1.4,0.0,26.8,97.2,1,4,3,0.0,3.78,0.17875,0,0
2024-02-12,VIL-007,Najafgarh,South West Delhi,Delhi,7.6,2.06,0.413,108.3,6.0,26.1,53.6,3,2,0,6.0,3.58,0.00378,35,1
2024-02-13,VIL-007,Najafgarh,South West Delhi,Delhi,6.29,2.25,0.256,38.2,0.0,33.0,80.8,4,2,2,6.0,1.91,0.00653,0,0
2024-02-14,VIL-007,Najafgarh,South West Delhi,Delhi,7.76,0.25,0.287,122.1,11.0,25.5,42.9,2,2,1,17.0,1.84,0.00233,35,1
2024-02-15,VIL-007,Najafgarh,South West Delhi,Delhi,6.98,1.47,0.416,97.2,9.3,31.8,74.3,1,4,0,20.3,1.72,0.00424,0,0
2024-02-16,VIL-007,Najafgarh,South West Delhi,Delhi,6.49,2.05,0.385,44.8,0.0,35.9,87.3,1,2,1,20.3,1.27,0.00841,0,0
2024-02-17,VIL-007,Najafgarh,South West Delhi,Delhi,6.76,1.54,0.451,482.1,0.0,31.6,92.3,3,2,2,9.3,1.47,0.00093,50,1
2024-02-18,VIL-007,Najafgarh,South West Delhi,Delhi,6.37,3.38,0.177,40.3,38.9,28.7,83.9,2,1,4,38.9,1.86,0.00429,20,0
2024-02-19,VIL-007,Najafgarh,South West Delhi,Delhi,6.73,4.13,0.662,77.5,11.1,23.6,71.5,0,3,2,50.0,2.15,0.00843,25,0
2024-02-20,VIL-007,Najafgarh,South West Delhi,Delhi,5.98,1.73,0.464,72.0,0.0,29.7,81.5,5,4,2,50.0,2.08,0.00636,0,0
2024-02-21,VIL-007,Najafgarh,South West Delhi,Delhi,7.06,1.55,0.484,47.4,3.5,33.0,99.0,4,2,2,14.6,2.26,0.01,0,0
2024-02-22,VIL-007,Najafgarh,South West Delhi,Delhi,7.45,3.42,0.159,57.2,12.6,28.3,75.9,1,1,4,16.1,2.54,0.00273,20,0
2024-02-23,VIL-007,Najafgarh,South West Delhi,Delhi,6.29,2.27,0.155,104.2,0.0,33.1,86.5,3,1,2,16.1,2.57,0.00147,55,1
2024-02-24,VIL-007,Najafgarh,South West Delhi,Delhi,7.11,5.72,0.224,55.1,0.0,30.5,69.8,0,3,2,12.6,3.17,0.00399,25,0
2024-02-25,VIL-007,Najafgarh,South West Delhi,Delhi,6.62,1.84,0.483,38.9,0.0,30.2,87.8,0,2,1,0.0,2.95,0.01211,0,0
2024-02-26,VIL-007,Najafgarh,South West Delhi,Delhi,7.5,2.39,0.142,70.5,12.4,27.7,85.9,1,0,3,12.4,2.7,0.00199,20,0
2024-02-27,VIL-007,Najafgarh,South West Delhi,Delhi,5.71,0.39,0.43,2.4,6.3,23.2,67.7,3,5,4,18.7,2.51,0.12647,0,0
2024-02-28,VIL-007,Najafgarh,South West Delhi,Delhi,7.53,5.06,0.613,7.5,0.9,27.3,84.3,1,4,2,19.6,3.01,0.07212,25,0
2024-02-29,VIL-007,Najafgarh,South West Delhi,Delhi,6.01,1.54,0.223,8.7,44.8,27.3,84.9,0,1,1,52.0,2.74,0.02299,15,0
2024-03-01,VIL-007,Najafgarh,South West Delhi,Delhi,6.97,3.55,0.181,36.1,0.2,31.3,83.9,6,3,1,45.9,2.93,0.00488,20,0
2024-03-02,VIL-007,Najafgarh,South West Delhi,Delhi,6.67,1.57,0.218,133.5,0.0,28.9,74.5,1,0,3,45.0,2.33,0.00162,35,1
2024-03-03,VIL-007,Najafgarh,South West Delhi,Delhi,6.88,0.2,0.32,67.0,10.7,33.3,89.7,1,0,2,10.9,2.1,0.00471,0,0
2024-03-04,VIL-007,Najafgarh,South West Delhi,Delhi,6.18,1.43,0.521,233.9,6.9,30.1,63.8,1,1,0,17.6,1.96,0.00222,35,1
2024-03-05,VIL-007,Najafgarh,South West Delhi,Delhi,8.1,0.45,0.532,2.6,14.5,27.0,75.1,0,3,5,32.1,1.97,0.14778,0,0
2024-03-06,VIL-007,Najafgarh,South West Delhi,Delhi,6.33,1.42,0.494,83.2,0.0,25.7,76.3,1,1,4,21.4,1.45,0.00587,0,0
2024-03-07,VIL-007,Najafgarh,South West Delhi,Delhi,6.38,1.09,0.0,24.5,5.3,26.6,89.1,3,0,1,19.8,1.39,0.0,35,1
2024-03-08,VIL-007,Najafgarh,South West Delhi,Delhi,8.18,0.63,0.316,1.5,1.7,29.6,63.4,0,6,3,7.0,0.97,0.1264,20,0
2024-03-09,VIL-007,Najafgarh,South West Delhi,Delhi,7.29,0.37,0.191,113.6,2.7,27.5,77.9,0,1,0,9.7,0.8,0.00167,55,1
2024-03-10,VIL-007,Najafgarh,South West Delhi,Delhi,6.35,3.65,0.423,11.5,0.0,24.7,69.1,2,1,0,4.4,1.29,0.03384,0,0
2024-03-11,VIL-007,Najafgarh,South West Delhi,Delhi,7.02,3.94,0.512,15.7,0.0,33.0,76.3,1,1,1,2.7,1.65,0.03066,0,0
2024-03-12,VIL-007,Najafgarh,South West Delhi,Delhi,6.96,0.86,0.26,27.1,0.0,29.6,79.7,0,0,3,0.0,1.71,0.00925,0,0
2024-03-13,VIL-007,Najafgarh,South West Delhi,Delhi,6.09,1.91,0.696,100.9,20.4,30.1,59.7,1,1,1,20.4,1.78,0.00683,35,1
2024-03-14,VIL-007,Najafgarh,South West Delhi,Delhi,6.65,1.75,0.187,63.7,28.3,25.7,90.2,1,3,0,48.7,1.87,0.00289,20,0
2024-03-15,VIL-007,Najafgarh,South West Delhi,Delhi,7.08,1.23,0.446,20.0,0.0,24.8,80.1,3,0,6,48.7,1.96,0.02124,0,0
2024-03-16,VIL-007,Najafgarh,South West Delhi,Delhi,7.86,0.91,0.736,12.0,19.9,28.4,64.7,1,0,1,48.2,2.04,0.05662,0,0
2024-03-17,VIL-007,Najafgarh,South West Delhi,Delhi,6.99,0.58,0.515,7.5,0.0,20.9,70.9,4,2,1,19.9,1.6,0.06059,0,0
2024-03-18,VIL-007,Najafgarh,South West Delhi,Delhi,7.03,5.78,0.457,10.5,0.0,32.1,92.9,2,1,1,19.9,1.86,0.03974,25,0
2024-03-19,VIL-007,Najafgarh,South West Delhi,Delhi,6.61,5.02,0.319,131.7,0.0,26.2,80.0,5,0,0,0.0,2.45,0.0024,60,1
2024-03-20,VIL-007,Najafgarh,South West Delhi,Delhi,7.76,1.51,0.46,166.4,0.0,27.9,63.4,2,1,1,0.0,2.4,0.00275,35,1
2024-03-21,VIL-007,Najafgarh,South West Delhi,Delhi,7.64,3.58,0.251,223.6,5.0,30.7,65.6,4,1,3,5.0,2.66,0.00112,35,1
2024-03-22,VIL-007,Najafgarh,South West Delhi,Delhi,7.57,1.93,0.553,117.0,0.0,28.1,82.5,4,3,0,5.0,2.76,0.00469,35,1
2024-03-23,VIL-007,Najafgarh,South West Delhi,Delhi,7.17,0.25,0.22,141.9,0.0,24.3,83.9,4,1,0,5.0,2.66,0.00154,35,1
2024-03-24,VIL-007,Najafgarh,South West Delhi,Delhi,6.14,4.84,0.305,110.1,0.0,35.0,79.4,2,4,2,0.0,3.27,0.00275,60,1
2024-03-25,VIL-007,Najafgarh,South West Delhi,Delhi,7.75,0.69,0.199,206.1,38.7,22.9,71.5,2,2,1,38.7,2.55,0.00096,70,2
2024-03-26,VIL-007,Najafgarh,South West Delhi,Delhi,7.13,3.44,0.288,121.5,0.0,20.1,84.7,0,5,0,38.7,2.32,0.00235,35,1
2024-03-27,VIL-007,Najafgarh,South West Delhi,Delhi,6.91,2.1,0.268,40.3,0.0,32.5,71.3,1,2,1,38.7,2.4,0.00649,0,0
2024-03-28,VIL-007,Najafgarh,South West Delhi,Delhi,7.37,3.28,0.0,25.4,0.0,23.2,64.7,4,4,1,0.0,2.36,0.0,35,1
2024-03-29,VIL-007,Najafgarh,South West Delhi,Delhi,7.23,1.78,0.356,57.0,0.0,34.0,94.0,3,4,3,0.0,2.34,0.00614,0,0
2024-03-30,VIL-007,Najafgarh,South West Delhi,Delhi,6.46,3.4,0.263,60.9,0.0,30.5,80.9,1,4,1,0.0,2.79,0.00425,0,0
2024-03-31,VIL-007,Najafgarh,South West Delhi,Delhi,6.91,0.2,0.114,55.6,0.0,30.1,65.6,1,2,4,0.0,2.13,0.00201,20,0
2024-04-01,VIL-007,Najafgarh,South West Delhi,Delhi,5.96,0.2,0.227,79.7,0.0,26.7,76.6,3,2,2,0.0,2.06,0.00281,0,0
2024-04-02,VIL-007,Najafgarh,South West Delhi,Delhi,7.15,6.35,0.415,78.0,0.0,25.7,75.3,3,0,5,0.0,2.47,0.00525,25,0
2024-04-03,VIL-007,Najafgarh,South West Delhi,Delhi,7.9,3.88,0.031,5.9,0.0,27.5,70.8,1,1,2,0.0,2.73,0.00449,20,0
2024-04-04,VIL-007,Najafgarh,South West Delhi,Delhi,6.02,4.94,0.321,21.9,0.0,25.5,77.8,1,4,4,0.0,2.96,0.01402,25,0
2024-04-05,VIL-007,Najafgarh,South West Delhi,Delhi,7.18,1.71,0.556,143.4,37.7,33.8,63.9,1,3,4,37.7,2.95,0.00385,35,1
2024-04-06,VIL-007,Najafgarh,South West Delhi,Delhi,7.5,1.72,0.272,58.0,0.0,26.0,85.5,2,1,4,37.7,2.71,0.00461,0,0
2024-04-07,VIL-007,Najafgarh,South West Delhi,Delhi,7.59,2.14,0.613,25.9,17.8,31.0,74.9,0,1,2,55.5,2.99,0.02279,15,0
2024-04-08,VIL-007,Najafgarh,South West Delhi,Delhi,6.65,0.78,0.544,123.5,0.0,33.0,55.7,5,3,2,17.8,3.07,0.00437,35,1
2024-04-09,VIL-007,Najafgarh,South West Delhi,Delhi,6.44,3.7,0.416,18.6,0.0,25.5,72.3,2,3,0,17.8,2.7,0.02122,0,0
2024-04-10,VIL-007,Najafgarh,South West Delhi,Delhi,6.75,4.95,0.346,34.2,0.0,30.5,67.6,3,1,1,0.0,2.85,0.00983,25,0
2024-04-11,VIL-007,Najafgarh,South West Delhi,Delhi,7.81,6.66,0.351,21.0,19.2,25.4,39.1,1,1,4,19.2,3.09,0.01595,25,0
2024-04-12,VIL-007,Najafgarh,South West Delhi,Delhi,6.07,2.04,0.438,133.3,22.3,28.3,73.1,0,1,3,41.5,3.14,0.00326,35,1
2024-04-13,VIL-007,Najafgarh,South West Delhi,Delhi,6.37,1.5,0.71,84.7,23.0,27.2,87.4,3,2,1,64.5,3.11,0.00828,15,0
2024-04-14,VIL-007,Najafgarh,South West Delhi,Delhi,6.82,4.98,0.44,40.1,0.0,26.2,73.7,0,0,1,45.3,3.52,0.01071,25,0
2024-04-15,VIL-007,Najafgarh,South West Delhi,Delhi,6.51,3.91,0.618,175.0,0.0,29.6,83.5,1,5,3,23.0,3.96,0.00351,35,1
2024-04-16,VIL-007,Najafgarh,South West Delhi,Delhi,7.07,5.65,0.141,170.5,0.0,24.1,75.1,3,2,3,0.0,4.24,0.00082,95,2
2024-04-17,VIL-007,Najafgarh,South West Delhi,Delhi,7.95,2.99,0.253,80.8,2.2,32.7,69.5,2,3,1,2.2,3.96,0.00309,0,0
2024-04-18,VIL-007,Najafgarh,South West Delhi,Delhi,6.38,6.02,0.353,144.7,41.2,24.7,66.2,1,1,1,43.4,3.87,0.00242,60,1
2024-04-19,VIL-007,Najafgarh,South West Delhi,Delhi,7.01,0.26,0.592,82.6,0.0,23.9,59.6,1,0,1,43.4,3.62,0.00708,0,0
2024-04-20,VIL-007,Najafgarh,South West Delhi,Delhi,7.1,3.19,0.028,64.3,23.4,28.0,86.1,4,3,2,64.6,3.86,0.00043,50,1
2024-04-21,VIL-007,Najafgarh,South West Delhi,Delhi,6.9,0.26,0.893,35.5,0.0,27.5,83.8,7,0,0,23.4,3.18,0.02447,0,0
2024-04-22,VIL-007,Najafgarh,South West Delhi,Delhi,6.15,3.87,0.35,20.8,0.0,30.4,71.7,1,1,5,23.4,3.18,0.01606,0,0
2024-04-23,VIL-007,Najafgarh,South West Delhi,Delhi,6.72,2.77,0.562,4.0,0.0,29.3,50.7,1,3,2,0.0,2.77,0.1124,0,0
2024-04-24,VIL-007,Najafgarh,South West Delhi,Delhi,6.72,0.2,0.347,104.9,0.0,22.5,80.7,0,2,3,0.0,2.37,0.00328,35,1
2024-04-25,VIL-007,Najafgarh,South West Delhi,Delhi,7.48,2.56,0.203,8.5,54.7,32.9,64.1,3,1,1,54.7,1.87,0.02137,15,0
2024-04-26,VIL-007,Najafgarh,South West Delhi,Delhi,7.35,0.44,0.658,34.3,0.0,27.9,76.7,0,1,0,54.7,1.9,0.01864,15,0
2024-04-27,VIL-007,Najafgarh,South West Delhi,Delhi,6.17,0.43,0.315,17.4,18.6,30.0,56.5,1,4,3,73.3,1.5,0.01712,15,0
2024-04-28,VIL-007,Najafgarh,South West Delhi,Delhi,6.87,0.46,0.22,39.4,3.3,37.8,76.1,4,7,0,21.9,1.53,0.00545,20,0
2024-04-29,VIL-007,Najafgarh,South West Delhi,Delhi,6.8,1.85,0.419,24.6,0.0,34.1,73.4,2,1,1,21.9,1.24,0.01637,0,0
2024-04-30,VIL-007,Najafgarh,South West Delhi,Delhi,8.27,0.34,0.457,115.1,74.6,29.8,46.1,2,1,3,77.9,0.9,0.00394,50,1
2024-05-01,VIL-007,Najafgarh,South West Delhi,Delhi,7.28,0.38,0.41,248.6,0.0,23.5,94.4,5,0,2,74.6,0.92,0.00164,50,1
2024-05-02,VIL-007,Najafgarh,South West Delhi,Delhi,6.45,0.83,0.425,184.6,0.0,23.6,71.1,4,3,1,74.6,0.68,0.00229,50,1
2024-05-03,VIL-007,Najafgarh,South West Delhi,Delhi,6.63,0.2,0.419,63.3,14.3,33.6,71.9,0,0,1,14.3,0.64,0.00652,0,0
2024-05-04,VIL-007,Najafgarh,South West Delhi,Delhi,6.87,0.9,0.572,252.0,1.7,27.4,81.4,1,1,4,16.0,0.71,0.00226,35,1
2024-05-05,VIL-007,Najafgarh,South West Delhi,Delhi,7.32,2.7,0.36,33.3,3.8,28.3,74.4,0,4,7,19.8,1.03,0.0105,0,0
2024-05-06,VIL-007,Najafgarh,South West Delhi,Delhi,7.39,2.58,0.233,48.0,13.9,24.4,79.4,1,2,1,19.4,1.13,0.00476,0,0
2024-05-07,VIL-007,Najafgarh,South West Delhi,Delhi,7.22,9.78,0.48,19.3,59.4,30.8,61.3,1,2,1,77.1,2.48,0.02365,40,1
2024-05-08,VIL-007,Najafgarh,South West Delhi,Delhi,6.97,0.36,0.0,148.4,0.0,33.6,73.3,4,5,0,73.3,2.48,0.0,85,2
2024-05-09,VIL-007,Najafgarh,South West Delhi,Delhi,7.02,5.62,0.458,12.9,43.8,35.1,52.1,2,4,3,103.2,3.16,0.03295,40,1
2024-05-10,VIL-007,Najafgarh,South West Delhi,Delhi,7.02,1.39,0.621,61.3,41.2,27.2,72.1,3,0,0,85.0,3.33,0.00997,15,0
2024-05-11,VIL-007,Najafgarh,South West Delhi,Delhi,6.03,1.37,0.487,104.4,35.0,31.6,92.3,5,1,1,120.0,3.4,0.00462,50,1
2024-05-12,VIL-007,Najafgarh,South West Delhi,Delhi,7.06,1.2,0.064,58.8,0.0,28.6,56.9,2,0,4,76.2,3.19,0.00107,35,1
2024-05-13,VIL-007,Najafgarh,South West Delhi,Delhi,6.75,0.37,0.61,5.3,0.0,32.5,70.8,1,1,2,35.0,2.87,0.09683,0,0
2024-05-14,VIL-007,Najafgarh,South West Delhi,Delhi,6.11,1.82,0.251,61.4,0.0,29.0,49.5,1,1,2,0.0,1.73,0.00402,0,0
2024-05-15,VIL-007,Najafgarh,South West Delhi,Delhi,8.55,4.34,0.386,94.7,0.0,25.7,75.1,2,4,5,0.0,2.3,0.00403,25,0
2024-05-16,VIL-007,Najafgarh,South West Delhi,Delhi,7.29,5.83,0.582,13.5,13.3,34.3,80.6,2,2,4,13.3,2.33,0.04014,25,0
2024-05-17,VIL-007,Najafgarh,South West Delhi,Delhi,7.11,9.22,0.239,86.8,1.5,29.4,79.6,1,3,0,14.8,3.45,0.00272,25,0
2024-05-18,VIL-007,Najafgarh,South West Delhi,Delhi,6.88,4.31,0.375,137.1,5.8,27.6,67.8,2,5,1,20.6,3.87,0.00272,60,1
2024-05-19,VIL-007,Najafgarh,South West Delhi,Delhi,7.54,2.73,0.115,279.6,0.0,29.7,49.3,0,2,0,7.3,4.09,0.00041,70,2
2024-05-20,VIL-007,Najafgarh,South West Delhi,Delhi,6.4,1.93,0.316,34.3,0.0,26.1,60.1,4,1,1,5.8,4.31,0.00895,0,0
2024-05-21,VIL-007,Najafgarh,South West Delhi,Delhi,6.91,5.82,0.14,1.7,15.1,30.7,90.1,2,1,1,15.1,4.88,0.05185,45,1
2024-05-22,VIL-007,Najafgarh,South West Delhi,Delhi,6.53,3.77,0.437,35.3,0.0,28.2,85.5,3,2,4,15.1,4.8,0.01204,0,0
2024-05-23,VIL-007,Najafgarh,South West Delhi,Delhi,7.53,0.49,0.089,70.2,0.0,25.8,73.9,2,2,2,15.1,4.04,0.00125,20,0
2024-05-24,VIL-007,Najafgarh,South West Delhi,Delhi,6.6,3.21,0.334,144.3,0.0,38.5,76.9,2,1,3,0.0,3.18,0.0023,35,1
2024-05-25,VIL-007,Najafgarh,South West Delhi,Delhi,7.76,1.58,0.248,180.9,13.9,25.0,62.7,1,2,5,13.9,2.79,0.00136,35,1
2024-05-26,VIL-007,Najafgarh,South West Delhi,Delhi,7.04,2.54,0.221,156.2,45.7,30.4,90.5,3,0,2,59.6,2.76,0.00141,50,1
2024-05-27,VIL-007,Najafgarh,South West Delhi,Delhi,7.56,6.4,0.548,69.7,10.6,29.2,66.4,1,4,1,70.2,3.4,0.00775,40,1
2024-05-28,VIL-007,Najafgarh,South West Delhi,Delhi,7.34,2.96,0.157,74.6,0.0,24.9,80.2,2,2,1,56.3,2.99,0.00208,35,1
2024-05-29,VIL-007,Najafgarh,South West Delhi,Delhi,7.74,7.82,0.252,0.2,0.0,27.7,59.1,2,3,2,10.6,3.57,0.21,25,0
2024-05-30,VIL-007,Najafgarh,South West Delhi,Delhi,6.54,5.64,0.385,29.4,0.0,23.6,72.9,1,2,2,0.0,4.31,0.01266,25,0
2024-05-31,VIL-007,Najafgarh,South West Delhi,Delhi,7.64,0.39,0.466,154.3,5.7,37.3,90.0,0,2,1,5.7,3.9,0.003,35,1
2024-06-01,VIL-007,Najafgarh,South West Delhi,Delhi,5.98,0.2,0.025,76.0,0.0,27.9,63.6,2,1,2,5.7,3.71,0.00032,35,1
2024-06-02,VIL-007,Najafgarh,South West Delhi,Delhi,7.13,1.36,0.318,41.0,0.0,28.3,84.0,2,3,0,5.7,3.54,0.00757,0,0
2024-06-03,VIL-007,Najafgarh,South West Delhi,Delhi,6.77,5.61,0.486,7.2,18.9,36.8,62.0,4,1,4,18.9,3.43,0.05927,25,0
2024-06-04,VIL-007,Najafgarh,South West Delhi,Delhi,6.26,0.73,0.649,18.4,5.0,25.7,64.2,4,2,2,23.9,3.11,0.03345,0,0
2024-06-05,VIL-007,Najafgarh,South West Delhi,Delhi,6.56,3.29,0.356,52.6,0.0,34.2,74.9,1,2,3,23.9,2.46,0.00664,0,0
2024-06-06,VIL-007,Najafgarh,South West Delhi,Delhi,6.72,1.81,0.098,148.1,0.0,31.4,86.7,3,1,2,5.0,1.91,0.00066,70,2
2024-06-07,VIL-007,Najafgarh,South West Delhi,Delhi,6.98,3.84,0.348,6.5,0.0,21.1,71.4,1,0,2,0.0,2.41,0.0464,0,0
2024-06-08,VIL-007,Najafgarh,South West Delhi,Delhi,6.79,0.5,0.263,10.9,0.0,27.5,82.4,1,2,1,0.0,2.45,0.0221,0,0
2024-06-09,VIL-007,Najafgarh,South West Delhi,Delhi,7.15,0.77,0.411,69.2,0.0,30.7,88.7,2,2,3,0.0,2.36,0.00585,0,0
2024-06-10,VIL-007,Najafgarh,South West Delhi,Delhi,6.6,0.78,0.681,22.6,0.0,29.1,65.7,2,4,1,0.0,1.67,0.02886,0,0
2024-06-11,VIL-007,Najafgarh,South West Delhi,Delhi,6.81,2.23,0.139,12.1,6.1,29.2,56.7,5,4,2,6.1,1.89,0.01061,20,0
2024-06-12,VIL-007,Najafgarh,South West Delhi,Delhi,6.93,0.96,0.547,12.8,0.0,26.6,70.7,2,1,2,6.1,1.56,0.03964,0,0
2024-06-13,VIL-007,Najafgarh,South West Delhi,Delhi,7.21,4.68,0.513,44.1,0.0,26.1,90.3,1,3,1,6.1,1.97,0.01137,25,0
2024-06-14,VIL-007,Najafgarh,South West Delhi,Delhi,7.61,1.19,0.468,57.0,41.6,27.8,65.2,1,1,0,41.6,1.59,0.00807,0,0
2024-06-15,VIL-007,Najafgarh,South West Delhi,Delhi,7.61,3.03,0.397,152.6,49.2,36.8,87.2,3,1,2,90.8,1.95,0.00258,50,1
2024-06-16,VIL-007,Najafgarh,South West Delhi,Delhi,7.24,8.31,0.723,49.1,0.0,25.4,71.8,3,2,2,90.8,3.03,0.01443,40,1
2024-06-17,VIL-007,Najafgarh,South West Delhi,Delhi,7.36,2.61,0.582,76.4,0.0,27.1,96.1,2,2,4,49.2,3.29,0.00752,0,0
2024-06-18,VIL-007,Najafgarh,South West Delhi,Delhi,7.29,0.78,0.245,13.0,17.7,29.1,99.0,1,5,4,17.7,3.08,0.0175,0,0
2024-06-19,VIL-007,Najafgarh,South West Delhi,Delhi,6.91,4.97,0.359,81.2,0.0,23.1,87.4,2,2,1,17.7,3.65,0.00437,25,0
2024-06-20,VIL-007,Najafgarh,South West Delhi,Delhi,7.64,0.2,0.155,68.0,0.0,30.7,55.2,4,1,3,17.7,3.01,0.00225,20,0
2024-06-21,VIL-007,Najafgarh,South West Delhi,Delhi,6.55,0.83,0.6,15.8,0.0,23.8,46.2,2,1,1,0.0,2.96,0.03571,0,0
2024-06-22,VIL-007,Najafgarh,South West Delhi,Delhi,5.87,1.37,0.358,71.9,0.0,24.7,75.7,3,3,1,0.0,2.72,0.00491,0,0
2024-06-23,VIL-007,Najafgarh,South West Delhi,Delhi,6.48,0.61,0.004,15.4,0.0,24.5,85.9,1,3,2,0.0,1.62,0.00024,35,1
2024-06-24,VIL-007,Najafgarh,South West Delhi,Delhi,7.94,2.59,0.0,58.5,19.1,22.4,81.0,2,2,2,19.1,1.62,0.0,35,1
2024-06-25,VIL-007,Najafgarh,South West Delhi,Delhi,6.92,2.29,0.25,71.8,39.1,34.1,66.3,2,1,5,58.2,1.84,0.00343,15,0
2024-06-26,VIL-007,Najafgarh,South West Delhi,Delhi,7.26,1.46,0.198,76.8,8.7,31.1,57.2,4,2,2,66.9,1.34,0.00254,35,1
2024-06-27,VIL-007,Najafgarh,South West Delhi,Delhi,6.94,0.98,0.27,156.0,2.3,32.7,86.2,0,4,1,50.1,1.45,0.00172,50,1
2024-06-28,VIL-007,Najafgarh,South West Delhi,Delhi,7.44,1.59,0.313,192.0,0.2,32.3,97.3,3,2,1,11.2,1.56,0.00162,35,1
2024-06-29,VIL-007,Najafgarh,South West Delhi,Delhi,7.14,0.96,0.583,108.0,9.4,28.3,67.0,2,3,3,11.9,1.5,0.00535,35,1
2024-06-30,VIL-007,Najafgarh,South West Delhi,Delhi,7.06,0.7,0.606,137.1,0.0,28.9,84.9,3,1,3,9.6,1.51,0.00439,35,1
2024-07-01,VIL-007,Najafgarh,South West Delhi,Delhi,7.47,1.21,0.752,1.3,0.0,33.1,99.0,2,2,2,9.4,1.31,0.32696,0,0
2024-07-02,VIL-007,Najafgarh,South West Delhi,Delhi,6.82,2.58,0.658,29.3,0.0,35.6,72.7,3,2,1,0.0,1.35,0.02172,0,0
2024-07-03,VIL-007,Najafgarh,South West Delhi,Delhi,7.32,2.93,0.463,2.6,19.6,24.0,73.0,1,4,2,19.6,1.56,0.12861,0,0
2024-07-04,VIL-007,Najafgarh,South West Delhi,Delhi,7.0,0.99,0.098,16.6,18.3,39.1,81.7,3,0,4,37.9,1.57,0.00557,20,0
2024-07-05,VIL-007,Najafgarh,South West Delhi,Delhi,7.04,8.25,0.494,31.3,43.8,23.7,71.6,3,3,2,81.7,2.52,0.01529,40,1
2024-07-06,VIL-007,Najafgarh,South West Delhi,Delhi,6.61,0.85,0.066,131.4,21.7,27.2,91.1,0,2,3,83.8,2.5,0.0005,85,2
2024-07-07,VIL-007,Najafgarh,South West Delhi,Delhi,6.97,3.49,0.41,46.6,3.2,29.3,70.2,2,3,1,68.7,2.9,0.00861,15,0
2024-07-08,VIL-007,Najafgarh,South West Delhi,Delhi,6.78,0.24,0.082,68.0,25.1,29.7,74.6,1,2,2,50.0,2.76,0.00119,20,0
2024-07-09,VIL-007,Najafgarh,South West Delhi,Delhi,7.78,3.06,0.7,29.3,0.0,36.9,57.7,3,3,2,28.3,2.83,0.0231,0,0
2024-07-10,VIL-007,Najafgarh,South West Delhi,Delhi,6.09,1.73,0.419,60.0,14.7,33.0,72.2,1,1,4,39.8,2.66,0.00687,0,0
2024-07-11,VIL-007,Najafgarh,South West Delhi,Delhi,7.63,2.36,0.313,109.9,1.4,30.7,62.9,3,3,0,16.1,2.85,0.00282,35,1
2024-07-12,VIL-007,Najafgarh,South West Delhi,Delhi,6.05,0.57,0.269,23.3,0.9,33.1,79.2,1,3,3,17.0,1.76,0.01107,0,0
2024-07-13,VIL-007,Najafgarh,South West Delhi,Delhi,7.42,1.59,0.344,175.0,0.0,30.4,55.0,3,0,2,2.3,1.86,0.00195,35,1
2024-07-14,VIL-007,Najafgarh,South West Delhi,Delhi,6.6,4.07,0.219,15.6,2.0,26.3,86.8,1,2,3,2.9,1.95,0.01319,25,0
2024-07-15,VIL-007,Najafgarh,South West Delhi,Delhi,7.44,4.08,0.291,163.6,6.6,30.9,64.5,3,1,2,8.6,2.49,0.00177,60,1
2024-07-16,VIL-007,Najafgarh,South West Delhi,Delhi,7.03,0.76,0.0,1.9,7.4,29.3,96.4,2,3,3,16.0,2.17,0.0,35,1
2024-07-17,VIL-007,Najafgarh,South West Delhi,Delhi,6.24,1.22,0.184,50.9,0.0,25.6,91.4,1,1,1,14.0,2.09,0.00355,20,0
2024-07-18,VIL-007,Najafgarh,South West Delhi,Delhi,7.92,0.2,0.141,273.7,0.0,34.1,81.4,3,3,3,7.4,1.78,0.00051,70,2
2024-07-19,VIL-007,Najafgarh,South West Delhi,Delhi,7.57,0.26,0.444,61.2,12.3,28.8,56.5,1,1,3,12.3,1.74,0.00714,0,0
2024-07-20,VIL-007,Najafgarh,South West Delhi,Delhi,7.4,0.38,0.356,52.6,0.0,24.5,67.5,2,3,0,12.3,1.57,0.00664,0,0
2024-07-21,VIL-007,Najafgarh,South West Delhi,Delhi,6.72,0.97,0.506,74.6,0.0,25.1,64.2,2,1,2,12.3,1.12,0.00669,0,0
2024-07-22,VIL-007,Najafgarh,South West Delhi,Delhi,7.59,3.98,0.274,22.2,29.4,31.1,65.7,1,3,1,29.4,1.11,0.01181,0,0
2024-07-23,VIL-007,Najafgarh,South West Delhi,Delhi,6.33,2.0,0.37,3.6,32.1,33.2,93.9,2,2,3,61.5,1.29,0.08043,15,0
2024-07-24,VIL-007,Najafgarh,South West Delhi,Delhi,5.76,4.4,0.0,18.8,0.0,30.9,73.2,1,1,1,61.5,1.74,0.0,75,2
2024-07-25,VIL-007,Najafgarh,South West Delhi,Delhi,6.16,3.94,0.514,12.6,0.0,30.9,67.1,5,3,3,32.1,2.28,0.03779,0,0
2024-07-26,VIL-007,Najafgarh,South West Delhi,Delhi,6.55,2.48,0.578,167.1,0.0,25.8,66.0,2,1,1,0.0,2.59,0.00344,35,1
2024-07-27,VIL-007,Najafgarh,South West Delhi,Delhi,6.65,1.94,0.467,124.3,21.8,29.4,68.6,1,2,3,21.8,2.82,0.00373,35,1
2024-07-28,VIL-007,Najafgarh,South West Delhi,Delhi,6.84,7.5,0.192,24.8,0.0,27.7,81.4,2,2,1,21.8,3.75,0.00744,45,1
2024-07-29,VIL-007,Najafgarh,South West Delhi,Delhi,6.87,2.36,0.45,117.5,0.7,28.2,55.5,4,1,3,22.5,3.52,0.0038,35,1
2024-07-30,VIL-007,Najafgarh,South West Delhi,Delhi,6.71,1.85,0.382,15.5,7.3,28.6,76.2,2,2,2,8.0,3.5,0.02315,0,0
2024-07-31,VIL-007,Najafgarh,South West Delhi,Delhi,5.83,5.69,0.0,14.5,0.0,26.4,80.1,1,1,1,8.0,3.68,0.0,60,1
2024-08-01,VIL-007,Najafgarh,South West Delhi,Delhi,7.22,0.21,0.573,94.8,0.0,32.0,54.2,3,5,3,7.3,3.15,0.00598,0,0
2024-08-02,VIL-007,Najafgarh,South West Delhi,Delhi,6.94,2.99,0.158,25.7,0.0,25.0,58.0,2,2,1,0.0,3.22,0.00592,20,0
2024-08-03,VIL-007,Najafgarh,South West Delhi,Delhi,6.68,0.34,0.454,4.4,5.7,23.8,74.4,0,1,2,5.7,2.99,0.08407,0,0
2024-08-04,VIL-007,Najafgarh,South West Delhi,Delhi,7.94,4.8,0.355,82.7,0.0,25.9,92.3,0,2,2,5.7,2.61,0.00424,25,0
2024-08-05,VIL-007,Najafgarh,South West Delhi,Delhi,6.95,4.41,0.593,296.8,11.0,32.5,89.4,1,4,1,16.7,2.9,0.00199,60,1
2024-08-06,VIL-007,Najafgarh,South West Delhi,Delhi,7.14,1.96,0.195,54.3,0.0,30.4,67.7,3,2,2,11.0,2.91,0.00353,20,0
2024-08-07,VIL-007,Najafgarh,South West Delhi,Delhi,7.58,3.03,0.259,19.9,5.1,21.9,91.9,1,1,1,16.1,2.53,0.01239,0,0
2024-08-08,VIL-007,Najafgarh,South West Delhi,Delhi,6.21,4.15,0.474,30.3,0.0,31.4,71.2,0,3,5,5.1,3.1,0.01514,25,0
2024-08-09,VIL-007,Najafgarh,South West Delhi,Delhi,7.09,1.85,0.242,68.0,3.2,28.8,71.1,0,2,2,8.3,2.93,0.00351,0,0
2024-08-10,VIL-007,Najafgarh,South West Delhi,Delhi,7.58,6.62,0.606,78.6,0.0,27.3,76.1,0,0,1,3.2,3.83,0.00761,25,0
2024-08-11,VIL-007,Najafgarh,South West Delhi,Delhi,7.05,1.61,0.214,141.3,0.0,28.0,85.1,2,0,2,3.2,3.38,0.0015,35,1
2024-08-12,VIL-007,Najafgarh,South West Delhi,Delhi,6.32,6.23,0.456,155.7,19.3,23.7,67.7,3,1,4,19.3,3.64,0.00291,60,1
2024-08-13,VIL-007,Najafgarh,South West Delhi,Delhi,6.81,2.45,0.349,128.4,0.0,29.7,70.2,1,3,2,19.3,3.71,0.0027,35,1
2024-08-14,VIL-007,Najafgarh,South West Delhi,Delhi,7.21,1.56,0.232,68.0,71.4,23.9,60.0,2,1,1,90.7,3.5,0.00336,15,0
2024-08-15,VIL-007,Najafgarh,South West Delhi,Delhi,5.84,0.2,0.587,38.8,0.0,27.6,79.2,2,0,3,71.4,2.93,0.01475,15,0
2024-08-16,VIL-007,Najafgarh,South West Delhi,Delhi,6.29,0.98,0.16,73.9,0.0,27.6,86.2,1,0,2,71.4,2.81,0.00214,35,1
2024-08-17,VIL-007,Najafgarh,South West Delhi,Delhi,8.28,5.67,0.446,71.4,0.0,32.1,86.9,5,0,0,0.0,2.67,0.00616,25,0
2024-08-18,VIL-007,Najafgarh,South West Delhi,Delhi,7.39,1.57,0.0,16.0,21.6,29.2,58.6,3,2,0,21.6,2.67,0.0,35,1
2024-08-19,VIL-007,Najafgarh,South West Delhi,Delhi,7.99,1.53,0.408,46.0,57.5,31.8,70.4,3,3,1,79.1,1.99,0.00868,15,0
2024-08-20,VIL-007,Najafgarh,South West Delhi,Delhi,7.62,1.88,0.57,15.2,18.9,24.2,89.9,1,1,3,98.0,1.91,0.03519,15,0
2024-08-21,VIL-007,Najafgarh,South West Delhi,Delhi,7.34,0.94,0.323,149.1,26.9,28.6,77.8,2,2,1,103.3,1.82,0.00215,50,1
2024-08-22,VIL-007,Najafgarh,South West Delhi,Delhi,6.91,1.89,0.388,25.4,39.8,31.1,75.4,2,2,0,85.6,2.07,0.0147,15,0
2024-08-23,VIL-007,Najafgarh,South West Delhi,Delhi,7.33,1.32,0.657,106.4,25.6,34.0,75.1,4,1,0,92.3,2.11,0.00612,50,1
2024-08-24,VIL-007,Najafgarh,South West Delhi,Delhi,7.97,6.72,0.54,30.8,0.0,24.4,81.5,0,5,0,65.4,2.26,0.01698,40,1
2024-08-25,VIL-007,Najafgarh,South West Delhi,Delhi,7.6,2.32,0.0,93.8,0.0,25.6,78.4,1,3,2,25.6,2.37,0.0,35,1
2024-08-26,VIL-007,Najafgarh,South West Delhi,Delhi,7.2,5.03,0.252,16.2,0.0,31.0,68.1,2,3,3,0.0,2.87,0.01465,25,0
2024-08-27,VIL-007,Najafgarh,South West Delhi,Delhi,7.0,3.25,0.298,93.8,0.0,35.4,85.6,5,1,1,0.0,3.07,0.00314,0,0
2024-08-28,VIL-007,Najafgarh,South West Delhi,Delhi,7.4,0.67,0.406,12.9,8.2,30.1,60.6,2,2,2,8.2,3.03,0.02921,0,0
2024-08-29,VIL-007,Najafgarh,South West Delhi,Delhi,6.78,5.66,0.339,43.9,0.0,24.6,90.9,2,2,2,8.2,3.57,0.00755,25,0
2024-08-30,VIL-007,Najafgarh,South West Delhi,Delhi,7.4,0.26,0.256,7.8,0.0,24.6,64.2,1,4,1,8.2,3.42,0.02909,0,0
2024-08-31,VIL-007,Najafgarh,South West Delhi,Delhi,6.68,1.67,0.244,48.8,0.5,29.5,81.6,1,0,5,0.5,2.69,0.0049,0,0
2024-09-01,VIL-007,Najafgarh,South West Delhi,Delhi,6.89,0.77,0.091,111.7,0.0,30.4,73.0,3,1,3,0.5,2.47,0.00081,70,2
2024-09-02,VIL-007,Najafgarh,South West Delhi,Delhi,6.48,2.16,0.168,91.6,0.0,28.1,69.3,1,2,3,0.5,2.06,0.00181,20,0
2024-09-03,VIL-007,Najafgarh,South West Delhi,Delhi,6.84,1.0,0.501,3.4,0.0,24.7,91.3,3,5,1,0.0,1.74,0.11386,0,0
2024-09-04,VIL-007,Najafgarh,South West Delhi,Delhi,6.69,3.59,0.161,44.0,0.0,33.4,83.9,1,2,2,0.0,2.16,0.00358,20,0
2024-09-05,VIL-007,Najafgarh,South West Delhi,Delhi,8.12,7.74,0.206,124.3,0.0,27.6,74.3,0,2,2,0.0,2.46,0.00164,60,1
2024-09-06,VIL-007,Najafgarh,South West Delhi,Delhi,6.56,3.46,0.088,68.3,0.0,31.1,95.9,3,1,4,0.0,2.91,0.00127,20,0
2024-09-07,VIL-007,Najafgarh,South West Delhi,Delhi,7.33,1.23,0.419,4.0,0.0,21.9,86.8,0,1,0,0.0,2.85,0.0838,0,0
2024-09-08,VIL-007,Najafgarh,South West Delhi,Delhi,6.53,2.57,0.523,25.6,0.0,33.8,65.3,1,3,1,0.0,3.11,0.01966,0,0
2024-09-09,VIL-007,Najafgarh,South West Delhi,Delhi,7.13,6.14,0.559,52.9,53.3,26.3,47.9,0,1,2,53.3,3.68,0.01037,40,1
2024-09-10,VIL-007,Najafgarh,South West Delhi,Delhi,7.27,0.88,0.28,12.3,0.0,34.4,76.3,2,3,5,53.3,3.66,0.02105,15,0
2024-09-11,VIL-007,Najafgarh,South West Delhi,Delhi,5.99,0.35,0.338,74.5,3.5,31.5,91.6,3,1,2,56.8,3.2,0.00448,15,0
2024-09-12,VIL-007,Najafgarh,South West Delhi,Delhi,6.26,0.39,0.355,65.5,0.0,23.3,82.3,1,0,2,3.5,2.15,0.00534,0,0
2024-09-13,VIL-007,Najafgarh,South West Delhi,Delhi,6.53,1.91,0.275,14.7,0.0,30.0,93.9,2,3,1,3.5,1.92,0.01752,0,0
2024-09-14,VIL-007,Najafgarh,South West Delhi,Delhi,6.32,3.69,0.409,52.0,0.0,35.6,67.8,1,0,1,0.0,2.28,0.00772,0,0
2024-09-15,VIL-007,Najafgarh,South West Delhi,Delhi,7.15,3.0,0.554,108.5,0.0,26.6,73.6,1,1,3,0.0,2.34,0.00506,35,1
2024-09-16,VIL-007,Najafgarh,South West Delhi,Delhi,7.25,1.69,0.529,30.5,10.7,35.6,73.9,1,0,1,10.7,1.7,0.01679,0,0
2024-09-17,VIL-007,Najafgarh,South West Delhi,Delhi,6.46,3.66,0.32,18.4,21.3,30.5,77.9,4,2,3,32.0,2.1,0.01649,0,0
2024-09-18,VIL-007,Najafgarh,South West Delhi,Delhi,7.17,2.81,0.254,78.5,0.0,34.4,84.2,2,3,1,32.0,2.45,0.00319,0,0
2024-09-19,VIL-007,Najafgarh,South West Delhi,Delhi,6.85,2.77,0.143,4.8,0.0,29.6,94.6,1,1,0,21.3,2.79,0.02466,20,0
2024-09-20,VIL-007,Najafgarh,South West Delhi,Delhi,7.04,0.63,0.037,116.2,0.0,28.5,97.1,1,2,3,0.0,2.61,0.00032,70,2
2024-09-21,VIL-007,Najafgarh,South West Delhi,Delhi,6.72,1.05,0.448,186.7,0.0,36.3,95.0,2,1,0,0.0,2.23,0.00239,35,1
2024-09-22,VIL-007,Najafgarh,South West Delhi,Delhi,7.39,1.18,0.35,217.5,0.0,31.9,83.0,1,1,1,0.0,1.97,0.0016,35,1
2024-09-23,VIL-007,Najafgarh,South West Delhi,Delhi,8.08,4.62,0.352,36.8,0.0,28.1,70.9,1,1,0,0.0,2.39,0.00931,25,0
2024-09-24,VIL-007,Najafgarh,South West Delhi,Delhi,7.56,4.18,0.79,63.4,0.0,30.7,77.7,1,4,2,0.0,2.46,0.01227,25,0
2024-09-25,VIL-007,Najafgarh,South West Delhi,Delhi,7.94,0.82,0.636,126.6,9.7,26.7,82.9,3,2,3,9.7,2.18,0.00498,35,1
2024-09-26,VIL-007,Najafgarh,South West Delhi,Delhi,6.26,0.2,0.358,16.4,0.0,29.4,76.6,1,1,1,9.7,1.81,0.02057,0,0
2024-09-27,VIL-007,Najafgarh,South West Delhi,Delhi,6.69,4.09,0.388,1.8,22.5,33.8,64.0,2,1,2,32.2,2.31,0.13857,25,0
2024-09-28,VIL-007,Najafgarh,South West Delhi,Delhi,7.44,1.48,0.15,31.6,10.9,28.4,69.5,2,2,1,33.4,2.37,0.0046,20,0
2024-09-29,VIL-007,Najafgarh,South West Delhi,Delhi,8.0,0.69,0.466,140.2,0.0,25.5,85.4,2,1,1,33.4,2.3,0.0033,35,1
2024-09-30,VIL-007,Najafgarh,South West Delhi,Delhi,7.49,0.35,0.391,45.7,0.0,25.1,72.0,4,1,1,10.9,1.69,0.00837,0,0
2024-10-01,VIL-007,Najafgarh,South West Delhi,Delhi,6.48,0.2,0.191,49.1,0.0,29.3,75.3,2,1,4,0.0,1.12,0.00381,20,0
2024-10-02,VIL-007,Najafgarh,South West Delhi,Delhi,6.84,1.56,0.395,76.4,14.8,25.8,74.1,3,3,2,14.8,1.22,0.0051,0,0
2024-10-03,VIL-007,Najafgarh,South West Delhi,Delhi,7.3,1.16,0.538,55.5,0.0,23.3,64.3,4,1,1,14.8,1.36,0.00952,0,0
2024-10-04,VIL-007,Najafgarh,South West Delhi,Delhi,7.0,3.34,0.722,3.6,0.0,24.2,72.9,2,2,1,14.8,1.25,0.15696,0,0
2024-10-05,VIL-007,Najafgarh,South West Delhi,Delhi,6.62,10.52,0.078,53.5,0.0,33.7,69.5,1,2,2,0.0,2.55,0.00143,45,1
2024-10-06,VIL-007,Najafgarh,South West Delhi,Delhi,6.93,0.65,0.144,67.9,3.4,28.4,66.7,4,2,1,3.4,2.54,0.00209,20,0
2024-10-07,VIL-007,Najafgarh,South West Delhi,Delhi,7.09,0.78,0.332,66.7,0.0,29.2,62.3,2,4,1,3.4,2.6,0.0049,0,0
2024-10-08,VIL-007,Najafgarh,South West Delhi,Delhi,6.45,1.15,0.391,84.7,0.0,25.1,73.8,2,2,1,3.4,2.74,0.00456,0,0
2024-10-09,VIL-007,Najafgarh,South West Delhi,Delhi,7.69,1.76,0.653,47.7,0.0,26.7,82.4,2,3,3,0.0,2.77,0.01341,0,0
2024-10-10,VIL-007,Najafgarh,South West Delhi,Delhi,6.84,3.35,0.571,149.7,6.7,26.5,88.4,1,4,1,6.7,3.08,0.00379,35,1
2024-10-11,VIL-007,Najafgarh,South West Delhi,Delhi,7.06,1.21,0.0,40.6,4.7,27.9,58.3,1,2,2,11.4,2.77,0.0,35,1
2024-10-12,VIL-007,Najafgarh,South West Delhi,Delhi,7.72,0.31,0.274,47.5,23.6,22.4,94.3,1,1,2,35.0,1.32,0.00565,0,0
2024-10-13,VIL-007,Najafgarh,South West Delhi,Delhi,7.03,3.67,0.077,98.5,0.0,33.4,78.5,5,4,2,28.3,1.75,0.00077,35,1
2024-10-14,VIL-007,Najafgarh,South West Delhi,Delhi,7.69,4.43,0.115,116.4,0.0,28.9,61.5,1,2,4,23.6,2.27,0.00098,95,2
2024-10-15,VIL-007,Najafgarh,South West Delhi,Delhi,6.48,0.8,0.455,67.9,0.0,29.8,70.2,1,2,2,0.0,2.22,0.0066,0,0
2024-10-16,VIL-007,Najafgarh,South West Delhi,Delhi,7.36,0.41,0.375,8.8,0.0,32.7,52.5,3,2,3,0.0,2.03,0.03827,0,0
2024-10-17,VIL-007,Najafgarh,South West Delhi,Delhi,7.6,2.1,0.649,26.2,5.1,32.4,55.5,3,1,4,5.1,1.85,0.02386,0,0
2024-10-18,VIL-007,Najafgarh,South West Delhi,Delhi,6.6,0.65,0.097,1.3,97.9,26.7,95.7,0,1,2,103.0,1.77,0.04217,35,1
2024-10-19,VIL-007,Najafgarh,South West Delhi,Delhi,6.99,1.31,0.345,22.8,3.5,31.4,66.6,1,1,1,106.5,1.91,0.0145,15,0
2024-10-20,VIL-007,Najafgarh,South West Delhi,Delhi,7.01,4.21,0.253,54.9,0.4,31.4,81.4,3,5,4,101.8,1.99,0.00453,40,1
2024-10-21,VIL-007,Najafgarh,South West Delhi,Delhi,7.23,0.69,0.633,106.3,0.0,30.3,73.7,3,1,2,3.9,1.45,0.0059,35,1
2024-10-22,VIL-007,Najafgarh,South West Delhi,Delhi,7.38,4.6,0.188,57.3,15.6,33.2,75.2,1,1,2,16.0,2.0,0.00322,45,1
2024-10-23,VIL-007,Najafgarh,South West Delhi,Delhi,6.55,3.14,0.389,2.6,0.0,32.2,79.4,2,3,2,15.6,2.39,0.10806,0,0
2024-10-24,VIL-007,Najafgarh,South West Delhi,Delhi,7.06,0.69,0.1,19.5,13.0,31.9,50.0,1,3,1,28.6,2.18,0.00488,20,0
2024-10-25,VIL-007,Najafgarh,South West Delhi,Delhi,8.05,2.09,0.611,56.1,0.0,34.5,90.8,2,0,1,13.0,2.39,0.0107,0,0
2024-10-26,VIL-007,Najafgarh,South West Delhi,Delhi,7.73,2.67,0.681,80.2,0.0,29.1,73.8,5,1,1,13.0,2.58,0.00839,0,0
2024-10-27,VIL-007,Najafgarh,South West Delhi,Delhi,7.58,0.63,0.224,130.9,17.3,29.2,68.9,0,3,5,17.3,2.07,0.0017,35,1
2024-10-28,VIL-007,Najafgarh,South West Delhi,Delhi,6.98,0.44,0.203,223.0,0.0,32.3,80.6,2,3,1,17.3,2.04,0.00091,50,1
2024-10-29,VIL-007,Najafgarh,South West Delhi,Delhi,8.38,2.12,0.397,144.5,43.5,28.3,66.3,3,1,1,60.8,1.68,0.00273,50,1
2024-10-30,VIL-007,Najafgarh,South West Delhi,Delhi,7.72,3.31,0.203,40.9,0.0,30.9,77.5,1,2,3,43.5,1.71,0.00484,0,0
2024-10-31,VIL-007,Najafgarh,South West Delhi,Delhi,7.12,1.75,0.556,89.3,0.0,26.8,73.0,3,1,3,43.5,1.86,0.00616,0,0
2024-11-01,VIL-007,Najafgarh,South West Delhi,Delhi,7.23,0.2,0.432,17.9,0.0,19.9,83.5,0,2,0,0.0,1.59,0.02286,0,0
2024-11-02,VIL-007,Najafgarh,South West Delhi,Delhi,6.82,7.26,0.578,4.3,0.0,31.4,72.4,2,5,1,0.0,2.24,0.10906,25,0
2024-11-03,VIL-007,Najafgarh,South West Delhi,Delhi,7.34,3.32,0.155,3.7,8.7,22.8,62.6,6,0,3,8.7,2.63,0.03298,20,0
2024-11-04,VIL-007,Najafgarh,South West Delhi,Delhi,7.46,2.72,0.102,18.0,14.9,26.2,79.3,4,2,3,23.6,2.95,0.00537,20,0
2024-11-05,VIL-007,Najafgarh,South West Delhi,Delhi,7.52,2.89,0.416,2.5,53.1,32.3,71.8,1,3,1,76.7,3.06,0.11886,15,0
2024-11-06,VIL-007,Najafgarh,South West Delhi,Delhi,6.99,1.42,0.654,123.4,19.0,32.3,53.1,1,1,2,87.0,2.79,0.00526,50,1
2024-11-07,VIL-007,Najafgarh,South West Delhi,Delhi,6.22,11.65,0.182,43.8,0.0,33.7,77.4,2,3,1,72.1,4.21,0.00406,60,1
2024-11-08,VIL-007,Najafgarh,South West Delhi,Delhi,7.25,0.4,0.433,108.3,0.0,20.9,68.6,3,0,2,19.0,4.24,0.00396,35,1
2024-11-09,VIL-007,Najafgarh,South West Delhi,Delhi,7.52,3.76,0.231,182.8,0.0,30.2,79.1,1,2,5,0.0,3.74,0.00126,35,1
2024-11-10,VIL-007,Najafgarh,South West Delhi,Delhi,6.51,1.53,0.541,331.5,0.0,28.0,64.7,3,6,0,0.0,3.48,0.00163,55,1
2024-11-11,VIL-007,Najafgarh,South West Delhi,Delhi,7.05,5.96,0.191,179.9,0.0,33.0,60.5,5,4,2,0.0,3.94,0.00106,80,2
2024-11-12,VIL-007,Najafgarh,South West Delhi,Delhi,7.9,3.54,0.4,81.9,0.0,34.9,89.2,0,1,3,0.0,4.04,0.00483,0,0
2024-11-13,VIL-007,Najafgarh,South West Delhi,Delhi,6.38,2.31,0.552,37.9,6.1,23.8,85.1,4,1,1,6.1,4.16,0.01419,0,0
2024-11-14,VIL-007,Najafgarh,South West Delhi,Delhi,6.93,7.77,0.108,59.2,0.0,29.1,74.9,2,2,3,6.1,3.61,0.00179,45,1
2024-11-15,VIL-007,Najafgarh,South West Delhi,Delhi,7.99,6.82,0.458,110.2,8.6,32.3,80.3,1,3,0,14.7,4.53,0.00412,60,1
2024-11-16,VIL-007,Najafgarh,South West Delhi,Delhi,7.19,0.2,0.286,148.1,0.0,27.6,84.7,4,1,2,8.6,4.02,0.00192,35,1
2024-11-17,VIL-007,Najafgarh,South West Delhi,Delhi,6.78,0.6,0.503,203.7,0.0,36.0,74.9,4,3,6,8.6,3.89,0.00246,35,1
2024-11-18,VIL-007,Najafgarh,South West Delhi,Delhi,7.1,3.16,0.416,85.3,0.0,27.4,60.5,2,5,4,0.0,3.49,0.00482,0,0
2024-11-19,VIL-007,Najafgarh,South West Delhi,Delhi,7.6,7.14,0.275,50.5,19.9,27.8,78.6,4,0,1,19.9,4.0,0.00534,25,0
2024-11-20,VIL-007,Najafgarh,South West Delhi,Delhi,6.98,1.58,0.333,224.5,0.0,24.7,87.0,1,4,1,19.9,3.9,0.00148,35,1
2024-11-21,VIL-007,Najafgarh,South West Delhi,Delhi,7.46,0.2,0.019,207.0,7.5,29.6,82.1,3,2,2,27.4,2.81,9e-05,70,2
2024-11-22,VIL-007,Najafgarh,South West Delhi,Delhi,7.24,2.89,0.507,42.2,0.0,16.9,75.7,2,1,3,7.5,2.25,0.01174,0,0
2024-11-23,VIL-007,Najafgarh,South West Delhi,Delhi,7.29,0.61,0.692,68.0,0.0,28.0,81.8,1,4,1,7.5,2.31,0.01003,0,0
2024-11-24,VIL-007,Najafgarh,South West Delhi,Delhi,7.5,2.25,0.252,107.7,0.0,34.1,72.3,2,4,3,0.0,2.55,0.00232,35,1
2024-11-25,VIL-007,Najafgarh,South West Delhi,Delhi,6.92,1.36,0.343,36.9,7.8,23.4,87.5,2,2,5,7.8,2.29,0.00905,0,0
2024-11-26,VIL-007,Najafgarh,South West Delhi,Delhi,6.53,2.29,0.633,114.9,0.0,22.5,91.2,2,4,0,7.8,1.6,0.00546,35,1
2024-11-27,VIL-007,Najafgarh,South West Delhi,Delhi,7.38,7.55,0.027,7.7,0.0,33.5,59.4,1,1,4,7.8,2.45,0.0031,45,1
2024-11-28,VIL-007,Najafgarh,South West Delhi,Delhi,7.02,1.86,0.441,42.6,0.9,34.0,88.4,6,3,2,0.9,2.69,0.01011,0,0
2024-11-29,VIL-007,Najafgarh,South West Delhi,Delhi,6.83,0.2,0.651,42.8,0.0,23.6,99.0,2,2,1,0.9,2.3,0.01486,0,0
2024-11-30,VIL-007,Najafgarh,South West Delhi,Delhi,7.42,2.44,0.237,75.0,0.0,35.9,81.3,2,1,4,0.9,2.56,0.00312,0,0
2024-12-01,VIL-007,Najafgarh,South West Delhi,Delhi,7.87,1.1,0.252,8.0,19.3,30.7,86.8,1,2,4,19.3,2.4,0.028,0,0
2024-12-02,VIL-007,Najafgarh,South West Delhi,Delhi,7.01,4.22,0.589,7.1,2.0,33.2,67.2,1,2,2,21.3,2.81,0.07272,25,0
2024-12-03,VIL-007,Najafgarh,South West Delhi,Delhi,7.11,1.78,0.154,150.1,13.3,25.8,69.0,1,2,4,34.6,2.74,0.00102,55,1
2024-12-04,VIL-007,Najafgarh,South West Delhi,Delhi,6.39,3.79,0.505,23.5,8.5,35.0,72.5,2,1,1,23.8,2.2,0.02061,0,0
2024-12-05,VIL-007,Najafgarh,South West Delhi,Delhi,6.97,6.71,0.418,25.7,13.9,27.9,70.2,0,6,3,35.7,2.89,0.01566,45,1
2024-12-06,VIL-007,Najafgarh,South West Delhi,Delhi,7.23,1.26,0.554,97.5,34.6,27.8,59.3,3,2,2,57.0,3.04,0.00562,15,0
2024-12-07,VIL-007,Najafgarh,South West Delhi,Delhi,7.09,12.73,0.327,34.8,64.8,30.9,72.9,2,2,1,113.3,4.51,0.00913,40,1
2024-12-08,VIL-007,Najafgarh,South West Delhi,Delhi,6.88,0.45,0.626,116.3,25.2,27.4,85.0,4,1,2,124.6,4.42,0.00534,50,1
2024-12-09,VIL-007,Najafgarh,South West Delhi,Delhi,7.54,2.89,0.281,33.4,0.0,22.9,59.4,3,1,2,90.0,4.23,0.00817,15,0
2024-12-10,VIL-007,Najafgarh,South West Delhi,Delhi,7.13,0.2,0.085,92.9,0.0,29.5,77.1,1,1,2,25.2,4.0,0.00091,35,1
2024-12-11,VIL-007,Najafgarh,South West Delhi,Delhi,8.65,0.67,0.073,48.4,0.0,27.7,76.8,1,2,1,0.0,3.56,0.00148,20,0
2024-12-12,VIL-007,Najafgarh,South West Delhi,Delhi,7.22,2.81,0.153,178.5,0.0,25.9,71.4,4,0,6,0.0,3.0,0.00085,70,2
2024-12-13,VIL-007,Najafgarh,South West Delhi,Delhi,5.45,0.2,0.472,25.8,2.9,34.0,81.0,0,3,2,2.9,2.85,0.01761,0,0
2024-12-14,VIL-007,Najafgarh,South West Delhi,Delhi,6.43,0.3,0.215,29.3,0.0,38.6,79.8,2,2,2,2.9,1.07,0.0071,0,0
2024-12-15,VIL-007,Najafgarh,South West Delhi,Delhi,7.42,0.96,0.347,227.9,0.0,25.3,70.5,2,4,1,2.9,1.15,0.00152,35,1
2024-12-16,VIL-007,Najafgarh,South West Delhi,Delhi,6.71,2.4,0.366,86.9,0.0,29.8,87.7,2,3,1,0.0,1.08,0.00416,0,0
2024-12-17,VIL-007,Najafgarh,South West Delhi,Delhi,6.75,0.2,0.211,96.3,0.0,27.4,81.7,1,1,1,0.0,1.08,0.00217,0,0
2024-12-18,VIL-007,Najafgarh,South West Delhi,Delhi,6.36,1.84,0.378,22.8,0.0,38.2,93.9,4,1,2,0.0,1.24,0.01588,0,0
2024-12-19,VIL-007,Najafgarh,South West Delhi,Delhi,6.81,2.75,0.519,49.4,50.4,31.0,74.2,5,4,0,50.4,1.24,0.0103,15,0
2024-12-20,VIL-007,Najafgarh,South West Delhi,Delhi,7.22,1.44,0.356,24.5,0.0,32.7,71.1,1,0,3,50.4,1.41,0.01396,15,0
2024-12-21,VIL-007,Najafgarh,South West Delhi,Delhi,7.33,0.2,0.515,19.6,0.0,33.7,72.5,3,2,2,50.4,1.4,0.025,15,0
2024-12-22,VIL-007,Najafgarh,South West Delhi,Delhi,6.49,2.64,0.282,49.8,0.0,29.5,89.1,2,2,4,0.0,1.64,0.00555,0,0
2024-12-23,VIL-007,Najafgarh,South West Delhi,Delhi,7.58,2.61,0.398,286.2,63.6,28.3,73.2,2,2,3,63.6,1.67,0.00139,50,1
2024-12-24,VIL-007,Najafgarh,South West Delhi,Delhi,6.39,1.97,0.367,15.7,0.0,35.1,73.9,3,1,1,63.6,1.92,0.02198,15,0
2024-12-25,VIL-007,Najafgarh,South West Delhi,Delhi,7.36,3.31,0.543,18.1,0.0,32.1,98.5,2,4,1,63.6,2.13,0.02843,15,0
2024-12-26,VIL-007,Najafgarh,South West Delhi,Delhi,7.3,0.65,0.426,18.1,0.0,25.6,58.9,3,5,4,0.0,1.83,0.0223,0,0
2024-12-27,VIL-007,Najafgarh,South West Delhi,Delhi,6.54,3.18,0.234,102.0,22.9,26.1,79.3,1,1,0,22.9,2.08,0.00227,35,1
2024-12-28,VIL-007,Najafgarh,South West Delhi,Delhi,6.47,0.49,0.438,46.4,30.0,27.4,74.3,1,3,2,52.9,2.12,0.00924,15,0
2024-12-29,VIL-007,Najafgarh,South West Delhi,Delhi,7.33,1.4,0.178,31.6,11.0,33.6,72.0,0,2,2,63.9,1.94,0.00546,35,1
2024-12-30,VIL-007,Najafgarh,South West Delhi,Delhi,6.76,0.2,0.423,120.7,0.0,34.9,63.6,2,2,2,41.0,1.6,0.00348,35,1
2024-12-31,VIL-007,Najafgarh,South West Delhi,Delhi,6.99,4.79,0.344,23.0,24.4,37.6,67.0,1,3,1,35.4,2.0,0.01433,25,0
2025-01-01,VIL-007,Najafgarh,South West Delhi,Delhi,7.51,2.16,0.377,32.4,7.1,26.2,70.1,1,2,4,31.5,1.84,0.01129,0,0
2025-01-02,VIL-007,Najafgarh,South West Delhi,Delhi,7.39,9.92,0.343,5.0,0.0,29.6,80.9,2,3,5,31.5,3.16,0.05717,25,0
2025-01-03,VIL-007,Najafgarh,South West Delhi,Delhi,6.55,7.99,0.24,8.2,0.0,27.4,85.2,2,1,1,7.1,3.85,0.02609,25,0
2025-01-04,VIL-007,Najafgarh,South West Delhi,Delhi,7.07,18.32,0.218,9.6,0.0,28.3,53.7,1,1,3,0.0,6.4,0.02057,25,0
2025-01-05,VIL-007,Najafgarh,South West Delhi,Delhi,6.54,0.3,0.545,27.7,0.0,32.7,60.6,2,0,2,0.0,6.24,0.01899,0,0
2025-01-06,VIL-007,Najafgarh,South West Delhi,Delhi,7.62,2.61,0.689,48.3,0.0,28.8,81.6,0,2,2,0.0,6.58,0.01398,0,0
2025-01-07,VIL-007,Najafgarh,South West Delhi,Delhi,8.02,1.47,0.399,0.0,4.4,34.3,82.6,2,1,3,4.4,6.11,0.399,0,0
2025-01-08,VIL-007,Najafgarh,South West Delhi,Delhi,6.59,2.13,0.356,13.7,0.0,26.9,57.4,0,1,2,4.4,6.11,0.02422,0,0
2025-01-09,VIL-007,Najafgarh,South West Delhi,Delhi,7.08,1.03,0.129,12.6,0.0,32.0,85.5,1,2,3,4.4,4.84,0.00949,20,0
2025-01-10,VIL-007,Najafgarh,South West Delhi,Delhi,7.65,0.2,0.033,19.0,19.8,27.2,74.8,2,2,1,19.8,3.72,0.00165,20,0
2025-01-11,VIL-007,Najafgarh,South West Delhi,Delhi,7.11,3.44,0.061,11.8,7.3,21.7,84.0,1,1,1,27.1,1.6,0.00477,20,0
2025-01-12,VIL-007,Najafgarh,South West Delhi,Delhi,7.44,9.45,0.446,14.1,21.2,24.9,64.8,2,2,0,48.3,2.9,0.02954,25,0
2025-01-13,VIL-007,Najafgarh,South West Delhi,Delhi,7.13,2.13,0.03,268.3,0.0,29.5,58.3,0,0,2,28.5,2.84,0.00011,70,2
2025-01-14,VIL-007,Najafgarh,South West Delhi,Delhi,6.47,1.12,0.469,58.7,15.1,36.7,71.3,1,2,1,36.3,2.79,0.00786,0,0
2025-01-15,VIL-007,Najafgarh,South West Delhi,Delhi,7.17,7.8,0.152,93.5,0.0,27.2,71.8,0,0,1,15.1,3.6,0.00161,45,1
2025-01-16,VIL-007,Najafgarh,South West Delhi,Delhi,7.78,1.27,0.379,111.2,16.6,28.3,71.2,1,1,2,31.7,3.63,0.00338,35,1
2025-01-17,VIL-007,Najafgarh,South West Delhi,Delhi,7.29,6.89,0.277,71.6,0.0,31.0,70.3,1,2,2,16.6,4.59,0.00382,25,0
2025-01-18,VIL-007,Najafgarh,South West Delhi,Delhi,8.07,5.42,0.159,79.1,0.0,26.6,95.3,2,1,1,16.6,4.87,0.00199,45,1
2025-01-19,VIL-007,Najafgarh,South West Delhi,Delhi,6.04,2.11,0.101,65.0,0.0,27.1,54.6,0,2,2,0.0,3.82,0.00153,20,0
2025-01-20,VIL-007,Najafgarh,South West Delhi,Delhi,7.33,3.16,0.04,68.1,0.0,29.3,64.9,0,0,0,0.0,3.97,0.00058,35,1
2025-01-21,VIL-007,Najafgarh,South West Delhi,Delhi,6.71,3.37,0.155,171.4,3.5,27.3,70.0,3,1,2,3.5,4.29,0.0009,70,2
2025-01-22,VIL-007,Najafgarh,South West Delhi,Delhi,6.57,2.87,0.75,13.4,0.0,21.9,75.3,2,0,0,3.5,3.58,0.05208,0,0
2025-01-23,VIL-007,Najafgarh,South West Delhi,Delhi,7.9,0.49,0.585,20.9,0.0,26.4,83.5,2,1,1,3.5,3.47,0.02671,0,0
2025-01-24,VIL-007,Najafgarh,South West Delhi,Delhi,6.95,3.3,0.383,6.4,0.0,31.5,85.4,4,1,2,0.0,2.96,0.05176,0,0
2025-01-25,VIL-007,Najafgarh,South West Delhi,Delhi,6.89,0.2,0.284,118.0,0.0,31.6,87.9,2,2,1,0.0,2.21,0.00239,35,1
2025-01-26,VIL-007,Najafgarh,South West Delhi,Delhi,7.31,3.47,0.244,38.7,0.5,34.3,80.8,4,0,2,0.5,2.41,0.00615,0,0
2025-01-27,VIL-007,Najafgarh,South West Delhi,Delhi,5.81,2.27,0.37,154.5,0.0,34.0,54.2,1,0,0,0.5,2.28,0.00238,35,1
2025-01-28,VIL-007,Najafgarh,South West Delhi,Delhi,7.91,0.84,0.247,34.5,35.1,25.4,55.0,2,3,1,35.6,1.92,0.00696,0,0
2025-01-29,VIL-007,Najafgarh,South West Delhi,Delhi,8.24,4.56,0.246,38.0,22.2,26.0,88.8,4,2,0,57.3,2.16,0.00631,40,1
2025-01-30,VIL-007,Najafgarh,South West Delhi,Delhi,7.65,1.46,0.438,38.7,0.0,26.2,88.0,0,2,1,57.3,2.3,0.01103,15,0
2025-01-31,VIL-007,Najafgarh,South West Delhi,Delhi,7.35,1.86,0.168,61.6,0.0,28.4,82.6,2,4,1,22.2,2.09,0.00268,20,0
2025-02-01,VIL-007,Najafgarh,South West Delhi,Delhi,6.97,0.2,0.0,94.4,0.0,26.5,65.2,3,2,2,0.0,2.09,0.0,35,1
2025-02-02,VIL-007,Najafgarh,South West Delhi,Delhi,6.45,1.44,0.245,28.1,0.0,28.3,71.1,1,4,0,0.0,1.8,0.00842,0,0
2025-02-03,VIL-007,Najafgarh,South West Delhi,Delhi,7.82,0.51,0.611,64.7,0.0,25.5,70.2,2,1,0,0.0,1.55,0.0093,0,0
2025-02-04,VIL-007,Najafgarh,South West Delhi,Delhi,7.65,0.9,0.057,14.8,0.0,32.1,62.7,1,2,3,0.0,1.56,0.00361,20,0
2025-02-05,VIL-007,Najafgarh,South West Delhi,Delhi,7.37,0.81,0.127,52.5,0.0,25.2,78.1,4,4,2,0.0,1.03,0.00237,20,0
2025-02-06,VIL-007,Najafgarh,South West Delhi,Delhi,7.3,0.2,0.235,51.4,0.0,25.0,99.0,3,0,2,0.0,0.85,0.00448,0,0
2025-02-07,VIL-007,Najafgarh,South West Delhi,Delhi,7.28,1.73,0.062,142.7,0.0,31.1,69.1,1,2,4,0.0,0.83,0.00043,70,2
2025-02-08,VIL-007,Najafgarh,South West Delhi,Delhi,6.78,2.07,0.621,147.0,0.0,31.9,90.6,2,3,2,0.0,1.09,0.0042,35,1
2025-02-09,VIL-007,Najafgarh,South West Delhi,Delhi,8.6,2.37,0.368,43.4,0.0,28.1,64.4,4,1,4,0.0,1.23,0.00829,0,0
2025-02-10,VIL-007,Najafgarh,South West Delhi,Delhi,6.93,1.74,0.03,1.6,0.0,32.5,56.6,1,2,1,0.0,1.4,0.01154,20,0
2025-02-11,VIL-007,Najafgarh,South West Delhi,Delhi,6.84,5.7,0.327,121.0,0.0,32.2,86.8,2,1,2,0.0,2.09,0.00268,60,1
2025-02-12,VIL-007,Najafgarh,South West Delhi,Delhi,7.77,0.2,0.343,0.0,0.0,36.6,72.4,2,4,4,0.0,2.0,0.343,0,0
2025-02-13,VIL-007,Najafgarh,South West Delhi,Delhi,7.08,2.66,0.307,42.3,0.0,31.9,90.3,1,3,0,0.0,2.35,0.00709,0,0
2025-02-14,VIL-007,Najafgarh,South West Delhi,Delhi,7.09,5.63,0.32,1.3,0.0,35.8,92.7,2,1,2,0.0,2.91,0.13913,25,0
2025-02-15,VIL-007,Najafgarh,South West Delhi,Delhi,7.95,0.2,0.327,28.3,64.6,29.2,71.7,1,2,3,64.6,2.64,0.01116,15,0
2025-02-16,VIL-007,Najafgarh,South West Delhi,Delhi,7.51,1.92,0.406,65.8,0.0,34.6,91.1,2,4,1,64.6,2.58,0.00608,15,0
2025-02-17,VIL-007,Najafgarh,South West Delhi,Delhi,7.54,2.49,0.417,30.2,0.0,34.7,64.5,0,1,2,64.6,2.69,0.01337,15,0
2025-02-18,VIL-007,Najafgarh,South West Delhi,Delhi,6.25,0.59,0.081,170.0,18.8,28.4,64.3,1,2,1,18.8,1.96,0.00047,70,2
2025-02-19,VIL-007,Najafgarh,South West Delhi,Delhi,7.34,0.81,0.361,66.5,0.0,26.2,87.9,2,2,4,18.8,2.04,0.00535,0,0
2025-02-20,VIL-007,Najafgarh,South West Delhi,Delhi,6.5,4.31,0.383,67.6,0.0,26.9,56.4,7,1,3,18.8,2.28,0.00558,25,0
2025-02-21,VIL-007,Najafgarh,South West Delhi,Delhi,6.83,2.35,0.24,30.5,39.4,30.7,75.0,3,2,1,39.4,1.81,0.00762,0,0
2025-02-22,VIL-007,Najafgarh,South West Delhi,Delhi,7.21,1.06,0.657,2.6,31.1,24.4,90.0,2,1,2,70.5,1.93,0.1825,15,0
2025-02-23,VIL-007,Najafgarh,South West Delhi,Delhi,7.08,4.05,0.335,87.1,0.0,27.2,90.8,3,2,4,70.5,2.24,0.0038,40,1
2025-02-24,VIL-007,Najafgarh,South West Delhi,Delhi,7.49,3.85,0.441,81.9,14.7,33.8,69.8,2,0,1,45.8,2.43,0.00532,0,0
2025-02-25,VIL-007,Najafgarh,South West Delhi,Delhi,7.56,1.19,0.269,49.1,0.0,31.7,87.1,1,1,2,14.7,2.52,0.00537,0,0
2025-02-26,VIL-007,Najafgarh,South West Delhi,Delhi,7.61,1.88,0.295,35.0,38.8,19.6,61.5,5,2,2,53.5,2.67,0.00819,15,0
2025-02-27,VIL-007,Najafgarh,South West Delhi,Delhi,6.29,3.06,0.412,50.2,0.0,23.7,67.0,1,7,1,38.8,2.49,0.00805,20,0
2025-02-28,VIL-007,Najafgarh,South West Delhi,Delhi,8.52,1.18,0.101,89.3,0.0,37.6,77.8,2,3,2,38.8,2.32,0.00112,20,0
2025-03-01,VIL-007,Najafgarh,South West Delhi,Delhi,7.09,2.78,0.484,81.1,72.1,33.7,79.5,1,2,1,72.1,2.57,0.0059,15,0
2025-03-02,VIL-007,Najafgarh,South West Delhi,Delhi,7.83,0.81,0.128,69.8,0.0,26.7,62.4,5,3,2,72.1,2.11,0.00181,35,1
2025-03-03,VIL-007,Najafgarh,South West Delhi,Delhi,5.59,0.97,0.509,152.2,0.0,23.0,97.3,1,2,0,72.1,1.7,0.00332,50,1
2025-03-04,VIL-007,Najafgarh,South West Delhi,Delhi,6.94,1.04,0.302,61.2,0.0,24.0,52.5,0,1,1,0.0,1.67,0.00486,0,0
2025-03-05,VIL-007,Najafgarh,South West Delhi,Delhi,6.22,7.7,0.721,1.0,4.7,31.0,75.7,1,5,2,4.7,2.51,0.3605,25,0
2025-03-06,VIL-007,Najafgarh,South West Delhi,Delhi,6.58,5.02,0.527,62.6,0.0,36.9,77.4,2,1,7,4.7,2.79,0.00829,25,0
2025-03-07,VIL-007,Najafgarh,South West Delhi,Delhi,7.13,2.33,0.528,61.6,17.8,36.7,54.0,1,2,3,22.5,2.95,0.00843,0,0
2025-03-08,VIL-007,Najafgarh,South West Delhi,Delhi,6.9,2.32,0.376,4.7,0.0,22.7,90.9,1,1,2,17.8,2.88,0.06596,0,0
2025-03-09,VIL-007,Najafgarh,South West Delhi,Delhi,7.89,0.2,0.532,36.3,27.9,27.8,66.1,0,5,3,45.7,2.8,0.01426,0,0
2025-03-10,VIL-007,Najafgarh,South West Delhi,Delhi,8.16,2.94,0.487,68.4,0.0,25.6,76.2,2,1,2,27.9,3.08,0.00702,0,0
2025-03-11,VIL-007,Najafgarh,South West Delhi,Delhi,6.52,1.11,0.001,79.2,19.2,29.5,78.9,3,0,1,47.1,3.09,1e-05,35,1
2025-03-12,VIL-007,Najafgarh,South West Delhi,Delhi,6.81,2.65,0.193,145.3,0.0,23.7,57.5,2,1,5,19.2,2.37,0.00132,55,1
2025-03-13,VIL-007,Najafgarh,South West Delhi,Delhi,6.48,5.14,0.183,119.7,22.9,26.8,62.1,1,2,1,42.1,2.38,0.00152,80,2
2025-03-14,VIL-007,Najafgarh,South West Delhi,Delhi,7.79,0.2,0.21,8.1,0.0,25.5,93.8,1,1,2,22.9,2.08,0.02308,0,0
2025-03-15,VIL-007,Najafgarh,South West Delhi,Delhi,7.2,2.62,0.304,61.0,0.0,31.1,74.2,4,1,1,22.9,2.12,0.0049,0,0
2025-03-16,VIL-007,Najafgarh,South West Delhi,Delhi,7.12,2.33,0.443,59.0,3.3,26.9,42.6,0,0,5,3.3,2.43,0.00738,0,0
2025-03-17,VIL-007,Najafgarh,South West Delhi,Delhi,7.29,0.65,0.561,23.5,0.0,27.5,71.4,2,2,1,3.3,2.1,0.0229,0,0
2025-03-18,VIL-007,Najafgarh,South West Delhi,Delhi,6.91,2.91,0.459,13.2,4.1,31.0,74.6,0,3,0,7.4,2.36,0.03232,0,0
2025-03-19,VIL-007,Najafgarh,South West Delhi,Delhi,6.59,2.27,0.573,14.5,0.0,35.6,77.6,2,2,1,4.1,2.3,0.03697,0,0
2025-03-20,VIL-007,Najafgarh,South West Delhi,Delhi,7.13,4.08,0.16,12.7,0.0,37.5,51.0,3,1,2,4.1,2.15,0.01168,45,1
2025-03-21,VIL-007,Najafgarh,South West Delhi,Delhi,6.94,0.33,0.259,106.7,0.0,30.8,74.6,3,1,1,0.0,2.17,0.0024,35,1
2025-03-22,VIL-007,Najafgarh,South West Delhi,Delhi,7.31,1.64,0.303,10.4,7.1,28.6,65.0,1,4,1,7.1,2.03,0.02658,0,0
2025-03-23,VIL-007,Najafgarh,South West Delhi,Delhi,6.12,17.31,0.23,20.0,2.6,34.3,77.7,3,0,0,9.7,4.17,0.01095,25,0
2025-03-24,VIL-007,Najafgarh,South West Delhi,Delhi,7.21,3.27,0.148,16.0,2.4,33.7,81.1,3,2,2,12.1,4.54,0.00871,20,0
2025-03-25,VIL-007,Najafgarh,South West Delhi,Delhi,6.69,3.23,0.42,81.1,0.0,32.5,79.8,2,0,3,5.0,4.59,0.00512,0,0
2025-03-26,VIL-007,Najafgarh,South West Delhi,Delhi,7.19,1.07,0.223,11.2,0.0,22.7,91.8,3,2,2,2.4,4.42,0.01828,0,0
2025-03-27,VIL-007,Najafgarh,South West Delhi,Delhi,7.64,0.28,0.495,1.6,0.0,33.8,99.0,3,3,1,0.0,3.88,0.19038,0,0
2025-03-28,VIL-007,Najafgarh,South West Delhi,Delhi,6.77,8.36,0.13,30.5,0.0,30.4,61.4,3,3,1,0.0,5.02,0.00413,45,1
2025-03-29,VIL-007,Najafgarh,South West Delhi,Delhi,7.82,0.31,0.505,23.7,0.0,25.4,70.4,4,1,4,0.0,4.83,0.02045,0,0
2025-03-30,VIL-007,Najafgarh,South West Delhi,Delhi,6.06,13.78,0.389,33.0,0.0,26.3,83.9,0,3,0,0.0,4.33,0.01144,25,0
2025-03-31,VIL-007,Najafgarh,South West Delhi,Delhi,8.03,0.38,0.389,91.1,11.4,31.3,73.5,1,3,2,11.4,3.92,0.00422,0,0
2025-04-01,VIL-007,Najafgarh,South West Delhi,Delhi,7.84,0.52,0.394,0.8,0.0,19.0,42.3,5,2,0,11.4,3.53,0.21889,0,0
2025-04-02,VIL-007,Najafgarh,South West Delhi,Delhi,6.57,1.03,0.335,2.5,34.5,28.5,72.7,4,3,2,45.9,3.52,0.09571,0,0
2025-04-03,VIL-007,Najafgarh,South West Delhi,Delhi,6.57,2.01,0.339,19.2,0.0,26.4,89.8,2,3,3,34.5,3.77,0.01678,0,0
2025-04-04,VIL-007,Najafgarh,South West Delhi,Delhi,6.2,4.38,0.301,143.0,0.0,26.0,58.3,2,3,3,34.5,3.2,0.00209,60,1
2025-04-05,VIL-007,Najafgarh,South West Delhi,Delhi,7.65,9.91,0.404,12.0,0.0,27.2,77.6,0,4,1,0.0,4.57,0.03108,25,0
2025-04-06,VIL-007,Najafgarh,South West Delhi,Delhi,6.9,1.24,0.449,378.4,34.4,23.1,52.1,1,0,3,34.4,2.78,0.00118,35,1
2025-04-07,VIL-007,Najafgarh,South West Delhi,Delhi,6.86,0.2,0.269,106.5,1.2,33.2,85.4,5,1,3,35.6,2.76,0.0025,35,1
2025-04-08,VIL-007,Najafgarh,South West Delhi,Delhi,6.43,2.68,0.6,39.6,0.0,20.5,77.9,1,5,2,35.6,3.06,0.01478,0,0
2025-04-09,VIL-007,Najafgarh,South West Delhi,Delhi,8.19,3.47,0.284,89.6,0.0,29.7,68.2,2,4,3,1.2,3.41,0.00313,0,0
2025-04-10,VIL-007,Najafgarh,South West Delhi,Delhi,6.52,1.42,0.224,47.5,0.0,25.6,70.0,4,2,3,0.0,3.33,0.00462,0,0
2025-04-11,VIL-007,Najafgarh,South West Delhi,Delhi,7.11,0.57,0.323,54.3,0.0,36.9,57.0,3,2,3,0.0,2.78,0.00584,0,0
2025-04-12,VIL-007,Najafgarh,South West Delhi,Delhi,7.23,1.02,0.212,56.5,6.6,29.1,87.1,2,0,4,6.6,1.51,0.00369,0,0
2025-04-13,VIL-007,Najafgarh,South West Delhi,Delhi,6.86,2.99,0.434,68.0,12.7,20.5,65.4,0,1,0,19.3,1.76,0.00629,0,0
2025-04-14,VIL-007,Najafgarh,South West Delhi,Delhi,6.74,1.91,0.325,4.1,24.3,31.2,81.0,3,5,1,43.6,2.01,0.06373,0,0
2025-04-15,VIL-007,Najafgarh,South West Delhi,Delhi,6.88,3.81,0.482,62.3,3.0,24.6,63.5,3,1,5,40.0,2.17,0.00761,0,0
2025-04-16,VIL-007,Najafgarh,South West Delhi,Delhi,7.44,0.69,0.339,82.0,16.3,32.9,99.0,3,2,4,43.6,1.77,0.00408,0,0
2025-04-17,VIL-007,Najafgarh,South West Delhi,Delhi,6.89,5.17,0.333,24.2,22.9,31.5,93.7,4,4,2,42.2,2.31,0.01321,25,0
2025-04-18,VIL-007,Najafgarh,South West Delhi,Delhi,8.08,0.47,0.277,249.8,0.0,34.9,99.0,6,3,2,39.2,2.29,0.0011,35,1
2025-04-19,VIL-007,Najafgarh,South West Delhi,Delhi,6.63,1.12,0.499,10.1,2.1,29.7,99.0,1,2,0,25.0,2.31,0.04495,0,0
2025-04-20,VIL-007,Najafgarh,South West Delhi,Delhi,7.55,2.5,0.306,156.8,7.2,32.3,67.4,3,0,1,9.3,2.24,0.00194,35,1
2025-04-21,VIL-007,Najafgarh,South West Delhi,Delhi,6.05,3.74,0.398,73.3,0.0,29.2,64.4,2,3,5,9.3,2.5,0.00536,0,0
2025-04-22,VIL-007,Najafgarh,South West Delhi,Delhi,6.63,0.87,0.538,71.0,21.7,26.6,99.0,3,3,1,28.9,2.08,0.00747,0,0
2025-04-23,VIL-007,Najafgarh,South West Delhi,Delhi,6.61,8.28,0.334,135.7,23.6,33.3,73.3,4,3,2,45.3,3.16,0.00244,60,1
2025-04-24,VIL-007,Najafgarh,South West Delhi,Delhi,6.44,3.43,0.332,115.8,5.3,24.1,85.0,3,4,4,50.6,2.92,0.00284,50,1
2025-04-25,VIL-007,Najafgarh,South West Delhi,Delhi,7.27,0.69,0.309,27.5,0.0,28.9,67.6,0,6,3,28.9,2.95,0.01084,20,0
2025-04-26,VIL-007,Najafgarh,South West Delhi,Delhi,7.03,3.62,0.384,79.4,0.0,26.7,67.7,1,1,2,5.3,3.3,0.00478,0,0
2025-04-27,VIL-007,Najafgarh,South West Delhi,Delhi,5.73,3.34,0.495,3.4,0.0,32.4,85.0,2,3,0,0.0,3.42,0.1125,0,0
2025-04-28,VIL-007,Najafgarh,South West Delhi,Delhi,8.3,3.91,0.49,40.5,28.7,25.2,51.4,0,2,3,28.7,3.45,0.01181,0,0
2025-04-29,VIL-007,Najafgarh,South West Delhi,Delhi,7.21,6.93,0.438,180.5,0.0,27.4,84.4,2,3,3,28.7,4.31,0.00241,60,1
2025-04-30,VIL-007,Najafgarh,South West Delhi,Delhi,7.1,3.48,0.568,20.8,68.4,29.2,81.3,1,4,3,97.1,3.63,0.02606,15,0
2025-05-01,VIL-007,Najafgarh,South West Delhi,Delhi,7.89,1.21,0.365,3.3,10.2,35.0,68.6,5,3,4,78.6,3.31,0.08488,15,0
2025-05-02,VIL-007,Najafgarh,South West Delhi,Delhi,7.69,4.38,0.603,56.8,0.0,26.9,75.3,3,0,6,78.6,3.84,0.01043,40,1
2025-05-03,VIL-007,Najafgarh,South West Delhi,Delhi,6.92,3.33,0.539,28.5,0.0,27.4,77.2,4,1,1,10.2,3.8,0.01827,0,0
2025-05-04,VIL-007,Najafgarh,South West Delhi,Delhi,5.93,2.39,0.232,31.0,52.5,23.6,77.8,4,2,3,52.5,3.66,0.00725,15,0
2025-05-05,VIL-007,Najafgarh,South West Delhi,Delhi,7.44,1.22,0.492,56.8,0.0,25.1,83.3,0,0,2,52.5,3.28,0.00851,15,0
2025-05-06,VIL-007,Najafgarh,South West Delhi,Delhi,6.52,7.11,0.016,63.2,8.9,30.7,65.2,6,2,3,61.4,3.3,0.00025,75,2
2025-05-07,VIL-007,Najafgarh,South West Delhi,Delhi,7.84,2.01,0.566,37.4,0.8,29.1,99.0,0,1,4,9.7,3.09,0.01474,0,0
2025-05-08,VIL-007,Najafgarh,South West Delhi,Delhi,6.63,2.77,0.337,46.0,8.1,29.2,72.5,3,5,3,17.8,3.32,0.00717,0,0
2025-05-09,VIL-007,Najafgarh,South West Delhi,Delhi,6.83,1.5,0.21,324.9,0.0,36.0,73.4,1,3,0,8.9,2.9,0.00064,50,1
2025-05-10,VIL-007,Najafgarh,South West Delhi,Delhi,6.29,4.25,0.035,204.8,7.1,22.3,98.3,2,4,1,15.2,3.04,0.00017,95,2
2025-05-11,VIL-007,Najafgarh,South West Delhi,Delhi,6.34,1.17,0.326,79.9,0.0,38.3,53.1,2,4,2,7.1,2.86,0.00403,0,0
2025-05-12,VIL-007,Najafgarh,South West Delhi,Delhi,7.03,4.66,0.569,11.4,3.0,33.7,98.2,0,0,0,10.1,3.35,0.04589,25,0
2025-05-13,VIL-007,Najafgarh,South West Delhi,Delhi,6.98,0.32,0.394,29.0,0.0,27.7,76.1,1,6,2,3.0,2.38,0.01313,20,0
2025-05-14,VIL-007,Najafgarh,South West Delhi,Delhi,6.81,3.46,0.279,139.5,0.0,30.6,68.6,2,0,1,3.0,2.59,0.00199,35,1
2025-05-15,VIL-007,Najafgarh,South West Delhi,Delhi,8.33,1.81,0.316,35.8,27.5,26.3,61.6,4,3,5,27.5,2.45,0.00859,0,0
2025-05-16,VIL-007,Najafgarh,South West Delhi,Delhi,7.46,3.36,0.589,202.1,0.0,30.3,59.8,0,1,3,27.5,2.72,0.0029,35,1
2025-05-17,VIL-007,Najafgarh,South West Delhi,Delhi,7.11,2.12,0.476,43.6,0.0,37.6,70.9,1,2,4,27.5,2.41,0.01067,0,0
2025-05-18,VIL-007,Najafgarh,South West Delhi,Delhi,5.45,0.4,0.343,128.6,36.2,26.4,78.3,1,2,4,36.2,2.3,0.00265,35,1
2025-05-19,VIL-007,Najafgarh,South West Delhi,Delhi,7.6,1.81,0.518,2.3,0.0,28.1,82.5,1,0,0,36.2,1.9,0.15697,0,0
2025-05-20,VIL-007,Najafgarh,South West Delhi,Delhi,8.9,9.35,0.493,37.0,54.4,26.0,78.2,4,1,6,90.6,3.19,0.01297,40,1
2025-05-21,VIL-007,Najafgarh,South West Delhi,Delhi,6.99,3.94,0.19,78.3,0.0,26.6,68.9,4,2,0,54.4,3.26,0.0024,35,1
2025-05-22,VIL-007,Najafgarh,South West Delhi,Delhi,6.61,1.0,0.288,129.5,0.0,27.4,91.1,4,4,3,54.4,3.14,0.00221,50,1
2025-05-23,VIL-007,Najafgarh,South West Delhi,Delhi,7.2,8.08,0.605,61.1,157.5,24.6,99.0,3,0,1,157.5,3.81,0.00974,40,1
2025-05-24,VIL-007,Najafgarh,South West Delhi,Delhi,6.24,4.23,0.472,12.4,0.0,27.9,92.9,3,1,2,157.5,4.12,0.03522,40,1
2025-05-25,VIL-007,Najafgarh,South West Delhi,Delhi,7.38,1.27,0.669,141.0,32.0,29.2,70.7,3,1,2,189.5,4.24,0.00471,50,1
2025-05-26,VIL-007,Najafgarh,South West Delhi,Delhi,8.0,2.59,0.458,55.6,17.5,27.4,81.0,2,1,0,49.5,4.35,0.00809,0,0
2025-05-27,VIL-007,Najafgarh,South West Delhi,Delhi,6.7,1.56,0.222,7.4,0.0,19.8,81.8,2,4,1,49.5,3.24,0.02643,0,0
2025-05-28,VIL-007,Najafgarh,South West Delhi,Delhi,6.72,0.28,0.346,40.5,29.5,28.4,94.2,2,4,2,47.0,2.72,0.00834,0,0
2025-05-29,VIL-007,Najafgarh,South West Delhi,Delhi,7.05,4.59,0.492,78.0,1.7,28.8,70.9,0,4,4,31.2,3.23,0.00623,25,0
2025-05-30,VIL-007,Najafgarh,South West Delhi,Delhi,6.8,0.59,0.348,39.0,21.2,36.6,63.4,1,3,0,52.4,2.16,0.0087,15,0
2025-05-31,VIL-007,Najafgarh,South West Delhi,Delhi,6.19,1.72,0.361,133.0,0.0,29.1,88.6,3,3,1,22.9,1.8,0.00269,35,1
2025-06-01,VIL-007,Najafgarh,South West Delhi,Delhi,6.87,3.4,0.716,35.8,0.8,32.7,79.9,1,3,1,22.0,2.1,0.01946,0,0
2025-06-02,VIL-007,Najafgarh,South West Delhi,Delhi,6.75,7.54,0.307,56.9,6.3,27.3,61.7,1,2,1,7.1,2.81,0.0053,25,0
2025-06-03,VIL-007,Najafgarh,South West Delhi,Delhi,7.92,0.2,0.408,15.4,7.0,34.2,83.5,0,2,4,14.1,2.62,0.02488,0,0
2025-06-04,VIL-007,Najafgarh,South West Delhi,Delhi,7.79,1.4,0.397,46.7,34.7,25.2,97.1,3,2,4,48.0,2.78,0.00832,0,0
2025-06-05,VIL-007,Najafgarh,South West Delhi,Delhi,7.94,2.67,0.514,16.4,0.0,31.0,66.7,1,0,4,41.7,2.5,0.02954,0,0
2025-06-06,VIL-007,Najafgarh,South West Delhi,Delhi,7.58,4.23,0.397,16.6,0.0,32.4,64.3,0,1,3,34.7,3.02,0.02256,25,0
2025-06-07,VIL-007,Najafgarh,South West Delhi,Delhi,7.22,7.1,0.373,21.3,0.0,31.8,75.4,2,3,3,0.0,3.79,0.01673,25,0
2025-06-08,VIL-007,Najafgarh,South West Delhi,Delhi,6.58,0.2,0.713,2.9,0.0,37.7,83.2,1,1,3,0.0,3.33,0.18282,0,0
2025-06-09,VIL-007,Najafgarh,South West Delhi,Delhi,7.9,2.77,0.332,11.6,37.4,26.7,74.1,2,1,2,37.4,2.65,0.02635,0,0
2025-06-10,VIL-007,Najafgarh,South West Delhi,Delhi,7.31,0.2,0.482,35.9,0.0,34.7,88.6,1,0,2,37.4,2.65,0.01306,0,0
2025-06-11,VIL-007,Najafgarh,South West Delhi,Delhi,6.35,4.33,0.118,9.1,0.0,33.6,78.1,2,3,2,37.4,3.07,0.01168,45,1
2025-06-12,VIL-007,Najafgarh,South West Delhi,Delhi,6.55,0.45,0.35,9.3,0.0,29.2,87.1,2,1,0,0.0,2.75,0.03398,0,0
2025-06-13,VIL-007,Najafgarh,South West Delhi,Delhi,6.34,6.3,0.333,223.6,0.0,36.4,66.4,6,0,1,0.0,3.05,0.00148,60,1
2025-06-14,VIL-007,Najafgarh,South West Delhi,Delhi,5.87,0.47,0.337,36.2,0.0,28.4,60.3,4,2,3,0.0,2.1,0.00906,0,0
2025-06-15,VIL-007,Najafgarh,South West Delhi,Delhi,7.33,4.05,0.04,33.6,0.0,29.1,70.9,2,1,1,0.0,2.65,0.00116,45,1
2025-06-16,VIL-007,Najafgarh,South West Delhi,Delhi,6.36,0.96,0.286,20.3,0.0,29.0,58.8,3,2,1,0.0,2.39,0.01343,0,0
2025-06-17,VIL-007,Najafgarh,South West Delhi,Delhi,6.65,2.28,0.194,46.7,0.0,23.9,79.9,0,1,0,0.0,2.69,0.00407,20,0
2025-06-18,VIL-007,Najafgarh,South West Delhi,Delhi,7.12,2.63,0.546,58.9,3.6,32.0,50.8,0,2,3,3.6,2.45,0.00912,0,0
2025-06-19,VIL-007,Najafgarh,South West Delhi,Delhi,6.99,0.65,0.194,35.2,0.0,31.4,69.6,0,2,1,3.6,2.48,0.00536,20,0
2025-06-20,VIL-007,Najafgarh,South West Delhi,Delhi,6.67,0.99,0.463,32.5,5.7,28.6,71.6,1,6,0,9.3,1.72,0.01382,20,0
2025-06-21,VIL-007,Najafgarh,South West Delhi,Delhi,8.01,0.32,0.472,78.4,76.0,36.1,62.4,3,4,2,81.7,1.7,0.00594,15,0
2025-06-22,VIL-007,Najafgarh,South West Delhi,Delhi,6.18,0.2,0.243,194.4,0.0,27.3,71.3,4,2,1,81.7,1.15,0.00124,50,1
2025-06-23,VIL-007,Najafgarh,South West Delhi,Delhi,6.21,0.77,0.197,136.6,14.1,22.1,75.1,1,3,2,90.1,1.12,0.00143,70,2
2025-06-24,VIL-007,Najafgarh,South West Delhi,Delhi,7.37,2.03,0.299,8.2,1.7,36.6,90.2,2,0,1,15.8,1.08,0.0325,0,0
2025-06-25,VIL-007,Najafgarh,South West Delhi,Delhi,6.72,3.5,0.278,68.7,0.0,33.0,62.5,2,0,2,15.8,1.21,0.00399,0,0
2025-06-26,VIL-007,Najafgarh,South West Delhi,Delhi,6.7,4.42,0.173,0.5,33.6,31.5,79.3,3,0,2,35.3,1.75,0.11533,45,1
2025-06-27,VIL-007,Najafgarh,South West Delhi,Delhi,6.45,0.2,0.297,65.2,10.6,27.6,81.7,1,1,6,44.2,1.63,0.00449,0,0
2025-06-28,VIL-007,Najafgarh,South West Delhi,Delhi,7.3,0.89,0.406,40.6,0.0,30.4,74.7,1,3,4,44.2,1.72,0.00976,0,0
2025-06-29,VIL-007,Najafgarh,South West Delhi,Delhi,7.24,4.12,0.136,43.9,29.2,24.0,69.0,1,4,2,39.8,2.28,0.00303,45,1
2025-06-30,VIL-007,Najafgarh,South West Delhi,Delhi,7.17,1.84,0.315,57.6,0.0,28.1,61.3,2,1,3,29.2,2.43,0.00538,0,0
2025-07-01,VIL-007,Najafgarh,South West Delhi,Delhi,6.75,0.56,0.255,88.2,0.0,25.4,97.8,2,2,0,29.2,2.22,0.00286,0,0
2025-07-02,VIL-007,Najafgarh,South West Delhi,Delhi,6.65,1.39,0.367,85.0,0.0,30.0,75.9,1,2,0,0.0,1.92,0.00427,0,0
2025-07-03,VIL-007,Najafgarh,South West Delhi,Delhi,7.0,0.88,0.689,3.0,53.3,32.7,71.2,2,3,0,53.3,1.41,0.17225,15,0
2025-07-04,VIL-007,Najafgarh,South West Delhi,Delhi,7.68,0.2,0.077,86.7,0.0,24.8,99.0,3,1,1,53.3,1.41,0.00088,50,1
2025-07-05,VIL-007,Najafgarh,South West Delhi,Delhi,8.04,4.04,0.331,115.1,1.2,31.9,77.7,1,1,3,54.5,1.86,0.00285,75,2
2025-07-06,VIL-007,Najafgarh,South West Delhi,Delhi,7.77,0.97,0.4,4.6,0.0,29.8,99.0,1,1,4,1.2,1.41,0.07143,0,0
2025-07-07,VIL-007,Najafgarh,South West Delhi,Delhi,7.4,8.13,0.258,25.4,0.0,31.7,58.0,1,2,1,1.2,2.31,0.00977,25,0
2025-07-08,VIL-007,Najafgarh,South West Delhi,Delhi,7.69,6.13,0.416,102.1,0.0,28.0,72.2,3,2,2,0.0,3.11,0.00403,60,1
2025-07-09,VIL-007,Najafgarh,South West Delhi,Delhi,6.39,3.53,0.087,44.2,0.0,31.8,58.6,5,1,2,0.0,3.41,0.00192,20,0
2025-07-10,VIL-007,Najafgarh,South West Delhi,Delhi,6.67,1.11,0.287,77.2,0.0,26.2,73.5,1,2,3,0.0,3.44,0.00367,0,0
2025-07-11,VIL-007,Najafgarh,South West Delhi,Delhi,7.41,0.92,0.0,45.4,0.0,22.3,73.5,4,3,1,0.0,3.55,0.0,35,1
2025-07-12,VIL-007,Najafgarh,South West Delhi,Delhi,7.03,1.81,0.306,248.7,24.6,23.2,69.5,3,1,1,24.6,3.23,0.00123,35,1
2025-07-13,VIL-007,Najafgarh,South West Delhi,Delhi,7.3,1.23,0.128,178.9,0.0,27.0,75.6,1,1,1,24.6,3.27,0.00071,70,2
2025-07-14,VIL-007,Najafgarh,South West Delhi,Delhi,7.69,6.48,0.406,21.5,0.0,22.5,70.1,2,1,2,24.6,3.03,0.01804,25,0
2025-07-15,VIL-007,Najafgarh,South West Delhi,Delhi,7.59,0.37,0.605,31.7,0.0,35.2,73.7,5,3,2,0.0,2.21,0.0185,0,0
2025-07-16,VIL-007,Najafgarh,South West Delhi,Delhi,6.45,3.61,0.4,36.7,0.0,28.7,65.9,0,5,1,0.0,2.22,0.01061,0,0
2025-07-17,VIL-007,Najafgarh,South West Delhi,Delhi,7.11,2.64,0.337,7.2,16.0,32.7,92.3,2,1,2,16.0,2.44,0.0411,0,0
2025-07-18,VIL-007,Najafgarh,South West Delhi,Delhi,6.55,4.6,0.256,33.6,29.2,32.1,61.7,2,4,3,45.2,2.96,0.0074,25,0
2025-07-19,VIL-007,Najafgarh,South West Delhi,Delhi,6.63,2.19,0.3,96.9,0.0,29.0,77.5,2,3,1,45.2,3.02,0.00306,0,0
2025-07-20,VIL-007,Najafgarh,South West Delhi,Delhi,6.07,2.78,0.302,122.0,0.0,43.1,60.7,2,1,1,29.2,3.24,0.00246,35,1
2025-07-21,VIL-007,Najafgarh,South West Delhi,Delhi,7.18,9.21,0.353,141.2,5.7,40.7,65.0,3,2,1,5.7,3.63,0.00248,60,1
2025-07-22,VIL-007,Najafgarh,South West Delhi,Delhi,6.03,0.27,0.436,1.0,24.0,34.6,66.3,2,5,3,29.7,3.61,0.218,0,0
2025-07-23,VIL-007,Najafgarh,South West Delhi,Delhi,7.34,0.31,0.212,101.1,0.0,25.4,73.4,3,0,5,29.7,3.14,0.00208,35,1
2025-07-24,VIL-007,Najafgarh,South West Delhi,Delhi,7.92,1.4,0.557,45.4,0.0,34.7,77.1,2,2,1,24.0,2.97,0.012,0,0
2025-07-25,VIL-007,Najafgarh,South West Delhi,Delhi,7.42,1.79,0.311,15.0,3.3,22.0,61.7,0,2,4,3.3,2.56,0.01944,0,0
2025-07-26,VIL-007,Najafgarh,South West Delhi,Delhi,7.13,0.62,0.353,44.9,0.0,34.6,70.0,2,2,3,3.3,2.34,0.00769,0,0
2025-07-27,VIL-007,Najafgarh,South West Delhi,Delhi,8.02,0.24,0.581,120.9,0.0,18.8,63.1,2,2,1,3.3,1.98,0.00477,35,1
2025-07-28,VIL-007,Najafgarh,South West Delhi,Delhi,7.3,0.2,0.0,37.0,1.2,27.7,62.6,1,3,2,1.2,0.69,0.0,35,1
2025-07-29,VIL-007,Najafgarh,South West Delhi,Delhi,6.58,4.05,0.0,302.4,29.6,33.8,88.6,4,2,5,30.8,1.23,0.0,95,2
2025-07-30,VIL-007,Najafgarh,South West Delhi,Delhi,7.18,1.86,0.42,62.3,0.0,30.5,58.3,1,3,0,30.8,1.45,0.00664,0,0
2025-07-31,VIL-007,Najafgarh,South West Delhi,Delhi,8.28,5.19,0.352,43.7,5.1,23.1,75.9,3,2,2,34.7,1.99,0.00787,25,0
2025-08-01,VIL-007,Najafgarh,South West Delhi,Delhi,6.44,1.25,0.617,22.7,0.0,29.7,95.4,4,0,2,5.1,1.92,0.02603,0,0
2025-08-02,VIL-007,Najafgarh,South West Delhi,Delhi,6.27,3.4,0.147,0.7,0.0,30.5,89.5,4,2,2,5.1,2.31,0.08647,20,0
2025-08-03,VIL-007,Najafgarh,South West Delhi,Delhi,7.47,1.88,0.437,61.3,75.6,29.8,80.1,0,2,2,75.6,2.55,0.00701,15,0
2025-08-04,VIL-007,Najafgarh,South West Delhi,Delhi,6.97,2.65,0.285,56.0,1.2,27.4,74.8,1,1,3,76.8,2.9,0.005,15,0
2025-08-05,VIL-007,Najafgarh,South West Delhi,Delhi,6.78,1.29,0.521,47.3,0.0,32.4,83.8,3,4,2,76.8,2.5,0.01079,15,0
2025-08-06,VIL-007,Najafgarh,South West Delhi,Delhi,6.34,0.24,0.0,50.2,0.0,33.6,79.4,1,1,3,1.2,2.27,0.0,35,1
2025-08-07,VIL-007,Najafgarh,South West Delhi,Delhi,5.93,8.24,0.302,120.6,12.5,28.4,92.1,1,3,2,12.5,2.71,0.00248,60,1
2025-08-08,VIL-007,Najafgarh,South West Delhi,Delhi,6.23,5.06,0.481,24.8,0.0,35.1,73.4,3,4,0,12.5,3.25,0.01864,25,0
2025-08-09,VIL-007,Najafgarh,South West Delhi,Delhi,8.07,1.05,0.207,51.9,0.0,28.4,87.0,2,4,2,12.5,2.92,0.00391,0,0
2025-08-10,VIL-007,Najafgarh,South West Delhi,Delhi,7.09,8.92,0.34,74.1,5.0,27.0,71.1,2,0,2,5.0,3.92,0.00453,25,0
2025-08-11,VIL-007,Najafgarh,South West Delhi,Delhi,5.92,1.0,0.359,15.3,0.0,34.4,97.7,3,1,1,5.0,3.69,0.02202,0,0
2025-08-12,VIL-007,Najafgarh,South West Delhi,Delhi,7.81,1.64,0.411,168.2,5.9,34.3,73.1,0,3,4,10.9,3.74,0.00243,35,1
2025-08-13,VIL-007,Najafgarh,South West Delhi,Delhi,7.84,3.94,0.154,86.8,0.0,26.5,55.6,0,1,1,5.9,4.26,0.00175,20,0
2025-08-14,VIL-007,Najafgarh,South West Delhi,Delhi,7.84,1.03,0.263,3.6,0.0,25.9,75.9,1,1,3,5.9,3.23,0.05717,0,0
2025-08-15,VIL-007,Najafgarh,South West Delhi,Delhi,6.85,1.1,0.439,130.2,0.0,36.1,84.2,2,3,4,0.0,2.67,0.00335,35,1
2025-08-16,VIL-007,Najafgarh,South West Delhi,Delhi,6.94,1.48,0.484,172.7,0.0,28.6,94.5,1,2,4,0.0,2.73,0.00279,35,1
2025-08-17,VIL-007,Najafgarh,South West Delhi,Delhi,7.18,1.77,0.381,102.6,0.0,29.0,63.0,0,2,0,0.0,1.71,0.00368,35,1
2025-08-18,VIL-007,Najafgarh,South West Delhi,Delhi,7.94,0.37,0.288,36.1,0.0,28.0,54.1,1,3,1,0.0,1.62,0.00776,0,0
2025-08-19,VIL-007,Najafgarh,South West Delhi,Delhi,6.77,0.2,0.367,336.8,0.0,34.3,81.0,0,0,3,0.0,1.41,0.00109,35,1
2025-08-20,VIL-007,Najafgarh,South West Delhi,Delhi,6.65,7.04,0.502,8.6,0.0,37.6,80.6,2,0,1,0.0,1.86,0.05229,25,0
2025-08-21,VIL-007,Najafgarh,South West Delhi,Delhi,7.52,1.22,0.386,50.0,0.0,29.3,58.1,3,1,1,0.0,1.88,0.00757,0,0
2025-08-22,VIL-007,Najafgarh,South West Delhi,Delhi,7.83,0.3,0.138,12.1,0.0,38.7,71.0,0,2,3,0.0,1.77,0.01053,20,0
2025-08-23,VIL-007,Najafgarh,South West Delhi,Delhi,7.07,3.99,0.148,37.6,41.1,26.8,71.6,2,1,2,41.1,2.13,0.00383,20,0
2025-08-24,VIL-007,Najafgarh,South West Delhi,Delhi,7.5,0.98,0.357,170.5,0.0,27.9,84.9,1,0,2,41.1,2.01,0.00208,35,1
2025-08-25,VIL-007,Najafgarh,South West Delhi,Delhi,7.17,0.56,0.051,102.8,17.9,31.7,70.0,2,1,3,59.0,2.04,0.00049,85,2
2025-08-26,VIL-007,Najafgarh,South West Delhi,Delhi,6.95,9.2,0.493,99.0,0.0,25.7,69.8,1,0,0,17.9,3.33,0.00493,25,0
2025-08-27,VIL-007,Najafgarh,South West Delhi,Delhi,6.6,7.09,0.183,28.4,0.0,31.6,76.4,1,2,0,17.9,3.33,0.00622,45,1
2025-08-28,VIL-007,Najafgarh,South West Delhi,Delhi,6.41,0.31,0.142,176.9,0.0,26.9,58.5,0,3,1,0.0,3.2,0.0008,70,2
2025-08-29,VIL-007,Najafgarh,South West Delhi,Delhi,6.73,6.43,0.654,29.9,0.0,22.8,97.8,1,0,2,0.0,4.08,0.02117,25,0
2025-08-30,VIL-007,Najafgarh,South West Delhi,Delhi,6.51,6.2,0.258,2.7,0.0,22.0,86.2,1,2,1,0.0,4.4,0.06973,25,0
2025-08-31,VIL-007,Najafgarh,South West Delhi,Delhi,7.27,2.82,0.401,66.0,0.0,27.7,66.6,0,1,0,0.0,4.66,0.00599,0,0
2025-09-01,VIL-007,Najafgarh,South West Delhi,Delhi,7.83,2.11,0.458,29.3,0.0,30.7,61.6,0,2,1,0.0,4.88,0.01512,0,0
2025-09-02,VIL-007,Najafgarh,South West Delhi,Delhi,7.22,0.69,0.611,10.8,6.2,23.6,62.5,2,1,0,6.2,3.66,0.05178,0,0
2025-09-03,VIL-007,Najafgarh,South West Delhi,Delhi,6.55,0.36,0.243,177.3,0.0,29.7,82.0,2,1,2,6.2,2.7,0.00136,35,1
2025-09-04,VIL-007,Najafgarh,South West Delhi,Delhi,7.61,2.61,0.382,65.9,0.0,29.7,62.9,4,0,3,6.2,3.03,0.00571,0,0
2025-09-05,VIL-007,Najafgarh,South West Delhi,Delhi,7.28,4.83,0.329,183.4,0.0,28.3,72.0,0,1,0,0.0,2.8,0.00178,60,1
2025-09-06,VIL-007,Najafgarh,South West Delhi,Delhi,7.4,3.27,0.782,56.9,7.9,25.3,54.7,3,1,2,7.9,2.38,0.01351,0,0
2025-09-07,VIL-007,Najafgarh,South West Delhi,Delhi,6.79,0.56,0.0,4.3,1.6,30.0,81.5,3,0,1,9.5,2.06,0.0,35,1
2025-09-08,VIL-007,Najafgarh,South West Delhi,Delhi,7.78,0.96,0.321,2.0,0.0,28.4,81.9,1,0,2,9.5,1.9,0.107,0,0
2025-09-09,VIL-007,Najafgarh,South West Delhi,Delhi,7.78,2.21,0.347,150.0,6.1,32.9,72.8,4,2,1,7.7,2.11,0.0023,35,1
2025-09-10,VIL-007,Najafgarh,South West Delhi,Delhi,6.99,2.75,0.33,2.6,11.2,23.8,77.3,0,2,1,17.3,2.46,0.09167,0,0
2025-09-11,VIL-007,Najafgarh,South West Delhi,Delhi,7.53,0.21,0.09,62.1,37.4,29.5,84.5,1,4,0,54.7,2.11,0.00143,35,1
2025-09-12,VIL-007,Najafgarh,South West Delhi,Delhi,7.76,2.67,0.016,23.0,0.0,23.9,77.0,4,0,1,48.6,1.8,0.00067,35,1
2025-09-13,VIL-007,Najafgarh,South West Delhi,Delhi,6.82,3.73,0.073,75.6,0.0,28.1,84.4,2,3,1,37.4,1.87,0.00095,35,1
2025-09-14,VIL-007,Najafgarh,South West Delhi,Delhi,7.05,0.56,0.505,21.8,0.0,24.6,61.0,2,3,0,0.0,1.87,0.02215,0,0
2025-09-15,VIL-007,Najafgarh,South West Delhi,Delhi,7.15,0.79,0.347,2.5,36.7,25.3,79.5,1,1,0,36.7,1.85,0.09914,0,0
2025-09-16,VIL-007,Najafgarh,South West Delhi,Delhi,6.44,0.84,0.033,85.3,19.6,29.0,77.3,4,4,2,56.3,1.65,0.00038,50,1
2024-01-01,VIL-008,Mehrauli,South Delhi,Delhi,6.93,1.97,0.209,18.1,43.4,37.3,76.7,2,0,0,43.4,1.97,0.01094,0,0
2024-01-02,VIL-008,Mehrauli,South Delhi,Delhi,7.29,5.61,0.285,94.3,13.8,29.2,87.7,1,0,0,57.2,3.79,0.00299,40,1
2024-01-03,VIL-008,Mehrauli,South Delhi,Delhi,6.42,2.84,0.477,4.0,0.0,31.5,90.6,3,0,0,57.2,3.47,0.0954,15,0
2024-01-04,VIL-008,Mehrauli,South Delhi,Delhi,7.42,0.45,0.501,26.6,20.0,32.1,57.0,2,0,0,33.8,2.72,0.01815,0,0
2024-01-05,VIL-008,Mehrauli,South Delhi,Delhi,7.13,4.39,0.674,144.0,29.2,28.7,77.7,1,0,0,49.2,3.05,0.00465,60,1
2024-01-06,VIL-008,Mehrauli,South Delhi,Delhi,7.49,2.61,0.628,31.8,0.0,25.8,81.9,1,0,0,49.2,2.98,0.01915,0,0
2024-01-07,VIL-008,Mehrauli,South Delhi,Delhi,7.67,0.27,0.566,6.5,16.5,29.8,68.6,0,0,0,45.7,2.59,0.07547,0,0
2024-01-08,VIL-008,Mehrauli,South Delhi,Delhi,7.91,2.45,0.275,15.7,0.0,26.2,90.3,3,2,0,16.5,2.66,0.01647,0,0
2024-01-09,VIL-008,Mehrauli,South Delhi,Delhi,7.46,0.67,0.514,44.8,0.0,30.5,71.5,1,1,0,16.5,1.95,0.01122,0,0
2024-01-10,VIL-008,Mehrauli,South Delhi,Delhi,6.92,1.33,0.717,0.5,0.0,28.3,90.7,0,3,0,0.0,1.74,0.478,0,0
2024-01-11,VIL-008,Mehrauli,South Delhi,Delhi,7.21,0.7,0.631,156.8,15.3,33.1,70.6,3,2,0,15.3,1.77,0.004,35,1
2024-01-12,VIL-008,Mehrauli,South Delhi,Delhi,8.5,0.2,0.429,38.1,19.3,24.4,78.1,0,1,0,34.6,1.18,0.01097,0,0
2024-01-13,VIL-008,Mehrauli,South Delhi,Delhi,7.69,2.87,0.622,55.4,0.0,31.9,77.8,1,1,0,34.6,1.21,0.01103,0,0
2024-01-14,VIL-008,Mehrauli,South Delhi,Delhi,7.14,3.46,0.402,31.4,0.4,31.5,95.0,2,0,0,19.7,1.67,0.01241,0,0
2024-01-15,VIL-008,Mehrauli,South Delhi,Delhi,7.01,0.52,0.404,144.2,0.0,28.0,83.9,0,3,2,0.4,1.39,0.00278,35,1
2024-01-16,VIL-008,Mehrauli,South Delhi,Delhi,6.74,0.54,0.322,40.5,0.0,31.9,69.5,0,1,1,0.4,1.37,0.00776,0,0
2024-01-17,VIL-008,Mehrauli,South Delhi,Delhi,6.39,1.1,0.112,49.4,0.0,30.7,71.7,1,0,3,0.0,1.34,0.00222,20,0
2024-01-18,VIL-008,Mehrauli,South Delhi,Delhi,8.12,3.27,0.534,89.7,0.0,31.7,71.7,3,3,2,0.0,1.71,0.00589,0,0
2024-01-19,VIL-008,Mehrauli,South Delhi,Delhi,7.39,0.2,0.344,90.0,2.9,31.4,75.2,2,0,1,2.9,1.71,0.00378,0,0
2024-01-20,VIL-008,Mehrauli,South Delhi,Delhi,6.34,3.24,0.389,1.3,0.0,29.2,63.7,0,1,1,2.9,1.76,0.16913,0,0
2024-01-21,VIL-008,Mehrauli,South Delhi,Delhi,7.02,5.02,0.455,15.2,0.0,26.6,74.0,0,2,0,2.9,1.98,0.02809,25,0
2024-01-22,VIL-008,Mehrauli,South Delhi,Delhi,7.86,1.62,0.259,12.9,0.0,26.6,91.4,1,0,3,0.0,2.14,0.01863,0,0
2024-01-23,VIL-008,Mehrauli,South Delhi,Delhi,6.83,0.2,0.521,0.3,28.6,28.1,90.9,0,0,1,28.6,2.09,0.40077,0,0
2024-01-24,VIL-008,Mehrauli,South Delhi,Delhi,6.61,0.62,0.336,95.3,0.0,32.4,56.2,2,1,0,28.6,2.02,0.00349,0,0
2024-01-25,VIL-008,Mehrauli,South Delhi,Delhi,7.31,0.23,0.343,17.4,0.0,31.5,54.3,2,3,3,28.6,1.59,0.01864,0,0
2024-01-26,VIL-008,Mehrauli,South Delhi,Delhi,7.49,0.59,0.0,19.4,0.0,33.0,67.9,1,2,0,0.0,1.65,0.0,35,1
2024-01-27,VIL-008,Mehrauli,South Delhi,Delhi,6.83,3.27,0.391,4.8,0.0,33.4,53.7,5,0,1,0.0,1.65,0.06741,0,0
2024-01-28,VIL-008,Mehrauli,South Delhi,Delhi,6.74,0.2,0.195,208.3,22.4,28.1,59.8,1,0,2,22.4,0.96,0.00093,70,2
2024-01-29,VIL-008,Mehrauli,South Delhi,Delhi,7.38,0.65,0.299,79.6,0.0,36.8,79.2,3,1,0,22.4,0.82,0.00371,0,0
2024-01-30,VIL-008,Mehrauli,South Delhi,Delhi,6.43,1.43,0.224,38.6,0.0,28.6,74.5,4,0,0,22.4,1.0,0.00566,0,0
2024-01-31,VIL-008,Mehrauli,South Delhi,Delhi,6.78,4.06,0.236,67.3,0.0,27.0,54.3,2,2,1,0.0,1.49,0.00346,25,0
2024-02-01,VIL-008,Mehrauli,South Delhi,Delhi,7.03,0.56,0.323,68.3,8.4,30.3,89.0,2,2,3,8.4,1.54,0.00466,0,0
2024-02-02,VIL-008,Mehrauli,South Delhi,Delhi,7.54,2.95,0.451,48.7,31.6,30.9,69.9,0,1,2,40.0,1.87,0.00907,0,0
2024-02-03,VIL-008,Mehrauli,South Delhi,Delhi,6.84,1.72,0.632,8.7,4.2,26.0,68.8,0,5,0,44.2,1.65,0.06515,0,0
2024-02-04,VIL-008,Mehrauli,South Delhi,Delhi,7.44,2.21,0.391,58.0,18.3,28.4,87.2,1,1,0,54.1,1.94,0.00663,15,0
2024-02-05,VIL-008,Mehrauli,South Delhi,Delhi,7.8,3.88,0.281,38.4,0.0,27.2,79.9,2,3,1,22.5,2.4,0.00713,0,0
2024-02-06,VIL-008,Mehrauli,South Delhi,Delhi,6.8,0.2,0.305,58.6,0.0,29.6,74.5,0,4,0,18.3,2.23,0.00512,0,0
2024-02-07,VIL-008,Mehrauli,South Delhi,Delhi,9.03,1.48,0.534,35.7,57.1,32.2,69.1,2,2,2,57.1,1.86,0.01455,15,0
2024-02-08,VIL-008,Mehrauli,South Delhi,Delhi,7.95,2.7,0.44,142.5,0.0,27.9,81.8,1,2,2,57.1,2.16,0.00307,50,1
2024-02-09,VIL-008,Mehrauli,South Delhi,Delhi,7.26,4.23,0.136,44.9,6.3,31.3,69.8,1,0,1,63.4,2.35,0.00296,60,1
2024-02-10,VIL-008,Mehrauli,South Delhi,Delhi,6.99,0.28,0.236,38.8,1.1,23.4,72.3,1,0,5,7.4,2.14,0.00593,0,0
2024-02-11,VIL-008,Mehrauli,South Delhi,Delhi,6.77,0.82,0.365,84.2,0.0,32.6,60.9,3,1,1,7.4,1.94,0.00428,0,0
2024-02-12,VIL-008,Mehrauli,South Delhi,Delhi,8.1,0.2,0.321,21.7,0.0,27.2,88.7,2,2,3,1.1,1.42,0.01414,0,0
2024-02-13,VIL-008,Mehrauli,South Delhi,Delhi,7.23,3.53,0.254,17.3,0.0,27.1,93.6,0,0,4,0.0,1.89,0.01388,0,0
2024-02-14,VIL-008,Mehrauli,South Delhi,Delhi,6.24,3.82,0.319,31.8,0.0,30.6,77.5,3,2,2,0.0,2.23,0.00973,0,0
2024-02-15,VIL-008,Mehrauli,South Delhi,Delhi,6.07,1.3,0.404,40.0,0.8,30.8,69.2,1,1,2,0.8,2.03,0.00985,0,0
2024-02-16,VIL-008,Mehrauli,South Delhi,Delhi,7.17,0.2,0.422,11.3,3.7,28.6,86.2,0,1,0,4.5,1.45,0.03431,0,0
2024-02-17,VIL-008,Mehrauli,South Delhi,Delhi,7.18,0.21,0.361,52.2,0.0,25.4,82.1,3,1,0,4.5,1.44,0.00679,0,0
2024-02-18,VIL-008,Mehrauli,South Delhi,Delhi,6.55,1.92,0.519,73.8,9.3,27.1,69.7,1,3,1,13.0,1.6,0.00694,0,0
2024-02-19,VIL-008,Mehrauli,South Delhi,Delhi,6.19,7.94,0.434,39.2,0.0,29.4,88.8,2,2,2,9.3,2.7,0.0108,25,0
2024-02-20,VIL-008,Mehrauli,South Delhi,Delhi,5.92,3.58,0.17,33.7,19.2,31.0,69.9,0,0,0,28.5,2.71,0.0049,20,0
2024-02-21,VIL-008,Mehrauli,South Delhi,Delhi,6.64,3.13,0.292,15.9,0.0,25.7,59.6,1,3,2,19.2,2.61,0.01728,0,0
2024-02-22,VIL-008,Mehrauli,South Delhi,Delhi,6.88,1.06,0.328,109.4,0.0,26.4,74.2,2,1,1,19.2,2.58,0.00297,35,1
2024-02-23,VIL-008,Mehrauli,South Delhi,Delhi,7.52,8.26,0.325,63.9,0.0,30.1,88.0,3,0,1,0.0,3.73,0.00501,25,0
2024-02-24,VIL-008,Mehrauli,South Delhi,Delhi,7.02,3.42,0.211,29.8,0.0,28.7,76.2,1,3,1,0.0,4.19,0.00685,0,0
2024-02-25,VIL-008,Mehrauli,South Delhi,Delhi,7.74,0.8,0.254,49.0,21.4,29.6,60.9,1,1,3,21.4,4.03,0.00508,0,0
2024-02-26,VIL-008,Mehrauli,South Delhi,Delhi,7.46,2.71,0.515,18.7,26.9,18.5,70.2,2,2,2,48.3,3.28,0.02614,0,0
2024-02-27,VIL-008,Mehrauli,South Delhi,Delhi,7.41,1.11,0.175,2.8,0.0,27.8,89.4,2,0,0,48.3,2.93,0.04605,20,0
2024-02-28,VIL-008,Mehrauli,South Delhi,Delhi,7.69,2.12,0.3,10.4,0.0,32.4,78.3,4,1,3,26.9,2.78,0.02632,0,0
2024-02-29,VIL-008,Mehrauli,South Delhi,Delhi,6.27,6.88,0.578,3.8,0.0,26.5,74.8,2,2,1,0.0,3.61,0.12042,25,0
2024-03-01,VIL-008,Mehrauli,South Delhi,Delhi,6.78,0.55,0.34,32.3,2.3,30.9,73.4,1,3,0,2.3,2.51,0.01021,0,0
2024-03-02,VIL-008,Mehrauli,South Delhi,Delhi,8.54,3.11,0.783,44.3,0.0,24.2,88.0,1,1,3,2.3,2.47,0.01728,0,0
2024-03-03,VIL-008,Mehrauli,South Delhi,Delhi,5.96,1.75,0.644,21.8,4.7,22.7,87.2,4,1,1,7.0,2.6,0.02825,0,0
2024-03-04,VIL-008,Mehrauli,South Delhi,Delhi,6.92,5.87,0.0,34.4,0.0,30.7,58.2,0,2,2,4.7,3.06,0.0,60,1
2024-03-05,VIL-008,Mehrauli,South Delhi,Delhi,7.39,0.28,0.157,4.1,11.4,28.8,86.3,2,2,0,16.1,2.94,0.03078,20,0
2024-03-06,VIL-008,Mehrauli,South Delhi,Delhi,5.97,2.49,0.364,66.9,40.8,27.7,81.2,2,4,1,52.2,2.99,0.00536,15,0
2024-03-07,VIL-008,Mehrauli,South Delhi,Delhi,6.65,0.2,0.296,1.5,20.5,32.4,94.1,2,2,2,72.7,2.04,0.1184,15,0
2024-03-08,VIL-008,Mehrauli,South Delhi,Delhi,8.3,0.55,0.479,45.8,0.0,27.8,74.2,2,1,3,61.3,2.04,0.01024,15,0
2024-03-09,VIL-008,Mehrauli,South Delhi,Delhi,7.2,0.76,0.469,25.8,0.0,26.5,88.6,2,1,1,20.5,1.7,0.0175,0,0
2024-03-10,VIL-008,Mehrauli,South Delhi,Delhi,6.76,1.11,0.08,9.2,12.5,26.0,80.6,1,4,1,12.5,1.61,0.00784,20,0
2024-03-11,VIL-008,Mehrauli,South Delhi,Delhi,7.23,6.59,0.562,33.7,4.1,25.2,61.6,6,0,2,16.6,1.71,0.0162,25,0
2024-03-12,VIL-008,Mehrauli,South Delhi,Delhi,6.75,0.2,0.698,69.1,0.0,30.9,87.2,2,2,2,16.6,1.7,0.00996,0,0
2024-03-13,VIL-008,Mehrauli,South Delhi,Delhi,8.13,0.36,0.106,24.3,0.0,27.8,84.7,3,2,4,4.1,1.4,0.00419,20,0
2024-03-14,VIL-008,Mehrauli,South Delhi,Delhi,6.51,0.44,0.283,20.9,0.0,33.6,67.2,3,2,2,0.0,1.43,0.01292,0,0
2024-03-15,VIL-008,Mehrauli,South Delhi,Delhi,6.79,1.08,0.293,7.0,29.5,17.2,78.5,2,2,1,29.5,1.51,0.03662,0,0
2024-03-16,VIL-008,Mehrauli,South Delhi,Delhi,6.2,0.2,0.576,41.1,0.0,32.7,99.0,2,2,1,29.5,1.43,0.01368,0,0
2024-03-17,VIL-008,Mehrauli,South Delhi,Delhi,6.92,6.59,0.623,80.1,11.7,30.4,69.2,2,1,4,41.2,2.21,0.00768,25,0
2024-03-18,VIL-008,Mehrauli,South Delhi,Delhi,7.0,1.61,0.272,37.5,4.6,28.6,83.7,2,6,0,16.3,1.5,0.00706,20,0
2024-03-19,VIL-008,Mehrauli,South Delhi,Delhi,7.82,3.29,0.268,8.2,6.0,23.8,61.9,2,2,2,22.3,1.94,0.02913,0,0
2024-03-20,VIL-008,Mehrauli,South Delhi,Delhi,6.49,2.9,0.533,49.3,0.0,22.4,68.2,2,3,2,10.6,2.3,0.0106,0,0
2024-03-21,VIL-008,Mehrauli,South Delhi,Delhi,7.39,2.12,0.313,1.4,0.0,32.0,84.7,3,3,2,6.0,2.54,0.13042,0,0
2024-03-22,VIL-008,Mehrauli,South Delhi,Delhi,7.15,4.6,0.391,82.8,17.2,30.0,78.1,0,2,2,17.2,3.04,0.00467,25,0
2024-03-23,VIL-008,Mehrauli,South Delhi,Delhi,5.96,4.56,0.523,115.8,0.0,29.9,72.6,1,2,2,17.2,3.67,0.00448,60,1
2024-03-24,VIL-008,Mehrauli,South Delhi,Delhi,6.66,0.27,0.482,41.4,0.4,28.6,95.4,1,2,1,17.6,2.76,0.01137,0,0
2024-03-25,VIL-008,Mehrauli,South Delhi,Delhi,6.64,4.55,0.402,97.2,52.1,32.4,63.9,0,2,6,52.5,3.18,0.00409,40,1
2024-03-26,VIL-008,Mehrauli,South Delhi,Delhi,8.11,1.45,0.114,4.0,0.0,26.7,73.2,2,2,2,52.5,2.92,0.0228,35,1
2024-03-27,VIL-008,Mehrauli,South Delhi,Delhi,7.43,0.61,0.458,11.8,0.0,27.7,80.9,1,2,3,52.1,2.59,0.03578,15,0
2024-03-28,VIL-008,Mehrauli,South Delhi,Delhi,7.19,1.84,0.529,17.4,0.0,28.3,64.5,2,3,3,0.0,2.55,0.02875,0,0
2024-03-29,VIL-008,Mehrauli,South Delhi,Delhi,4.52,0.65,0.486,67.5,0.0,28.1,81.1,2,0,2,0.0,1.99,0.00709,0,0
2024-03-30,VIL-008,Mehrauli,South Delhi,Delhi,5.96,1.28,0.103,30.1,0.0,34.3,87.9,2,1,2,0.0,1.52,0.00331,20,0
2024-03-31,VIL-008,Mehrauli,South Delhi,Delhi,7.54,3.32,0.498,19.5,24.2,24.0,73.6,2,1,2,24.2,1.96,0.02429,0,0
2024-04-01,VIL-008,Mehrauli,South Delhi,Delhi,7.57,0.2,0.223,7.8,10.6,21.2,66.8,2,0,2,34.8,1.34,0.02534,0,0
2024-04-02,VIL-008,Mehrauli,South Delhi,Delhi,6.65,0.4,0.0,75.7,40.8,23.2,71.3,2,2,2,75.6,1.19,0.0,50,1
2024-04-03,VIL-008,Mehrauli,South Delhi,Delhi,7.12,6.15,0.322,0.9,0.0,31.7,42.9,1,1,2,51.4,1.98,0.16947,40,1
2024-04-04,VIL-008,Mehrauli,South Delhi,Delhi,7.07,1.15,0.144,18.7,0.0,28.6,87.1,2,2,3,40.8,1.88,0.00731,20,0
2024-04-05,VIL-008,Mehrauli,South Delhi,Delhi,7.2,0.71,0.35,12.7,11.9,22.6,78.2,2,2,0,11.9,1.89,0.02555,0,0
2024-04-06,VIL-008,Mehrauli,South Delhi,Delhi,6.88,5.03,0.125,6.3,0.0,29.4,72.9,1,2,1,11.9,2.42,0.01712,45,1
2024-04-07,VIL-008,Mehrauli,South Delhi,Delhi,7.59,4.75,0.312,8.6,0.0,27.7,55.0,1,2,1,11.9,2.63,0.0325,25,0
2024-04-08,VIL-008,Mehrauli,South Delhi,Delhi,7.76,0.2,0.058,31.0,0.0,31.2,88.3,0,2,0,0.0,2.63,0.00181,20,0
2024-04-09,VIL-008,Mehrauli,South Delhi,Delhi,6.52,0.88,0.228,25.3,0.0,32.2,69.7,1,2,2,0.0,2.7,0.00867,0,0
2024-04-10,VIL-008,Mehrauli,South Delhi,Delhi,6.38,4.78,0.411,33.2,33.5,39.1,81.8,1,1,1,33.5,2.5,0.01202,25,0
2024-04-11,VIL-008,Mehrauli,South Delhi,Delhi,6.62,0.39,0.669,59.2,0.0,24.3,74.9,0,2,2,33.5,2.39,0.01111,0,0
2024-04-12,VIL-008,Mehrauli,South Delhi,Delhi,7.13,1.69,0.3,101.4,34.2,21.5,55.6,0,2,2,67.7,2.53,0.00293,50,1
2024-04-13,VIL-008,Mehrauli,South Delhi,Delhi,7.31,0.76,0.348,5.7,0.0,31.4,90.2,0,1,2,34.2,1.92,0.05194,0,0
2024-04-14,VIL-008,Mehrauli,South Delhi,Delhi,7.57,2.61,0.494,3.9,0.0,32.9,87.9,2,1,2,34.2,1.62,0.10082,0,0
2024-04-15,VIL-008,Mehrauli,South Delhi,Delhi,7.68,0.34,0.423,17.6,0.0,23.9,84.2,1,0,2,0.0,1.64,0.02274,0,0
2024-04-16,VIL-008,Mehrauli,South Delhi,Delhi,7.32,1.78,0.432,36.0,15.1,23.9,78.8,0,1,2,15.1,1.76,0.01168,0,0
2024-04-17,VIL-008,Mehrauli,South Delhi,Delhi,7.24,0.2,0.476,4.8,0.0,30.4,60.6,1,1,1,15.1,1.11,0.08207,0,0
2024-04-18,VIL-008,Mehrauli,South Delhi,Delhi,8.09,0.57,0.281,57.3,0.0,35.9,85.4,0,0,2,15.1,1.14,0.00482,0,0
2024-04-19,VIL-008,Mehrauli,South Delhi,Delhi,7.1,0.35,0.208,37.0,0.0,25.5,99.0,1,0,2,0.0,0.94,0.00547,0,0
2024-04-20,VIL-008,Mehrauli,South Delhi,Delhi,7.45,0.46,0.4,62.8,0.0,29.3,76.4,1,0,1,0.0,0.9,0.00627,0,0
2024-04-21,VIL-008,Mehrauli,South Delhi,Delhi,7.29,3.86,0.0,20.2,13.5,21.4,76.6,0,2,1,13.5,1.08,0.0,35,1
2024-04-22,VIL-008,Mehrauli,South Delhi,Delhi,7.0,4.83,0.0,23.3,3.3,28.2,61.8,1,1,0,16.8,1.72,0.0,60,1
2024-04-23,VIL-008,Mehrauli,South Delhi,Delhi,7.0,2.76,0.619,75.0,0.0,28.5,50.2,1,0,1,16.8,1.86,0.00814,0,0
2024-04-24,VIL-008,Mehrauli,South Delhi,Delhi,7.89,1.75,0.554,14.1,0.0,34.9,70.7,1,1,1,3.3,2.08,0.03669,0,0
2024-04-25,VIL-008,Mehrauli,South Delhi,Delhi,7.05,0.51,0.228,21.9,6.8,26.2,92.8,3,0,0,6.8,2.07,0.00996,0,0
2024-04-26,VIL-008,Mehrauli,South Delhi,Delhi,6.89,0.63,0.129,0.6,27.4,31.7,91.1,2,1,0,34.2,2.11,0.08062,20,0
2024-04-27,VIL-008,Mehrauli,South Delhi,Delhi,6.66,0.73,0.448,36.9,0.0,25.9,74.2,1,1,0,34.2,2.15,0.01182,0,0
2024-04-28,VIL-008,Mehrauli,South Delhi,Delhi,7.35,2.94,0.477,86.8,0.0,29.4,80.2,0,0,2,27.4,2.02,0.00543,0,0
2024-04-29,VIL-008,Mehrauli,South Delhi,Delhi,6.79,0.57,0.189,1.3,27.5,37.3,60.4,1,1,1,27.5,1.41,0.08217,20,0
2024-04-30,VIL-008,Mehrauli,South Delhi,Delhi,7.3,7.11,0.327,43.3,0.0,36.2,76.3,3,1,0,27.5,2.03,0.00738,25,0
2024-05-01,VIL-008,Mehrauli,South Delhi,Delhi,7.21,3.12,0.026,85.0,0.0,36.8,68.7,1,1,1,27.5,2.23,0.0003,35,1
2024-05-02,VIL-008,Mehrauli,South Delhi,Delhi,6.84,16.02,0.271,31.0,0.0,30.6,75.7,2,3,0,0.0,4.45,0.00847,25,0
2024-05-03,VIL-008,Mehrauli,South Delhi,Delhi,6.26,1.2,0.308,17.1,0.0,28.2,71.7,3,2,1,0.0,4.53,0.01702,0,0
2024-05-04,VIL-008,Mehrauli,South Delhi,Delhi,6.48,1.74,0.379,258.4,20.5,30.1,71.5,1,1,1,20.5,4.67,0.00146,35,1
2024-05-05,VIL-008,Mehrauli,South Delhi,Delhi,6.58,0.64,0.749,3.0,0.0,30.9,87.0,0,0,0,20.5,4.34,0.18725,0,0
2024-05-06,VIL-008,Mehrauli,South Delhi,Delhi,6.5,1.81,0.138,10.7,0.0,30.6,98.6,2,1,1,20.5,4.52,0.01179,20,0
2024-05-07,VIL-008,Mehrauli,South Delhi,Delhi,7.37,7.15,0.62,98.5,38.0,26.2,73.0,2,3,1,38.0,4.53,0.00623,25,0
2024-05-08,VIL-008,Mehrauli,South Delhi,Delhi,8.38,0.2,0.245,16.1,0.0,26.0,92.0,2,1,1,38.0,4.11,0.01433,0,0
2024-05-09,VIL-008,Mehrauli,South Delhi,Delhi,6.79,0.67,0.227,78.0,0.0,26.6,60.1,5,2,3,38.0,1.92,0.00287,0,0
2024-05-10,VIL-008,Mehrauli,South Delhi,Delhi,6.87,0.65,0.538,18.4,19.7,33.3,73.9,1,3,2,19.7,1.84,0.02773,0,0
2024-05-11,VIL-008,Mehrauli,South Delhi,Delhi,6.75,7.91,0.224,76.0,37.4,33.7,59.4,1,1,1,57.1,2.72,0.00291,40,1
2024-05-12,VIL-008,Mehrauli,South Delhi,Delhi,7.61,0.28,0.19,52.7,28.9,41.7,71.3,2,0,0,86.0,2.67,0.00354,35,1
2024-05-13,VIL-008,Mehrauli,South Delhi,Delhi,7.36,3.28,0.46,28.8,0.0,30.7,83.6,5,2,1,66.3,2.88,0.01544,15,0
2024-05-14,VIL-008,Mehrauli,South Delhi,Delhi,7.09,0.63,0.435,33.7,3.2,25.8,88.4,1,2,3,32.1,1.95,0.01254,0,0
2024-05-15,VIL-008,Mehrauli,South Delhi,Delhi,6.37,3.86,0.255,8.9,3.8,27.1,65.7,2,2,1,7.0,2.47,0.02576,0,0
2024-05-16,VIL-008,Mehrauli,South Delhi,Delhi,6.52,1.31,0.673,5.6,0.0,28.4,80.5,1,5,2,7.0,2.56,0.10197,0,0
2024-05-17,VIL-008,Mehrauli,South Delhi,Delhi,7.21,0.54,0.26,57.4,0.0,35.0,89.8,1,1,3,3.8,2.54,0.00445,0,0
2024-05-18,VIL-008,Mehrauli,South Delhi,Delhi,7.23,2.42,0.063,85.9,51.8,31.9,88.1,0,1,1,51.8,1.76,0.00072,50,1
2024-05-19,VIL-008,Mehrauli,South Delhi,Delhi,7.09,3.61,0.139,58.2,0.0,23.6,78.1,0,2,0,51.8,2.24,0.00235,35,1
2024-05-20,VIL-008,Mehrauli,South Delhi,Delhi,7.5,1.24,0.133,111.0,0.0,28.8,67.9,0,5,2,51.8,1.94,0.00119,70,2
2024-05-21,VIL-008,Mehrauli,South Delhi,Delhi,6.37,2.45,0.282,100.5,3.8,23.1,66.7,3,1,2,3.8,2.2,0.00278,35,1
2024-05-22,VIL-008,Mehrauli,South Delhi,Delhi,7.28,0.39,0.607,68.5,0.0,31.4,64.9,3,2,2,3.8,1.71,0.00873,0,0
2024-05-23,VIL-008,Mehrauli,South Delhi,Delhi,7.25,5.44,0.023,103.9,0.0,26.2,74.6,2,1,5,3.8,2.3,0.00022,95,2
2024-05-24,VIL-008,Mehrauli,South Delhi,Delhi,6.53,0.2,0.656,8.3,0.0,26.6,65.1,3,1,1,0.0,2.25,0.07054,0,0
2024-05-25,VIL-008,Mehrauli,South Delhi,Delhi,6.74,0.49,0.222,59.8,3.5,21.5,83.1,0,0,1,3.5,1.97,0.00365,0,0
2024-05-26,VIL-008,Mehrauli,South Delhi,Delhi,7.52,0.67,0.244,63.8,34.3,32.0,77.7,1,0,2,37.8,1.55,0.00377,0,0
2024-05-27,VIL-008,Mehrauli,South Delhi,Delhi,6.42,0.32,0.205,7.6,16.3,33.8,77.2,1,0,5,54.1,1.42,0.02384,15,0
2024-05-28,VIL-008,Mehrauli,South Delhi,Delhi,8.58,1.02,0.253,109.4,36.0,26.2,52.9,0,3,1,86.6,1.22,0.00229,50,1
2024-05-29,VIL-008,Mehrauli,South Delhi,Delhi,7.43,1.2,0.302,0.4,0.0,28.4,75.3,2,3,2,52.3,1.33,0.21571,15,0
2024-05-30,VIL-008,Mehrauli,South Delhi,Delhi,7.07,1.43,0.323,25.9,0.0,27.1,69.5,3,2,1,36.0,0.76,0.01201,0,0
2024-05-31,VIL-008,Mehrauli,South Delhi,Delhi,6.95,0.2,0.398,1.0,13.4,28.1,99.0,0,3,1,13.4,0.76,0.199,0,0
2024-06-01,VIL-008,Mehrauli,South Delhi,Delhi,7.57,0.48,0.0,33.7,0.0,25.7,59.6,3,0,0,13.4,0.76,0.0,35,1
2024-06-02,VIL-008,Mehrauli,South Delhi,Delhi,6.85,3.23,0.321,24.2,0.0,24.6,72.5,0,1,0,13.4,1.13,0.01274,0,0
2024-06-03,VIL-008,Mehrauli,South Delhi,Delhi,6.88,3.26,0.434,44.4,0.0,34.5,79.6,0,1,0,0.0,1.55,0.00956,0,0
2024-06-04,VIL-008,Mehrauli,South Delhi,Delhi,7.97,0.78,0.335,66.2,0.0,18.4,63.3,0,0,3,0.0,1.51,0.00499,0,0
2024-06-05,VIL-008,Mehrauli,South Delhi,Delhi,6.82,1.21,0.298,66.6,0.0,31.0,98.1,0,2,3,0.0,1.51,0.00441,0,0
2024-06-06,VIL-008,Mehrauli,South Delhi,Delhi,7.18,0.4,0.255,58.3,23.9,30.1,98.4,1,3,2,23.9,1.37,0.0043,0,0
2024-06-07,VIL-008,Mehrauli,South Delhi,Delhi,6.64,3.38,0.538,4.9,0.0,35.6,64.7,2,0,3,23.9,1.82,0.09119,0,0
2024-06-08,VIL-008,Mehrauli,South Delhi,Delhi,7.26,6.15,0.433,24.6,0.0,28.1,67.9,2,3,0,23.9,2.63,0.01691,25,0
2024-06-09,VIL-008,Mehrauli,South Delhi,Delhi,7.45,0.68,0.309,77.0,18.3,27.5,99.0,0,0,1,18.3,2.27,0.00396,0,0
2024-06-10,VIL-008,Mehrauli,South Delhi,Delhi,8.11,2.99,0.441,48.3,13.1,25.8,91.7,0,0,1,31.4,2.23,0.00895,0,0
2024-06-11,VIL-008,Mehrauli,South Delhi,Delhi,6.54,0.85,0.515,52.0,34.2,30.4,70.6,1,0,0,65.6,2.24,0.00972,15,0
2024-06-12,VIL-008,Mehrauli,South Delhi,Delhi,6.23,0.2,0.102,11.7,0.0,26.2,80.2,0,0,2,47.3,2.09,0.00803,20,0
2024-06-13,VIL-008,Mehrauli,South Delhi,Delhi,6.94,1.79,0.439,17.9,0.0,24.5,58.4,2,1,3,34.2,2.29,0.02323,0,0
2024-06-14,VIL-008,Mehrauli,South Delhi,Delhi,6.73,1.04,0.197,141.9,0.0,26.1,99.0,1,2,0,0.0,1.96,0.00138,55,1
2024-06-15,VIL-008,Mehrauli,South Delhi,Delhi,7.09,2.78,0.581,85.4,3.2,25.2,75.9,1,2,3,3.2,1.48,0.00672,0,0
2024-06-16,VIL-008,Mehrauli,South Delhi,Delhi,7.41,2.71,0.176,8.2,0.0,25.0,82.0,1,0,0,3.2,1.77,0.01913,20,0
2024-06-17,VIL-008,Mehrauli,South Delhi,Delhi,8.46,5.72,0.344,35.8,2.7,29.3,63.8,0,0,0,5.9,2.16,0.00935,25,0
2024-06-18,VIL-008,Mehrauli,South Delhi,Delhi,6.83,1.13,0.398,30.7,17.5,28.2,61.4,0,1,0,20.2,2.2,0.01256,0,0
2024-06-19,VIL-008,Mehrauli,South Delhi,Delhi,5.77,1.29,0.014,26.7,36.5,31.2,80.4,1,0,0,56.7,2.35,0.00051,50,1
2024-06-20,VIL-008,Mehrauli,South Delhi,Delhi,6.96,1.0,0.0,28.9,0.6,29.6,98.0,1,2,1,54.6,2.24,0.0,50,1
2024-06-21,VIL-008,Mehrauli,South Delhi,Delhi,7.31,0.69,0.273,46.9,0.5,24.2,68.5,1,1,2,37.6,2.19,0.0057,0,0
2024-06-22,VIL-008,Mehrauli,South Delhi,Delhi,6.52,1.99,0.651,155.4,0.0,20.5,63.3,2,1,2,1.1,2.08,0.00416,35,1
2024-06-23,VIL-008,Mehrauli,South Delhi,Delhi,7.24,3.45,0.316,94.7,20.1,24.8,78.7,2,1,0,20.6,2.18,0.0033,0,0
2024-06-24,VIL-008,Mehrauli,South Delhi,Delhi,7.18,0.34,0.435,94.7,0.0,32.1,94.6,3,0,0,20.1,1.41,0.00455,0,0
2024-06-25,VIL-008,Mehrauli,South Delhi,Delhi,7.26,7.86,0.0,55.3,6.6,32.0,67.3,0,0,1,26.7,2.37,0.0,60,1
2024-06-26,VIL-008,Mehrauli,South Delhi,Delhi,7.57,2.26,0.499,0.8,0.0,32.9,72.0,0,1,0,6.6,2.51,0.27722,0,0
2024-06-27,VIL-008,Mehrauli,South Delhi,Delhi,7.05,2.97,0.438,26.4,0.0,32.4,85.0,2,1,2,6.6,2.79,0.01599,0,0
2024-06-28,VIL-008,Mehrauli,South Delhi,Delhi,7.43,13.27,0.468,32.6,25.2,33.3,86.3,1,1,1,25.2,4.59,0.01393,25,0
2024-06-29,VIL-008,Mehrauli,South Delhi,Delhi,6.02,1.37,0.357,84.1,0.0,30.6,71.6,1,2,1,25.2,4.5,0.0042,0,0
2024-06-30,VIL-008,Mehrauli,South Delhi,Delhi,6.52,0.2,0.12,116.6,0.0,36.2,88.2,2,2,1,25.2,4.04,0.00102,55,1
2024-07-01,VIL-008,Mehrauli,South Delhi,Delhi,6.9,3.06,0.214,27.3,38.3,30.2,81.3,1,3,0,38.3,4.43,0.00756,0,0
2024-07-02,VIL-008,Mehrauli,South Delhi,Delhi,6.5,4.01,0.186,16.3,0.5,37.0,75.2,4,0,0,38.8,3.88,0.01075,45,1
2024-07-03,VIL-008,Mehrauli,South Delhi,Delhi,7.1,0.35,0.448,18.7,0.0,26.5,85.8,1,0,1,38.8,3.6,0.02274,0,0
2024-07-04,VIL-008,Mehrauli,South Delhi,Delhi,6.89,0.2,0.308,39.3,12.0,26.4,84.2,1,2,1,12.5,3.21,0.00764,0,0
2024-07-05,VIL-008,Mehrauli,South Delhi,Delhi,6.83,0.29,0.499,14.6,17.7,28.2,62.4,4,1,1,29.7,1.35,0.03199,0,0
2024-07-06,VIL-008,Mehrauli,South Delhi,Delhi,7.63,0.77,0.462,109.9,0.0,28.9,92.8,2,1,2,29.7,1.27,0.00417,35,1
2024-07-07,VIL-008,Mehrauli,South Delhi,Delhi,7.15,5.06,0.666,24.7,0.0,27.7,79.1,2,2,2,17.7,1.96,0.02591,25,0
2024-07-08,VIL-008,Mehrauli,South Delhi,Delhi,6.45,0.2,0.369,209.8,7.6,31.2,91.5,2,1,3,7.6,1.55,0.00175,35,1
2024-07-09,VIL-008,Mehrauli,South Delhi,Delhi,6.74,3.19,0.309,5.3,0.0,28.6,75.6,3,4,0,7.6,1.44,0.04905,0,0
2024-07-10,VIL-008,Mehrauli,South Delhi,Delhi,7.55,3.78,0.367,9.5,0.0,26.6,78.0,3,1,0,7.6,1.93,0.03495,0,0
2024-07-11,VIL-008,Mehrauli,South Delhi,Delhi,7.22,3.27,0.0,32.6,48.3,27.4,79.8,3,1,2,48.3,2.37,0.0,35,1
2024-07-12,VIL-008,Mehrauli,South Delhi,Delhi,7.82,0.2,0.283,92.2,0.0,33.9,81.6,1,4,1,48.3,2.35,0.00304,0,0
2024-07-13,VIL-008,Mehrauli,South Delhi,Delhi,7.61,2.23,0.459,19.9,15.9,30.3,93.3,0,2,1,64.2,2.56,0.02196,15,0
2024-07-14,VIL-008,Mehrauli,South Delhi,Delhi,6.87,6.03,0.296,82.7,0.0,22.3,80.6,0,2,2,15.9,2.7,0.00354,25,0
2024-07-15,VIL-008,Mehrauli,South Delhi,Delhi,7.96,0.25,0.304,25.2,2.0,35.0,74.7,1,2,1,17.9,2.71,0.0116,0,0
2024-07-16,VIL-008,Mehrauli,South Delhi,Delhi,8.01,0.2,0.295,87.2,6.2,30.7,87.1,1,3,4,8.2,2.28,0.00334,0,0
2024-07-17,VIL-008,Mehrauli,South Delhi,Delhi,6.03,4.05,0.634,14.8,0.0,31.6,80.2,2,3,1,8.2,2.32,0.04013,25,0
2024-07-18,VIL-008,Mehrauli,South Delhi,Delhi,7.12,2.03,0.398,29.0,0.0,32.7,99.0,2,3,1,6.2,2.14,0.01327,0,0
2024-07-19,VIL-008,Mehrauli,South Delhi,Delhi,6.77,2.04,0.32,14.9,17.6,32.9,78.5,2,1,4,17.6,2.4,0.02013,0,0
2024-07-20,VIL-008,Mehrauli,South Delhi,Delhi,6.94,6.54,0.784,11.0,0.0,25.3,89.9,2,0,2,17.6,3.02,0.06533,25,0
2024-07-21,VIL-008,Mehrauli,South Delhi,Delhi,6.61,2.88,0.112,24.9,0.0,24.7,85.6,1,0,2,17.6,2.57,0.00432,20,0
2024-07-22,VIL-008,Mehrauli,South Delhi,Delhi,6.54,0.99,0.225,18.5,0.0,38.6,50.4,1,1,2,0.0,2.68,0.01154,0,0
2024-07-23,VIL-008,Mehrauli,South Delhi,Delhi,7.64,1.12,0.153,70.4,0.0,26.2,66.2,1,1,3,0.0,2.81,0.00214,20,0
2024-07-24,VIL-008,Mehrauli,South Delhi,Delhi,6.4,0.31,0.209,62.6,0.0,30.5,69.7,0,2,3,0.0,2.27,0.00329,0,0
2024-07-25,VIL-008,Mehrauli,South Delhi,Delhi,7.16,0.71,0.572,20.2,0.0,35.5,57.0,3,2,3,0.0,2.08,0.02698,0,0
2024-07-26,VIL-008,Mehrauli,South Delhi,Delhi,6.29,1.16,0.167,221.3,0.0,27.2,70.3,3,2,1,0.0,1.96,0.00075,70,2
2024-07-27,VIL-008,Mehrauli,South Delhi,Delhi,7.86,0.59,0.353,165.8,0.0,27.6,58.5,2,2,0,0.0,1.11,0.00212,35,1
2024-07-28,VIL-008,Mehrauli,South Delhi,Delhi,7.12,4.85,0.433,113.7,0.0,32.7,61.7,3,1,0,0.0,1.39,0.00378,60,1
2024-07-29,VIL-008,Mehrauli,South Delhi,Delhi,7.55,0.2,0.472,40.2,0.0,29.9,77.9,2,1,1,0.0,1.28,0.01146,0,0
2024-07-30,VIL-008,Mehrauli,South Delhi,Delhi,7.22,1.73,0.229,24.2,0.0,31.0,98.0,1,1,1,0.0,1.36,0.00909,0,0
2024-07-31,VIL-008,Mehrauli,South Delhi,Delhi,6.95,2.89,0.448,17.1,20.3,28.7,58.7,1,0,2,20.3,1.73,0.02475,0,0
2024-08-01,VIL-008,Mehrauli,South Delhi,Delhi,7.14,2.58,0.264,0.7,4.9,26.9,60.4,2,3,2,25.2,2.0,0.15529,0,0
2024-08-02,VIL-008,Mehrauli,South Delhi,Delhi,8.0,2.02,0.349,45.5,0.0,27.7,68.6,3,3,2,25.2,2.12,0.00751,0,0
2024-08-03,VIL-008,Mehrauli,South Delhi,Delhi,6.56,1.04,0.154,36.7,0.0,33.8,73.2,0,2,2,4.9,2.19,0.00408,20,0
2024-08-04,VIL-008,Mehrauli,South Delhi,Delhi,5.57,4.91,0.111,45.2,0.0,27.8,56.5,1,3,1,0.0,2.2,0.0024,45,1
2024-08-05,VIL-008,Mehrauli,South Delhi,Delhi,6.63,0.78,0.411,39.0,0.0,30.7,66.6,3,2,1,0.0,2.28,0.01028,0,0
2024-08-06,VIL-008,Mehrauli,South Delhi,Delhi,6.37,2.72,0.777,6.7,0.0,25.1,65.5,3,1,1,0.0,2.42,0.10091,0,0
2024-08-07,VIL-008,Mehrauli,South Delhi,Delhi,7.68,5.12,0.289,54.1,30.3,37.2,78.8,1,1,0,30.3,2.74,0.00525,25,0
2024-08-08,VIL-008,Mehrauli,South Delhi,Delhi,6.99,0.27,0.342,20.3,0.0,30.3,80.1,2,2,3,30.3,2.41,0.01606,0,0
2024-08-09,VIL-008,Mehrauli,South Delhi,Delhi,7.6,5.76,0.459,33.0,7.9,30.4,73.2,1,3,3,38.2,2.94,0.0135,25,0
2024-08-10,VIL-008,Mehrauli,South Delhi,Delhi,7.12,2.93,0.54,20.7,0.0,32.7,70.5,3,0,2,7.9,3.21,0.02488,0,0
2024-08-11,VIL-008,Mehrauli,South Delhi,Delhi,7.11,1.88,0.549,1.0,0.0,27.1,66.5,0,1,3,7.9,2.78,0.2745,0,0
2024-08-12,VIL-008,Mehrauli,South Delhi,Delhi,7.2,0.92,0.446,95.2,0.0,33.8,75.6,1,3,2,0.0,2.8,0.00464,0,0
2024-08-13,VIL-008,Mehrauli,South Delhi,Delhi,7.99,4.6,0.318,7.3,0.1,22.9,63.3,2,3,1,0.1,3.07,0.03831,25,0
2024-08-14,VIL-008,Mehrauli,South Delhi,Delhi,7.21,0.2,0.472,39.7,11.3,26.5,93.6,2,1,1,11.4,2.37,0.0116,0,0
2024-08-15,VIL-008,Mehrauli,South Delhi,Delhi,7.77,1.11,0.42,97.7,1.4,25.8,57.0,2,2,2,12.8,2.49,0.00426,0,0
2024-08-16,VIL-008,Mehrauli,South Delhi,Delhi,7.73,2.77,0.339,11.4,0.0,21.5,67.1,0,1,3,12.7,2.06,0.02734,0,0
2024-08-17,VIL-008,Mehrauli,South Delhi,Delhi,7.0,3.27,0.514,24.2,0.0,26.9,85.4,3,3,0,1.4,2.11,0.0204,0,0
2024-08-18,VIL-008,Mehrauli,South Delhi,Delhi,7.06,0.44,0.427,21.6,0.0,28.8,70.2,1,0,1,0.0,1.9,0.01889,0,0
2024-08-19,VIL-008,Mehrauli,South Delhi,Delhi,6.87,0.2,0.224,4.3,31.0,24.6,83.1,3,1,3,31.0,1.8,0.04226,0,0
2024-08-20,VIL-008,Mehrauli,South Delhi,Delhi,7.87,3.18,0.158,25.1,0.0,24.1,95.6,1,2,3,31.0,1.6,0.00605,20,0
2024-08-21,VIL-008,Mehrauli,South Delhi,Delhi,6.54,1.07,0.064,29.7,0.0,29.2,85.0,2,2,1,31.0,1.72,0.00208,20,0
2024-08-22,VIL-008,Mehrauli,South Delhi,Delhi,6.67,0.3,0.18,1.2,0.5,28.7,60.6,2,2,2,0.5,1.6,0.08182,20,0
2024-08-23,VIL-008,Mehrauli,South Delhi,Delhi,6.93,0.2,0.356,30.5,0.0,27.9,61.1,1,0,1,0.5,1.24,0.0113,0,0
2024-08-24,VIL-008,Mehrauli,South Delhi,Delhi,6.41,2.01,0.534,4.5,0.7,23.9,72.8,2,3,3,1.2,1.06,0.09709,0,0
2024-08-25,VIL-008,Mehrauli,South Delhi,Delhi,6.75,1.71,0.329,101.5,0.0,27.4,80.3,0,1,0,0.7,1.24,0.00321,35,1
2024-08-26,VIL-008,Mehrauli,South Delhi,Delhi,7.78,3.77,0.403,47.8,0.0,26.3,89.5,1,3,1,0.7,1.75,0.00826,0,0
2024-08-27,VIL-008,Mehrauli,South Delhi,Delhi,7.49,0.2,0.458,2.6,0.0,29.3,65.6,1,1,2,0.0,1.32,0.12722,0,0
2024-08-28,VIL-008,Mehrauli,South Delhi,Delhi,6.85,3.98,0.131,79.8,5.5,26.8,69.2,2,2,2,5.5,1.74,0.00162,20,0
2024-08-29,VIL-008,Mehrauli,South Delhi,Delhi,7.58,4.28,0.272,20.4,0.0,28.8,72.0,0,2,2,5.5,2.31,0.01271,25,0
2024-08-30,VIL-008,Mehrauli,South Delhi,Delhi,8.35,1.16,0.141,11.6,6.3,23.8,71.8,1,1,0,11.8,2.44,0.01119,20,0
2024-08-31,VIL-008,Mehrauli,South Delhi,Delhi,7.29,0.2,0.289,13.3,0.0,23.4,92.9,2,2,3,6.3,2.19,0.02021,0,0
2024-09-01,VIL-008,Mehrauli,South Delhi,Delhi,7.95,5.75,0.398,41.4,21.5,31.2,73.8,0,0,1,27.8,2.76,0.00939,25,0
2024-09-02,VIL-008,Mehrauli,South Delhi,Delhi,7.61,0.2,0.364,3.9,7.5,32.1,76.8,5,1,3,29.0,2.25,0.07429,0,0
2024-09-03,VIL-008,Mehrauli,South Delhi,Delhi,6.92,1.75,0.202,2.8,0.0,27.4,85.9,0,1,1,29.0,2.47,0.05316,0,0
2024-09-04,VIL-008,Mehrauli,South Delhi,Delhi,7.22,1.33,0.448,44.9,0.0,29.1,94.1,0,2,2,7.5,2.1,0.00976,0,0
2024-09-05,VIL-008,Mehrauli,South Delhi,Delhi,7.42,3.53,0.397,182.6,0.0,27.2,74.6,2,0,2,0.0,1.99,0.00216,35,1
2024-09-06,VIL-008,Mehrauli,South Delhi,Delhi,6.65,1.37,0.427,30.1,2.8,33.4,90.1,2,1,1,2.8,2.02,0.01373,0,0
2024-09-07,VIL-008,Mehrauli,South Delhi,Delhi,5.53,1.24,0.378,24.3,0.0,28.2,96.9,1,2,2,2.8,2.17,0.01494,0,0
2024-09-08,VIL-008,Mehrauli,South Delhi,Delhi,6.6,4.17,0.215,133.8,0.0,27.0,73.7,1,0,0,2.8,1.94,0.00159,60,1
2024-09-09,VIL-008,Mehrauli,South Delhi,Delhi,5.81,6.52,0.132,12.5,67.9,32.9,68.2,0,5,1,67.9,2.84,0.00978,60,1
2024-09-10,VIL-008,Mehrauli,South Delhi,Delhi,6.65,1.56,0.42,12.5,0.0,25.9,99.0,3,0,1,67.9,2.82,0.03111,15,0
2024-09-11,VIL-008,Mehrauli,South Delhi,Delhi,6.08,1.19,0.426,107.2,0.0,29.6,88.5,5,0,2,67.9,2.8,0.00394,50,1
2024-09-12,VIL-008,Mehrauli,South Delhi,Delhi,7.63,3.49,0.364,47.4,0.0,24.8,75.1,2,2,0,0.0,2.79,0.00752,0,0
2024-09-13,VIL-008,Mehrauli,South Delhi,Delhi,6.39,3.49,0.729,2.5,0.0,31.7,82.8,1,2,1,0.0,3.09,0.20829,0,0
2024-09-14,VIL-008,Mehrauli,South Delhi,Delhi,7.43,0.75,0.267,51.0,0.0,32.3,62.5,4,1,2,0.0,3.02,0.00513,0,0
2024-09-15,VIL-008,Mehrauli,South Delhi,Delhi,7.56,1.68,0.412,78.0,0.0,23.8,88.3,1,1,0,0.0,2.67,0.00522,0,0
2024-09-16,VIL-008,Mehrauli,South Delhi,Delhi,7.52,0.33,0.37,14.6,0.0,23.2,53.4,2,0,5,0.0,1.78,0.02372,0,0
2024-09-17,VIL-008,Mehrauli,South Delhi,Delhi,5.98,1.98,0.344,22.0,14.6,30.2,87.8,1,3,0,14.6,1.84,0.01496,0,0
2024-09-18,VIL-008,Mehrauli,South Delhi,Delhi,7.77,3.52,0.158,10.0,0.0,36.8,66.3,1,5,0,14.6,2.18,0.01436,20,0
2024-09-19,VIL-008,Mehrauli,South Delhi,Delhi,7.35,0.41,0.301,45.7,0.0,32.5,55.2,0,2,2,14.6,1.74,0.00645,0,0
2024-09-20,VIL-008,Mehrauli,South Delhi,Delhi,7.58,0.76,0.523,49.7,16.6,28.2,51.0,1,1,2,16.6,1.35,0.01032,0,0
2024-09-21,VIL-008,Mehrauli,South Delhi,Delhi,8.2,1.17,0.456,3.2,0.0,25.6,69.3,1,4,1,16.6,1.41,0.10857,0,0
2024-09-22,VIL-008,Mehrauli,South Delhi,Delhi,7.58,3.66,0.503,51.5,0.0,24.1,83.5,2,1,1,16.6,1.69,0.00958,0,0
2024-09-23,VIL-008,Mehrauli,South Delhi,Delhi,6.39,2.58,0.24,48.9,0.0,31.9,58.3,0,2,0,0.0,2.01,0.00481,0,0
2024-09-24,VIL-008,Mehrauli,South Delhi,Delhi,7.49,0.75,0.517,1.6,0.0,32.7,60.2,2,1,3,0.0,1.84,0.19885,0,0
2024-09-25,VIL-008,Mehrauli,South Delhi,Delhi,6.2,0.55,0.153,36.9,0.0,26.5,69.1,1,1,5,0.0,1.41,0.00404,20,0
2024-09-26,VIL-008,Mehrauli,South Delhi,Delhi,7.06,2.33,0.315,43.3,0.0,28.0,84.7,0,0,2,0.0,1.69,0.00711,0,0
2024-09-27,VIL-008,Mehrauli,South Delhi,Delhi,6.8,1.28,0.167,25.6,82.1,29.2,86.2,1,1,1,82.1,1.76,0.00628,35,1
2024-09-28,VIL-008,Mehrauli,South Delhi,Delhi,7.11,1.76,0.669,105.4,0.0,36.3,76.7,1,1,4,82.1,1.84,0.00629,50,1
2024-09-29,VIL-008,Mehrauli,South Delhi,Delhi,6.19,2.05,0.379,18.1,3.4,29.3,86.8,0,2,1,85.5,1.61,0.01984,15,0
2024-09-30,VIL-008,Mehrauli,South Delhi,Delhi,6.26,1.6,0.52,3.2,0.0,25.1,83.3,1,0,2,3.4,1.47,0.12381,0,0
2024-10-01,VIL-008,Mehrauli,South Delhi,Delhi,6.83,1.86,0.422,50.7,5.5,24.4,70.0,1,2,1,8.9,1.63,0.00816,0,0
2024-10-02,VIL-008,Mehrauli,South Delhi,Delhi,6.97,4.28,0.446,42.3,0.8,25.4,85.9,5,1,1,6.3,2.17,0.0103,25,0
2024-10-03,VIL-008,Mehrauli,South Delhi,Delhi,6.84,3.97,0.162,205.4,0.0,34.1,59.6,1,0,0,6.3,2.4,0.00078,70,2
2024-10-04,VIL-008,Mehrauli,South Delhi,Delhi,7.97,0.32,0.339,12.0,0.0,31.1,80.8,1,1,1,0.8,2.26,0.02608,0,0
2024-10-05,VIL-008,Mehrauli,South Delhi,Delhi,7.35,1.73,0.155,22.9,0.0,27.6,61.0,3,1,1,0.0,2.26,0.00649,20,0
2024-10-06,VIL-008,Mehrauli,South Delhi,Delhi,7.34,1.13,0.266,28.1,11.2,17.3,76.7,2,0,2,11.2,2.13,0.00914,0,0
2024-10-07,VIL-008,Mehrauli,South Delhi,Delhi,6.87,0.66,0.354,90.0,0.0,25.6,89.6,2,1,0,11.2,1.99,0.00389,0,0
2024-10-08,VIL-008,Mehrauli,South Delhi,Delhi,6.26,1.95,0.181,24.4,0.0,30.4,77.6,2,1,2,11.2,2.01,0.00713,20,0
2024-10-09,VIL-008,Mehrauli,South Delhi,Delhi,7.1,1.4,0.116,67.3,0.0,30.4,74.8,1,5,1,0.0,1.59,0.0017,20,0
2024-10-10,VIL-008,Mehrauli,South Delhi,Delhi,8.18,2.92,0.13,7.8,33.3,30.4,77.7,2,1,0,33.3,1.44,0.01477,20,0
2024-10-11,VIL-008,Mehrauli,South Delhi,Delhi,7.23,0.2,0.461,24.0,0.0,23.6,83.0,0,1,1,33.3,1.43,0.01844,0,0
2024-10-12,VIL-008,Mehrauli,South Delhi,Delhi,7.77,0.71,0.29,7.7,0.0,29.7,99.0,1,3,1,33.3,1.28,0.03333,0,0
2024-10-13,VIL-008,Mehrauli,South Delhi,Delhi,7.84,0.2,0.115,136.0,0.0,25.1,82.8,1,2,0,0.0,1.15,0.00084,70,2
2024-10-14,VIL-008,Mehrauli,South Delhi,Delhi,7.44,2.69,0.335,8.9,21.4,29.0,69.0,3,2,1,21.4,1.44,0.03384,0,0
2024-10-15,VIL-008,Mehrauli,South Delhi,Delhi,7.23,4.77,0.474,24.7,0.0,25.9,72.5,0,2,1,21.4,1.84,0.01844,25,0
2024-10-16,VIL-008,Mehrauli,South Delhi,Delhi,6.51,1.74,0.323,3.9,0.0,33.3,64.2,1,1,5,21.4,1.89,0.06592,0,0
2024-10-17,VIL-008,Mehrauli,South Delhi,Delhi,6.97,1.88,0.088,115.7,8.3,30.3,60.1,2,2,1,8.3,1.74,0.00075,70,2
2024-10-18,VIL-008,Mehrauli,South Delhi,Delhi,6.88,0.2,0.311,44.5,10.7,28.4,45.8,0,0,1,19.0,1.74,0.00684,0,0
2024-10-19,VIL-008,Mehrauli,South Delhi,Delhi,7.3,1.37,0.197,149.3,0.3,34.5,69.5,3,1,3,19.3,1.84,0.00131,55,1
2024-10-20,VIL-008,Mehrauli,South Delhi,Delhi,6.25,1.47,0.387,2.0,0.0,27.5,58.1,0,1,2,11.0,2.02,0.129,0,0
2024-10-21,VIL-008,Mehrauli,South Delhi,Delhi,6.78,0.2,0.274,8.8,0.0,23.3,76.2,2,3,2,0.3,1.66,0.02796,0,0
2024-10-22,VIL-008,Mehrauli,South Delhi,Delhi,7.34,2.99,0.379,21.8,25.0,33.2,68.9,3,0,2,25.0,1.41,0.01662,0,0
2024-10-23,VIL-008,Mehrauli,South Delhi,Delhi,6.68,0.64,0.03,44.2,0.0,30.0,62.0,2,1,1,25.0,1.25,0.00066,35,1
2024-10-24,VIL-008,Mehrauli,South Delhi,Delhi,6.55,2.52,0.353,18.2,14.6,27.7,49.8,0,2,2,39.6,1.34,0.01839,0,0
2024-10-25,VIL-008,Mehrauli,South Delhi,Delhi,6.63,1.01,0.292,56.6,0.0,26.4,70.8,1,0,0,14.6,1.46,0.00507,0,0
2024-10-26,VIL-008,Mehrauli,South Delhi,Delhi,6.94,10.66,0.18,8.2,0.0,31.0,54.0,1,3,1,14.6,2.78,0.01957,45,1
2024-10-27,VIL-008,Mehrauli,South Delhi,Delhi,5.67,0.47,0.35,41.8,0.0,32.3,83.5,3,0,1,0.0,2.64,0.00818,0,0
2024-10-28,VIL-008,Mehrauli,South Delhi,Delhi,6.65,0.2,0.283,23.1,0.0,25.9,78.1,0,2,3,0.0,2.64,0.01174,0,0
2024-10-29,VIL-008,Mehrauli,South Delhi,Delhi,7.67,7.66,0.327,32.3,0.0,31.3,72.3,1,3,0,0.0,3.31,0.00982,25,0
2024-10-30,VIL-008,Mehrauli,South Delhi,Delhi,7.29,0.55,0.161,38.4,16.5,30.0,92.4,3,2,1,16.5,3.3,0.00409,20,0
2024-10-31,VIL-008,Mehrauli,South Delhi,Delhi,7.35,1.98,0.365,2.8,9.0,25.7,75.1,1,0,2,25.5,3.22,0.09605,0,0
2024-11-01,VIL-008,Mehrauli,South Delhi,Delhi,6.0,0.92,0.005,117.3,0.0,29.0,79.6,4,1,0,25.5,3.21,4e-05,70,2
2024-11-02,VIL-008,Mehrauli,South Delhi,Delhi,6.85,2.0,0.302,70.2,11.9,26.8,83.2,3,1,3,20.9,1.97,0.00424,0,0
2024-11-03,VIL-008,Mehrauli,South Delhi,Delhi,7.03,1.78,0.33,26.6,0.0,34.0,68.8,2,3,0,11.9,2.16,0.01196,0,0
2024-11-04,VIL-008,Mehrauli,South Delhi,Delhi,7.38,2.41,0.639,36.1,0.0,26.4,68.9,3,0,2,11.9,2.47,0.01722,0,0
2024-11-05,VIL-008,Mehrauli,South Delhi,Delhi,7.77,0.2,0.287,1.5,4.9,35.0,75.5,1,1,3,4.9,1.41,0.1148,0,0
2024-11-06,VIL-008,Mehrauli,South Delhi,Delhi,7.67,3.55,0.621,31.4,0.0,29.5,58.8,1,3,2,4.9,1.83,0.01917,0,0
2024-11-07,VIL-008,Mehrauli,South Delhi,Delhi,6.75,1.28,0.539,25.3,0.0,22.0,96.4,1,1,0,4.9,1.73,0.02049,0,0
2024-11-08,VIL-008,Mehrauli,South Delhi,Delhi,6.76,1.43,0.312,21.3,45.2,20.3,76.9,3,4,1,45.2,1.81,0.01399,0,0
2024-11-09,VIL-008,Mehrauli,South Delhi,Delhi,7.95,1.04,0.337,76.9,47.4,28.2,72.6,1,3,1,92.6,1.67,0.00433,15,0
2024-11-10,VIL-008,Mehrauli,South Delhi,Delhi,6.88,8.91,0.14,9.1,0.0,34.3,99.0,0,2,3,92.6,2.69,0.01386,60,1
2024-11-11,VIL-008,Mehrauli,South Delhi,Delhi,6.45,3.17,0.228,8.8,0.0,33.9,61.8,2,3,0,47.4,2.8,0.02327,0,0
2024-11-12,VIL-008,Mehrauli,South Delhi,Delhi,6.98,0.73,0.376,33.6,0.0,29.7,93.4,1,1,1,0.0,2.87,0.01087,0,0
2024-11-13,VIL-008,Mehrauli,South Delhi,Delhi,7.91,3.0,0.277,52.9,0.0,26.1,84.8,2,1,3,0.0,2.79,0.00514,0,0
2024-11-14,VIL-008,Mehrauli,South Delhi,Delhi,6.56,1.13,0.494,1.0,0.0,27.3,88.4,0,1,1,0.0,2.77,0.247,0,0
2024-11-15,VIL-008,Mehrauli,South Delhi,Delhi,6.84,4.0,0.453,35.9,44.4,29.8,72.9,1,3,4,44.4,3.14,0.01228,0,0
2024-11-16,VIL-008,Mehrauli,South Delhi,Delhi,6.58,0.2,0.388,16.1,0.0,33.3,75.7,1,1,3,44.4,3.02,0.02269,0,0
2024-11-17,VIL-008,Mehrauli,South Delhi,Delhi,7.67,0.86,0.458,64.3,35.5,31.3,70.9,3,0,2,79.9,1.87,0.00701,15,0
2024-11-18,VIL-008,Mehrauli,South Delhi,Delhi,7.27,1.1,0.411,28.8,0.0,32.9,87.0,1,2,3,35.5,1.57,0.01379,0,0
2024-11-19,VIL-008,Mehrauli,South Delhi,Delhi,7.66,2.67,0.348,81.7,0.0,31.6,79.7,3,1,1,35.5,1.85,0.00421,0,0
2024-11-20,VIL-008,Mehrauli,South Delhi,Delhi,8.04,0.39,0.211,23.0,0.0,32.8,68.3,0,2,1,0.0,1.48,0.00879,0,0
2024-11-21,VIL-008,Mehrauli,South Delhi,Delhi,6.19,0.66,0.676,79.9,0.0,20.0,68.8,2,0,1,0.0,1.41,0.00836,0,0
2024-11-22,VIL-008,Mehrauli,South Delhi,Delhi,6.64,2.52,0.462,57.4,0.0,25.4,74.8,1,1,3,0.0,1.2,0.00791,0,0
2024-11-23,VIL-008,Mehrauli,South Delhi,Delhi,6.84,0.2,0.409,80.2,0.0,24.6,71.0,1,1,1,0.0,1.2,0.00504,0,0
2024-11-24,VIL-008,Mehrauli,South Delhi,Delhi,7.14,0.44,0.205,76.1,28.9,24.2,92.3,1,3,0,28.9,1.14,0.00266,0,0
2024-11-25,VIL-008,Mehrauli,South Delhi,Delhi,7.4,2.74,0.78,30.3,29.2,29.0,84.7,1,1,2,58.1,1.37,0.02492,15,0
2024-11-26,VIL-008,Mehrauli,South Delhi,Delhi,6.81,4.08,0.219,20.9,0.0,23.2,84.7,0,3,1,58.1,1.58,0.01,40,1
2024-11-27,VIL-008,Mehrauli,South Delhi,Delhi,6.68,2.56,0.355,65.9,0.0,25.2,77.8,0,0,2,29.2,1.89,0.00531,0,0
2024-11-28,VIL-008,Mehrauli,South Delhi,Delhi,7.67,1.47,0.362,20.4,21.2,28.6,65.1,0,2,0,21.2,2.0,0.01692,0,0
2024-11-29,VIL-008,Mehrauli,South Delhi,Delhi,7.43,0.2,0.105,4.3,0.0,22.6,83.4,0,1,1,21.2,1.67,0.01981,20,0
2024-11-30,VIL-008,Mehrauli,South Delhi,Delhi,7.29,3.44,0.429,89.1,4.0,27.1,49.8,0,1,1,25.2,2.13,0.00476,0,0
2024-12-01,VIL-008,Mehrauli,South Delhi,Delhi,5.81,0.26,0.41,23.0,0.0,31.6,77.1,2,1,3,4.0,2.11,0.01708,0,0
2024-12-02,VIL-008,Mehrauli,South Delhi,Delhi,7.82,0.95,0.156,6.5,0.0,24.1,65.3,1,1,1,4.0,1.85,0.0208,20,0
2024-12-03,VIL-008,Mehrauli,South Delhi,Delhi,7.21,0.2,0.481,47.3,0.0,32.2,64.3,3,0,3,0.0,1.3,0.00996,0,0
2024-12-04,VIL-008,Mehrauli,South Delhi,Delhi,7.0,2.42,0.175,100.3,0.0,25.8,69.4,2,0,0,0.0,1.28,0.00173,55,1
2024-12-05,VIL-008,Mehrauli,South Delhi,Delhi,6.61,1.37,0.291,89.8,31.2,30.1,74.0,1,0,2,31.2,1.26,0.0032,0,0
2024-12-06,VIL-008,Mehrauli,South Delhi,Delhi,6.72,4.67,0.209,36.8,0.0,24.6,74.7,2,0,1,31.2,1.9,0.00553,25,0
2024-12-07,VIL-008,Mehrauli,South Delhi,Delhi,6.57,0.29,0.459,4.2,0.0,30.8,84.5,1,0,1,31.2,1.45,0.08827,0,0
2024-12-08,VIL-008,Mehrauli,South Delhi,Delhi,5.9,3.35,0.44,54.3,0.0,27.8,72.9,1,2,1,0.0,1.89,0.00796,0,0
2024-12-09,VIL-008,Mehrauli,South Delhi,Delhi,6.61,1.4,0.146,42.7,4.0,30.9,73.8,2,1,1,4.0,1.96,0.00334,20,0
2024-12-10,VIL-008,Mehrauli,South Delhi,Delhi,6.14,0.89,0.242,10.7,9.2,26.8,58.3,2,3,0,13.2,2.06,0.02068,0,0
2024-12-11,VIL-008,Mehrauli,South Delhi,Delhi,7.06,2.02,0.245,105.0,1.0,31.2,59.8,0,2,0,14.2,2.0,0.00231,35,1
2024-12-12,VIL-008,Mehrauli,South Delhi,Delhi,6.41,3.06,0.466,4.1,0.0,32.4,78.4,1,1,0,10.2,2.24,0.09137,0,0
2024-12-13,VIL-008,Mehrauli,South Delhi,Delhi,7.54,1.14,0.221,21.2,0.0,29.5,82.6,3,2,0,1.0,1.74,0.00995,0,0
2024-12-14,VIL-008,Mehrauli,South Delhi,Delhi,6.1,0.52,0.327,4.5,0.0,27.1,71.9,0,1,0,0.0,1.77,0.05945,0,0
2024-12-15,VIL-008,Mehrauli,South Delhi,Delhi,7.82,4.85,0.308,110.6,0.0,28.1,86.2,1,1,2,0.0,1.98,0.00276,60,1
2024-12-16,VIL-008,Mehrauli,South Delhi,Delhi,7.6,0.74,0.291,1.6,0.0,23.9,58.1,3,2,1,0.0,1.89,0.11192,0,0
2024-12-17,VIL-008,Mehrauli,South Delhi,Delhi,6.46,12.43,0.66,25.2,0.2,29.8,79.8,0,2,3,0.2,3.54,0.02519,25,0
2024-12-18,VIL-008,Mehrauli,South Delhi,Delhi,7.04,2.86,0.228,90.0,0.0,31.5,64.8,0,0,2,0.2,3.66,0.00251,0,0
2024-12-19,VIL-008,Mehrauli,South Delhi,Delhi,6.59,2.28,0.309,13.2,0.0,35.3,63.8,1,1,1,0.2,3.55,0.02176,0,0
2024-12-20,VIL-008,Mehrauli,South Delhi,Delhi,7.45,0.2,0.415,5.0,0.0,34.2,65.8,1,3,2,0.0,3.41,0.06917,0,0
2024-12-21,VIL-008,Mehrauli,South Delhi,Delhi,8.18,1.17,0.274,6.2,0.0,25.1,74.0,1,0,1,0.0,3.5,0.03806,0,0
2024-12-22,VIL-008,Mehrauli,South Delhi,Delhi,7.81,1.37,0.244,23.6,0.0,29.8,80.3,1,1,1,0.0,3.01,0.00992,0,0
2024-12-23,VIL-008,Mehrauli,South Delhi,Delhi,6.69,0.93,0.411,25.5,0.0,28.5,79.4,0,3,2,0.0,3.03,0.01551,0,0
2024-12-24,VIL-008,Mehrauli,South Delhi,Delhi,7.17,0.32,0.491,57.6,0.0,33.9,71.5,3,0,2,0.0,1.3,0.00838,0,0
2024-12-25,VIL-008,Mehrauli,South Delhi,Delhi,8.01,0.9,0.584,12.4,0.0,26.2,82.6,1,0,0,0.0,1.02,0.04358,0,0
2024-12-26,VIL-008,Mehrauli,South Delhi,Delhi,7.41,0.2,0.314,55.1,28.6,32.5,95.2,2,1,1,28.6,0.73,0.0056,0,0
2024-12-27,VIL-008,Mehrauli,South Delhi,Delhi,7.71,0.67,0.211,313.2,0.0,25.1,73.6,0,1,3,28.6,0.79,0.00067,50,1
2024-12-28,VIL-008,Mehrauli,South Delhi,Delhi,7.49,0.2,0.21,90.9,0.0,28.6,76.1,0,1,0,28.6,0.66,0.00229,0,0
2024-12-29,VIL-008,Mehrauli,South Delhi,Delhi,7.15,2.74,0.602,45.9,0.0,25.5,67.7,2,1,1,0.0,0.85,0.01284,0,0
2024-12-30,VIL-008,Mehrauli,South Delhi,Delhi,7.06,2.18,0.409,127.9,0.0,21.1,70.3,4,0,3,0.0,1.03,0.00317,35,1
2024-12-31,VIL-008,Mehrauli,South Delhi,Delhi,6.37,5.51,0.203,214.9,29.9,25.4,90.0,1,3,0,29.9,1.77,0.00094,75,2
2025-01-01,VIL-008,Mehrauli,South Delhi,Delhi,6.64,0.94,0.228,38.4,0.0,28.0,90.1,0,1,0,29.9,1.78,0.00579,0,0
2025-01-02,VIL-008,Mehrauli,South Delhi,Delhi,6.56,3.02,0.15,14.5,0.0,34.7,72.6,2,2,1,29.9,2.18,0.00968,20,0
2025-01-03,VIL-008,Mehrauli,South Delhi,Delhi,6.89,1.74,0.336,112.2,8.4,24.7,80.9,2,0,1,8.4,2.33,0.00297,35,1
2025-01-04,VIL-008,Mehrauli,South Delhi,Delhi,7.16,2.04,0.437,84.6,0.0,26.6,86.0,3,0,1,8.4,2.6,0.00511,0,0
2025-01-05,VIL-008,Mehrauli,South Delhi,Delhi,7.04,1.55,0.628,4.0,1.2,23.2,69.6,1,2,1,9.6,2.43,0.1256,0,0
2025-01-06,VIL-008,Mehrauli,South Delhi,Delhi,7.23,2.96,0.545,125.3,0.0,33.6,59.3,0,4,0,1.2,2.54,0.00432,35,1
2025-01-07,VIL-008,Mehrauli,South Delhi,Delhi,7.5,0.2,0.357,20.8,0.0,27.2,83.3,0,1,3,1.2,1.78,0.01638,0,0
2025-01-08,VIL-008,Mehrauli,South Delhi,Delhi,6.85,0.2,0.225,17.7,0.0,27.6,85.8,0,0,1,0.0,1.67,0.01203,0,0
2025-01-09,VIL-008,Mehrauli,South Delhi,Delhi,7.54,0.2,0.433,19.1,0.0,27.6,84.0,3,2,2,0.0,1.27,0.02154,0,0
2025-01-10,VIL-008,Mehrauli,South Delhi,Delhi,7.78,0.67,0.031,17.5,9.5,21.2,70.5,0,2,0,9.5,1.12,0.00168,20,0
2025-01-11,VIL-008,Mehrauli,South Delhi,Delhi,7.35,1.75,0.208,33.0,0.0,23.1,93.3,1,3,0,9.5,1.08,0.00612,0,0
2025-01-12,VIL-008,Mehrauli,South Delhi,Delhi,6.77,2.03,0.464,39.4,0.0,25.2,78.4,2,1,2,9.5,1.14,0.01149,0,0
2025-01-13,VIL-008,Mehrauli,South Delhi,Delhi,7.67,2.44,0.508,25.2,0.0,31.5,61.2,2,0,4,0.0,1.07,0.01939,0,0
2025-01-14,VIL-008,Mehrauli,South Delhi,Delhi,7.39,0.65,0.586,24.2,0.0,19.0,55.8,2,0,1,0.0,1.13,0.02325,0,0
2025-01-15,VIL-008,Mehrauli,South Delhi,Delhi,7.47,2.06,0.33,60.8,0.0,31.2,71.4,1,0,0,0.0,1.4,0.00534,0,0
2025-01-16,VIL-008,Mehrauli,South Delhi,Delhi,8.02,0.25,0.583,0.1,27.5,30.4,77.7,1,3,2,27.5,1.41,0.53,0,0
2025-01-17,VIL-008,Mehrauli,South Delhi,Delhi,7.53,0.2,0.281,133.6,0.0,21.7,71.5,0,0,2,27.5,1.34,0.00209,35,1
2025-01-18,VIL-008,Mehrauli,South Delhi,Delhi,8.04,2.33,0.267,57.0,0.7,27.7,98.9,1,1,3,28.2,1.42,0.0046,0,0
2025-01-19,VIL-008,Mehrauli,South Delhi,Delhi,7.01,2.46,0.405,55.9,0.0,33.7,79.8,1,2,1,0.7,1.48,0.00712,0,0
2025-01-20,VIL-008,Mehrauli,South Delhi,Delhi,6.84,1.91,0.556,24.9,52.0,24.7,63.3,0,2,0,52.7,1.41,0.02147,15,0
2025-01-21,VIL-008,Mehrauli,South Delhi,Delhi,7.79,0.59,0.519,153.6,10.3,26.8,47.8,3,2,0,62.3,1.4,0.00336,50,1
2025-01-22,VIL-008,Mehrauli,South Delhi,Delhi,6.51,5.14,0.536,0.0,12.6,40.0,77.8,1,1,0,74.9,1.84,0.536,40,1
2025-01-23,VIL-008,Mehrauli,South Delhi,Delhi,8.23,4.09,0.445,3.6,0.0,30.3,86.9,1,1,3,22.9,2.39,0.09674,25,0
2025-01-24,VIL-008,Mehrauli,South Delhi,Delhi,7.88,1.42,0.523,74.2,0.0,28.0,97.4,1,0,0,12.6,2.56,0.00695,0,0
2025-01-25,VIL-008,Mehrauli,South Delhi,Delhi,7.15,8.86,0.355,61.1,42.1,27.1,72.6,0,1,1,42.1,3.5,0.00572,25,0
2025-01-26,VIL-008,Mehrauli,South Delhi,Delhi,7.82,0.7,0.407,14.4,0.0,30.5,95.7,2,1,2,42.1,3.24,0.02643,0,0
2025-01-27,VIL-008,Mehrauli,South Delhi,Delhi,7.5,1.32,0.852,41.1,0.0,31.7,58.7,1,0,2,42.1,3.16,0.02024,0,0
2025-01-28,VIL-008,Mehrauli,South Delhi,Delhi,6.33,5.15,0.508,34.6,16.5,20.4,70.9,2,3,2,16.5,3.81,0.01427,25,0
2025-01-29,VIL-008,Mehrauli,South Delhi,Delhi,6.61,1.22,0.354,34.1,0.5,20.1,62.8,0,1,1,17.0,3.25,0.01009,0,0
2025-01-30,VIL-008,Mehrauli,South Delhi,Delhi,7.27,1.25,0.495,41.2,0.0,25.0,84.5,0,1,1,17.0,2.85,0.01173,0,0
2025-01-31,VIL-008,Mehrauli,South Delhi,Delhi,7.2,0.2,0.16,230.8,2.9,28.4,59.4,4,1,0,3.4,2.67,0.00069,70,2
2025-02-01,VIL-008,Mehrauli,South Delhi,Delhi,7.88,0.47,0.292,198.8,0.0,29.3,79.8,3,0,1,2.9,1.47,0.00146,35,1
2025-02-02,VIL-008,Mehrauli,South Delhi,Delhi,7.28,0.34,0.313,182.0,0.0,22.2,60.1,2,2,1,2.9,1.42,0.00171,35,1
2025-02-03,VIL-008,Mehrauli,South Delhi,Delhi,6.34,1.63,0.221,36.2,0.0,28.2,96.1,1,1,0,0.0,1.47,0.00594,0,0
2025-02-04,VIL-008,Mehrauli,South Delhi,Delhi,6.77,0.75,0.669,17.4,0.0,28.7,70.5,1,2,3,0.0,0.84,0.03636,0,0
2025-02-05,VIL-008,Mehrauli,South Delhi,Delhi,7.55,0.2,0.435,37.4,1.4,25.6,79.5,1,0,1,1.4,0.69,0.01133,0,0
2025-02-06,VIL-008,Mehrauli,South Delhi,Delhi,6.01,1.4,0.455,44.3,0.0,26.9,53.5,2,0,1,1.4,0.71,0.01004,0,0
2025-02-07,VIL-008,Mehrauli,South Delhi,Delhi,6.25,2.17,0.331,17.0,14.3,26.1,57.1,1,4,1,15.7,0.99,0.01839,0,0
2025-02-08,VIL-008,Mehrauli,South Delhi,Delhi,6.88,2.61,0.142,45.6,55.5,30.9,65.7,0,3,0,69.8,1.3,0.00305,35,1
2025-02-09,VIL-008,Mehrauli,South Delhi,Delhi,7.66,3.56,0.339,44.3,0.0,29.0,85.2,0,2,2,69.8,1.76,0.00748,15,0
2025-02-10,VIL-008,Mehrauli,South Delhi,Delhi,6.97,1.29,0.274,106.4,0.0,24.4,82.9,0,1,1,55.5,1.71,0.00255,50,1
2025-02-11,VIL-008,Mehrauli,South Delhi,Delhi,7.38,0.97,0.167,12.3,46.7,32.8,88.0,2,1,2,46.7,1.74,0.01256,20,0
2025-02-12,VIL-008,Mehrauli,South Delhi,Delhi,7.1,2.26,0.487,54.4,0.0,23.5,56.9,2,1,0,46.7,2.04,0.00879,0,0
2025-02-13,VIL-008,Mehrauli,South Delhi,Delhi,7.02,0.2,0.302,27.3,0.0,22.1,81.1,0,2,0,46.7,1.87,0.01067,0,0
2025-02-14,VIL-008,Mehrauli,South Delhi,Delhi,6.71,1.97,0.03,6.3,33.3,28.0,68.3,2,1,4,33.3,1.84,0.00411,20,0
2025-02-15,VIL-008,Mehrauli,South Delhi,Delhi,7.6,1.02,0.35,17.3,0.0,28.0,65.3,2,0,3,33.3,1.61,0.01913,0,0
2025-02-16,VIL-008,Mehrauli,South Delhi,Delhi,6.35,1.18,0.353,2.7,0.0,29.3,68.6,1,0,2,33.3,1.27,0.09541,0,0
2025-02-17,VIL-008,Mehrauli,South Delhi,Delhi,6.96,0.69,0.486,17.5,0.0,24.3,73.6,1,0,1,0.0,1.18,0.02627,0,0
2025-02-18,VIL-008,Mehrauli,South Delhi,Delhi,7.79,0.27,0.372,3.3,10.4,32.6,82.9,1,2,1,10.4,1.08,0.08651,0,0
2025-02-19,VIL-008,Mehrauli,South Delhi,Delhi,6.64,1.01,0.24,118.1,0.0,35.9,88.5,1,2,1,10.4,0.91,0.00202,35,1
2025-02-20,VIL-008,Mehrauli,South Delhi,Delhi,6.17,0.72,0.44,4.9,2.9,28.9,81.3,1,0,2,13.3,0.98,0.07458,0,0
2025-02-21,VIL-008,Mehrauli,South Delhi,Delhi,5.83,6.31,0.233,77.4,0.0,30.3,82.6,2,2,1,2.9,1.6,0.00297,25,0
2025-02-22,VIL-008,Mehrauli,South Delhi,Delhi,7.5,5.63,0.477,107.6,0.0,20.5,96.9,2,2,0,2.9,2.26,0.00439,60,1
2025-02-23,VIL-008,Mehrauli,South Delhi,Delhi,7.54,2.02,0.558,28.7,33.3,27.3,83.4,1,1,0,33.3,2.38,0.01879,0,0
2025-02-24,VIL-008,Mehrauli,South Delhi,Delhi,6.89,4.59,0.0,2.5,13.7,26.2,72.4,4,1,0,47.0,2.94,0.0,60,1
2025-02-25,VIL-008,Mehrauli,South Delhi,Delhi,6.34,2.73,0.215,41.2,10.8,25.6,82.0,3,1,2,57.8,3.29,0.00509,15,0
2025-02-26,VIL-008,Mehrauli,South Delhi,Delhi,7.01,0.83,0.434,12.2,0.0,26.4,95.5,0,1,2,24.5,3.26,0.03288,0,0
2025-02-27,VIL-008,Mehrauli,South Delhi,Delhi,7.81,1.82,0.367,8.8,0.0,26.8,64.6,0,1,0,10.8,3.42,0.03745,0,0
2025-02-28,VIL-008,Mehrauli,South Delhi,Delhi,6.34,0.49,0.583,38.1,0.0,23.2,69.8,2,2,2,0.0,2.59,0.01491,0,0
2025-03-01,VIL-008,Mehrauli,South Delhi,Delhi,7.73,2.28,0.575,20.0,0.5,27.1,92.4,2,2,2,0.5,2.11,0.02738,0,0
2025-03-02,VIL-008,Mehrauli,South Delhi,Delhi,6.08,0.2,0.517,59.6,0.0,24.8,71.5,0,1,1,0.5,1.85,0.00853,0,0
2025-03-03,VIL-008,Mehrauli,South Delhi,Delhi,6.42,3.49,0.046,40.7,26.4,32.2,84.2,5,4,1,26.9,1.69,0.0011,20,0
2025-03-04,VIL-008,Mehrauli,South Delhi,Delhi,7.17,1.72,0.321,80.4,0.0,30.3,90.5,2,3,1,26.4,1.55,0.00394,0,0
2025-03-05,VIL-008,Mehrauli,South Delhi,Delhi,7.67,0.2,0.465,2.7,6.8,30.3,59.9,0,0,1,33.2,1.46,0.12568,0,0
2025-03-06,VIL-008,Mehrauli,South Delhi,Delhi,7.98,4.03,0.345,12.2,88.7,32.9,70.1,1,0,1,95.5,1.77,0.02614,40,1
2025-03-07,VIL-008,Mehrauli,South Delhi,Delhi,7.7,4.12,0.327,38.1,17.4,25.7,89.5,0,2,2,112.9,2.29,0.00836,40,1
2025-03-08,VIL-008,Mehrauli,South Delhi,Delhi,8.03,3.76,0.573,96.6,6.3,30.1,73.5,0,2,2,112.4,2.5,0.00587,15,0
2025-03-09,VIL-008,Mehrauli,South Delhi,Delhi,7.21,2.92,0.414,76.4,33.9,33.3,50.8,4,0,1,57.6,2.89,0.00535,15,0
2025-03-10,VIL-008,Mehrauli,South Delhi,Delhi,6.73,2.22,0.305,51.8,2.9,25.4,68.9,1,5,4,43.1,2.71,0.00578,0,0
2025-03-11,VIL-008,Mehrauli,South Delhi,Delhi,7.81,0.99,0.137,38.8,11.2,20.9,84.5,1,2,3,48.0,2.61,0.00344,20,0
2025-03-12,VIL-008,Mehrauli,South Delhi,Delhi,7.92,0.29,0.66,45.4,0.0,26.2,90.3,0,0,0,14.1,2.62,0.01422,0,0
2025-03-13,VIL-008,Mehrauli,South Delhi,Delhi,7.66,0.67,0.404,10.9,74.1,32.8,75.6,0,1,0,85.3,2.14,0.03395,15,0
2025-03-14,VIL-008,Mehrauli,South Delhi,Delhi,7.47,0.84,0.266,41.1,0.0,25.2,80.8,2,0,2,74.1,1.67,0.00632,15,0
2025-03-15,VIL-008,Mehrauli,South Delhi,Delhi,7.94,0.87,0.518,31.0,0.0,27.1,70.6,2,0,2,74.1,1.26,0.01619,15,0
2025-03-16,VIL-008,Mehrauli,South Delhi,Delhi,7.31,1.63,0.061,22.1,15.1,25.9,85.8,1,4,0,15.1,1.07,0.00264,20,0
2025-03-17,VIL-008,Mehrauli,South Delhi,Delhi,7.09,0.46,0.665,99.5,51.9,28.2,92.1,0,1,5,67.0,0.82,0.00662,15,0
2025-03-18,VIL-008,Mehrauli,South Delhi,Delhi,7.54,0.41,0.46,80.5,19.7,24.8,84.2,1,1,2,86.7,0.74,0.00564,15,0
2025-03-19,VIL-008,Mehrauli,South Delhi,Delhi,7.39,2.47,0.745,3.6,0.0,23.1,73.6,1,0,0,71.6,1.05,0.16196,15,0
2025-03-20,VIL-008,Mehrauli,South Delhi,Delhi,7.63,0.2,0.464,193.4,6.7,27.2,80.2,1,0,1,26.4,0.98,0.00239,35,1
2025-03-21,VIL-008,Mehrauli,South Delhi,Delhi,7.02,0.32,0.393,11.9,16.8,27.9,86.4,3,2,0,23.5,0.91,0.03047,0,0
2025-03-22,VIL-008,Mehrauli,South Delhi,Delhi,7.65,1.12,0.241,11.0,0.0,33.5,75.3,1,2,0,23.5,0.94,0.02008,0,0
2025-03-23,VIL-008,Mehrauli,South Delhi,Delhi,7.61,0.32,0.271,131.0,8.5,29.3,84.6,4,1,4,25.3,0.76,0.00205,35,1
2025-03-24,VIL-008,Mehrauli,South Delhi,Delhi,7.23,6.3,0.127,26.8,0.0,24.3,79.4,0,0,1,8.5,1.59,0.00457,45,1
2025-03-25,VIL-008,Mehrauli,South Delhi,Delhi,6.65,2.17,0.706,74.5,11.8,26.1,92.0,1,1,1,20.3,1.84,0.00935,0,0
2025-03-26,VIL-008,Mehrauli,South Delhi,Delhi,7.84,1.11,0.374,15.5,8.5,31.9,83.4,2,1,0,20.3,1.65,0.02267,0,0
2025-03-27,VIL-008,Mehrauli,South Delhi,Delhi,6.37,0.23,0.507,94.0,11.4,27.3,69.0,4,1,0,31.7,1.65,0.00534,0,0
2025-03-28,VIL-008,Mehrauli,South Delhi,Delhi,6.53,0.95,0.535,81.2,0.0,24.6,91.9,3,3,2,19.9,1.74,0.00651,0,0
2025-03-29,VIL-008,Mehrauli,South Delhi,Delhi,7.2,2.06,0.31,33.3,0.0,29.3,80.5,3,1,2,11.4,1.88,0.00904,0,0
2025-03-30,VIL-008,Mehrauli,South Delhi,Delhi,5.6,6.8,0.206,55.6,31.5,25.8,73.3,0,4,1,31.5,2.8,0.00364,25,0
2025-03-31,VIL-008,Mehrauli,South Delhi,Delhi,8.03,1.25,0.221,151.3,9.2,30.9,58.8,0,0,0,40.7,2.08,0.00145,35,1
2025-04-01,VIL-008,Mehrauli,South Delhi,Delhi,7.11,2.31,0.071,27.4,61.9,30.5,77.8,2,1,1,102.6,2.1,0.0025,35,1
2025-04-02,VIL-008,Mehrauli,South Delhi,Delhi,8.02,0.43,0.149,31.0,22.2,24.4,97.0,1,2,1,93.3,2.0,0.00466,35,1
2025-04-03,VIL-008,Mehrauli,South Delhi,Delhi,8.18,1.92,0.446,58.4,0.0,36.1,42.2,3,4,1,84.1,2.25,0.00751,15,0
2025-04-04,VIL-008,Mehrauli,South Delhi,Delhi,7.01,0.54,0.534,22.2,0.0,28.5,42.7,4,3,3,22.2,2.19,0.02302,0,0
2025-04-05,VIL-008,Mehrauli,South Delhi,Delhi,7.91,0.43,0.351,147.9,20.8,18.3,84.2,0,3,1,20.8,1.95,0.00236,35,1
2025-04-06,VIL-008,Mehrauli,South Delhi,Delhi,6.46,1.4,0.516,1.9,0.0,30.5,77.8,0,0,4,20.8,1.18,0.17793,0,0
2025-04-07,VIL-008,Mehrauli,South Delhi,Delhi,7.36,0.47,0.52,23.5,0.0,18.6,83.1,1,0,0,20.8,1.07,0.02122,0,0
2025-04-08,VIL-008,Mehrauli,South Delhi,Delhi,6.82,2.5,0.293,56.9,0.0,33.2,68.7,1,2,1,0.0,1.1,0.00506,0,0
2025-04-09,VIL-008,Mehrauli,South Delhi,Delhi,7.52,5.43,0.546,25.5,0.0,29.2,49.3,2,1,2,0.0,1.81,0.0206,25,0
2025-04-10,VIL-008,Mehrauli,South Delhi,Delhi,7.63,0.98,0.321,13.7,0.0,28.4,65.0,2,3,4,0.0,1.68,0.02184,0,0
2025-04-11,VIL-008,Mehrauli,South Delhi,Delhi,7.0,0.76,0.273,24.3,16.8,28.7,93.7,0,4,3,16.8,1.71,0.01079,0,0
2025-04-12,VIL-008,Mehrauli,South Delhi,Delhi,7.43,0.38,0.366,97.1,32.4,31.0,69.6,3,0,3,49.2,1.7,0.00373,0,0
2025-04-13,VIL-008,Mehrauli,South Delhi,Delhi,7.67,0.97,0.096,36.0,3.4,26.7,69.7,1,0,0,52.6,1.64,0.00259,35,1
2025-04-14,VIL-008,Mehrauli,South Delhi,Delhi,7.21,1.61,0.343,18.6,15.8,28.6,43.4,0,1,0,51.6,1.8,0.0175,15,0
2025-04-15,VIL-008,Mehrauli,South Delhi,Delhi,8.62,0.91,0.0,50.7,0.0,29.1,53.3,2,1,2,19.2,1.58,0.0,35,1
2025-04-16,VIL-008,Mehrauli,South Delhi,Delhi,7.02,1.91,0.472,43.1,0.0,17.1,88.3,1,2,1,15.8,1.07,0.0107,0,0
2025-04-17,VIL-008,Mehrauli,South Delhi,Delhi,8.09,2.13,0.117,37.4,0.0,31.0,71.9,1,2,3,0.0,1.24,0.00305,20,0
2025-04-18,VIL-008,Mehrauli,South Delhi,Delhi,7.79,0.2,0.349,22.6,14.7,31.7,86.9,2,0,4,14.7,1.16,0.01479,0,0
2025-04-19,VIL-008,Mehrauli,South Delhi,Delhi,5.98,2.35,0.617,3.4,0.0,30.5,66.0,3,3,0,14.7,1.44,0.14023,0,0
2025-04-20,VIL-008,Mehrauli,South Delhi,Delhi,8.0,4.52,0.363,44.1,0.8,30.2,57.4,2,1,0,15.5,1.95,0.00805,25,0
2025-04-21,VIL-008,Mehrauli,South Delhi,Delhi,7.74,0.2,0.009,24.8,21.0,35.0,71.9,1,0,1,21.8,1.75,0.00035,35,1
2025-04-22,VIL-008,Mehrauli,South Delhi,Delhi,7.17,1.57,0.373,25.5,0.0,28.5,68.1,1,2,1,21.8,1.84,0.01408,0,0
2025-04-23,VIL-008,Mehrauli,South Delhi,Delhi,7.32,1.82,0.304,12.1,0.0,28.6,65.0,1,1,2,21.0,1.83,0.02321,0,0
2025-04-24,VIL-008,Mehrauli,South Delhi,Delhi,7.4,2.42,0.518,13.1,0.0,26.1,65.3,3,1,2,0.0,1.87,0.03674,0,0
2025-04-25,VIL-008,Mehrauli,South Delhi,Delhi,7.93,0.96,0.33,70.5,0.0,21.0,73.4,1,2,0,0.0,1.98,0.00462,0,0
2025-04-26,VIL-008,Mehrauli,South Delhi,Delhi,6.85,3.35,0.551,29.7,0.0,30.5,69.1,3,3,3,0.0,2.12,0.01795,0,0
2025-04-27,VIL-008,Mehrauli,South Delhi,Delhi,8.05,1.52,0.428,5.3,0.0,26.5,63.8,3,2,1,0.0,1.69,0.06794,0,0
2025-04-28,VIL-008,Mehrauli,South Delhi,Delhi,6.45,1.03,0.507,2.1,51.7,21.0,96.7,3,1,0,51.7,1.81,0.16355,15,0
2025-04-29,VIL-008,Mehrauli,South Delhi,Delhi,6.04,2.49,0.333,11.6,0.0,28.4,80.5,3,1,2,51.7,1.94,0.02643,15,0
2025-04-30,VIL-008,Mehrauli,South Delhi,Delhi,7.46,5.14,0.581,30.4,0.0,28.2,76.9,4,1,1,51.7,2.42,0.0185,40,1
2025-05-01,VIL-008,Mehrauli,South Delhi,Delhi,7.86,3.28,0.258,43.7,0.0,27.7,74.2,1,3,1,0.0,2.54,0.00577,0,0
2025-05-02,VIL-008,Mehrauli,South Delhi,Delhi,6.99,5.23,0.02,7.1,5.5,29.2,83.0,1,1,2,5.5,3.15,0.00247,45,1
2025-05-03,VIL-008,Mehrauli,South Delhi,Delhi,5.74,0.61,0.153,25.9,0.0,22.4,81.4,1,3,3,5.5,2.76,0.00569,20,0
2025-05-04,VIL-008,Mehrauli,South Delhi,Delhi,6.21,0.25,0.372,3.4,0.0,32.6,62.6,1,3,2,5.5,2.58,0.08455,0,0
2025-05-05,VIL-008,Mehrauli,South Delhi,Delhi,7.36,1.5,0.399,1.7,0.3,30.4,56.6,1,3,1,0.3,2.64,0.14778,0,0
2025-05-06,VIL-008,Mehrauli,South Delhi,Delhi,7.09,0.2,0.378,90.6,0.0,33.6,47.7,0,3,1,0.3,2.32,0.00413,0,0
2025-05-07,VIL-008,Mehrauli,South Delhi,Delhi,7.87,2.2,0.569,48.9,0.0,26.4,96.5,2,4,1,0.3,1.9,0.0114,0,0
2025-05-08,VIL-008,Mehrauli,South Delhi,Delhi,7.14,0.54,0.384,69.1,0.0,30.4,69.7,0,1,3,0.0,1.5,0.00548,0,0
2025-05-09,VIL-008,Mehrauli,South Delhi,Delhi,6.66,1.19,0.409,9.1,63.5,21.2,82.1,1,1,1,63.5,0.93,0.0405,15,0
2025-05-10,VIL-008,Mehrauli,South Delhi,Delhi,7.29,2.09,0.526,17.7,0.0,25.3,77.4,0,1,3,63.5,1.14,0.02813,15,0
2025-05-11,VIL-008,Mehrauli,South Delhi,Delhi,7.71,1.29,0.048,26.7,0.0,23.2,86.0,2,1,3,63.5,1.29,0.00173,35,1
2025-05-12,VIL-008,Mehrauli,South Delhi,Delhi,7.91,0.53,0.48,48.8,16.9,29.7,74.2,0,1,3,16.9,1.15,0.00964,0,0
2025-05-13,VIL-008,Mehrauli,South Delhi,Delhi,7.03,4.16,0.587,34.8,0.0,24.2,59.1,0,0,3,16.9,1.71,0.0164,25,0
2025-05-14,VIL-008,Mehrauli,South Delhi,Delhi,7.14,2.83,0.479,36.5,0.0,26.9,62.6,1,2,4,16.9,1.8,0.01277,0,0
2025-05-15,VIL-008,Mehrauli,South Delhi,Delhi,7.57,1.8,0.407,7.8,0.0,28.6,70.8,2,0,1,0.0,1.98,0.04625,0,0
2025-05-16,VIL-008,Mehrauli,South Delhi,Delhi,6.65,2.35,0.495,29.3,0.0,27.0,56.0,2,1,1,0.0,2.15,0.01634,0,0
2025-05-17,VIL-008,Mehrauli,South Delhi,Delhi,7.54,1.05,0.0,79.0,0.0,23.4,64.7,2,0,1,0.0,2.0,0.0,35,1
2025-05-18,VIL-008,Mehrauli,South Delhi,Delhi,6.96,0.92,0.327,32.4,22.5,35.2,60.6,2,2,1,22.5,1.95,0.00979,0,0
2025-05-19,VIL-008,Mehrauli,South Delhi,Delhi,7.05,0.34,0.116,10.1,22.6,29.1,71.1,2,0,1,45.1,1.92,0.01045,20,0
2025-05-20,VIL-008,Mehrauli,South Delhi,Delhi,7.1,3.19,0.419,24.3,0.0,35.3,69.0,2,0,0,45.1,1.78,0.01656,0,0
2025-05-21,VIL-008,Mehrauli,South Delhi,Delhi,7.18,0.94,0.169,64.0,0.0,24.5,76.4,1,1,2,22.6,1.51,0.0026,20,0
2025-05-22,VIL-008,Mehrauli,South Delhi,Delhi,8.25,2.31,0.503,6.6,7.0,27.2,85.3,1,2,0,7.0,1.59,0.06618,0,0
2025-05-23,VIL-008,Mehrauli,South Delhi,Delhi,6.82,0.7,0.275,39.5,0.0,29.0,72.1,1,2,1,7.0,1.35,0.00679,0,0
2025-05-24,VIL-008,Mehrauli,South Delhi,Delhi,6.85,3.12,0.118,152.9,43.2,34.8,57.0,2,2,0,50.2,1.65,0.00077,85,2
2025-05-25,VIL-008,Mehrauli,South Delhi,Delhi,7.97,0.22,0.18,21.8,0.0,35.3,50.4,3,2,2,43.2,1.55,0.00789,20,0
2025-05-26,VIL-008,Mehrauli,South Delhi,Delhi,7.37,1.92,0.114,2.0,0.0,26.9,76.9,0,2,0,43.2,1.77,0.038,20,0
2025-05-27,VIL-008,Mehrauli,South Delhi,Delhi,7.56,3.23,0.344,45.6,0.0,25.7,67.0,0,2,0,0.0,1.78,0.00738,0,0
2025-05-28,VIL-008,Mehrauli,South Delhi,Delhi,6.48,2.12,0.461,2.2,72.7,28.6,73.1,2,1,1,72.7,1.95,0.14406,15,0
2025-05-29,VIL-008,Mehrauli,South Delhi,Delhi,7.25,2.33,0.234,9.7,51.9,33.5,79.0,2,1,2,124.6,1.95,0.02187,15,0
2025-05-30,VIL-008,Mehrauli,South Delhi,Delhi,7.59,1.46,0.087,2.3,17.8,29.2,92.3,2,1,2,142.4,2.06,0.02636,35,1
2025-05-31,VIL-008,Mehrauli,South Delhi,Delhi,6.7,1.6,0.348,8.5,0.0,29.9,54.0,4,2,2,69.7,1.84,0.03663,15,0
2025-06-01,VIL-008,Mehrauli,South Delhi,Delhi,7.48,0.2,0.344,87.8,0.0,33.4,62.9,0,3,2,17.8,1.84,0.00387,0,0
2025-06-02,VIL-008,Mehrauli,South Delhi,Delhi,6.98,0.57,0.26,60.4,0.0,32.8,74.0,2,0,2,0.0,1.64,0.00423,0,0
2025-06-03,VIL-008,Mehrauli,South Delhi,Delhi,6.71,2.51,0.209,19.0,0.0,32.9,61.3,2,0,2,0.0,1.54,0.01045,0,0
2025-06-04,VIL-008,Mehrauli,South Delhi,Delhi,7.71,5.7,0.58,103.5,1.8,31.5,57.1,1,2,1,1.8,2.05,0.00555,60,1
2025-06-05,VIL-008,Mehrauli,South Delhi,Delhi,7.78,1.53,0.243,49.8,0.0,34.4,90.7,4,2,1,1.8,1.94,0.00478,0,0
2025-06-06,VIL-008,Mehrauli,South Delhi,Delhi,7.18,2.53,0.091,27.0,3.8,24.1,62.4,1,2,1,5.6,2.09,0.00325,20,0
2025-06-07,VIL-008,Mehrauli,South Delhi,Delhi,7.37,2.26,0.334,3.2,12.8,38.0,59.3,2,4,2,16.6,2.19,0.07952,0,0
2025-06-08,VIL-008,Mehrauli,South Delhi,Delhi,7.89,14.49,0.445,59.7,0.0,33.2,61.2,0,0,3,16.6,4.23,0.00733,25,0
2025-06-09,VIL-008,Mehrauli,South Delhi,Delhi,6.86,3.11,0.433,21.4,21.2,28.4,88.0,0,2,0,34.0,4.59,0.01933,0,0
2025-06-10,VIL-008,Mehrauli,South Delhi,Delhi,7.31,1.94,0.062,16.4,26.9,33.4,66.7,0,2,0,48.1,4.51,0.00356,20,0
2025-06-11,VIL-008,Mehrauli,South Delhi,Delhi,6.87,0.24,0.569,15.5,0.0,27.6,58.4,2,1,2,48.1,3.73,0.03448,0,0
2025-06-12,VIL-008,Mehrauli,South Delhi,Delhi,6.49,0.88,0.388,0.4,6.6,30.9,64.9,0,4,2,33.5,3.64,0.27714,0,0
2025-06-13,VIL-008,Mehrauli,South Delhi,Delhi,6.86,0.57,0.453,61.8,0.0,31.4,74.4,2,1,2,6.6,3.36,0.00721,0,0
2025-06-14,VIL-008,Mehrauli,South Delhi,Delhi,6.43,3.77,0.827,7.1,0.0,32.4,85.7,1,2,4,6.6,3.57,0.1021,0,0
2025-06-15,VIL-008,Mehrauli,South Delhi,Delhi,7.36,1.16,0.487,33.5,0.0,27.2,84.7,0,0,0,0.0,1.67,0.01412,0,0
2025-06-16,VIL-008,Mehrauli,South Delhi,Delhi,6.64,1.5,0.453,0.7,13.0,32.5,65.7,2,0,2,13.0,1.44,0.26647,0,0
2025-06-17,VIL-008,Mehrauli,South Delhi,Delhi,6.26,6.56,0.309,45.0,45.6,27.2,68.6,3,0,2,58.6,2.1,0.00672,40,1
2025-06-18,VIL-008,Mehrauli,South Delhi,Delhi,7.55,3.55,0.349,21.0,0.0,31.9,99.0,0,2,1,58.6,2.57,0.01586,15,0
2025-06-19,VIL-008,Mehrauli,South Delhi,Delhi,7.51,3.06,0.133,45.3,29.4,28.9,86.9,1,0,4,75.0,2.88,0.00287,35,1
2025-06-20,VIL-008,Mehrauli,South Delhi,Delhi,6.9,0.3,0.365,4.3,0.0,21.7,72.0,0,2,1,29.4,2.84,0.06887,0,0
2025-06-21,VIL-008,Mehrauli,South Delhi,Delhi,7.52,0.2,0.643,14.1,0.0,26.1,47.5,0,1,2,29.4,2.33,0.04258,0,0
2025-06-22,VIL-008,Mehrauli,South Delhi,Delhi,6.62,0.26,0.427,5.3,0.0,32.4,69.5,0,0,0,0.0,2.2,0.06778,0,0
2025-06-23,VIL-008,Mehrauli,South Delhi,Delhi,6.88,2.64,0.751,47.3,0.0,27.8,59.1,4,2,0,0.0,2.37,0.01555,0,0
2025-06-24,VIL-008,Mehrauli,South Delhi,Delhi,7.34,1.04,0.445,5.2,0.0,33.9,64.6,1,3,0,0.0,1.58,0.07177,0,0
2025-06-25,VIL-008,Mehrauli,South Delhi,Delhi,7.72,0.24,0.4,43.7,12.1,24.1,63.4,0,0,2,12.1,1.11,0.00895,0,0
2025-06-26,VIL-008,Mehrauli,South Delhi,Delhi,6.87,2.63,0.325,6.6,0.0,31.8,72.2,4,1,0,12.1,1.04,0.04276,0,0
2025-06-27,VIL-008,Mehrauli,South Delhi,Delhi,6.74,0.42,0.705,130.6,30.2,28.8,75.8,3,0,2,42.3,1.06,0.00536,35,1
2025-06-28,VIL-008,Mehrauli,South Delhi,Delhi,7.69,1.74,0.266,24.5,7.6,28.0,66.2,1,0,1,37.8,1.28,0.01043,0,0
2025-06-29,VIL-008,Mehrauli,South Delhi,Delhi,7.47,2.65,0.219,6.2,7.1,24.3,59.7,1,0,0,44.9,1.62,0.03042,0,0
2025-06-30,VIL-008,Mehrauli,South Delhi,Delhi,7.19,1.84,0.191,1.9,0.0,29.8,72.9,2,4,2,14.7,1.51,0.06586,20,0
2025-07-01,VIL-008,Mehrauli,South Delhi,Delhi,7.81,9.91,0.757,18.2,0.0,25.0,69.0,0,1,3,7.1,2.78,0.03943,25,0
2025-07-02,VIL-008,Mehrauli,South Delhi,Delhi,8.27,1.12,0.377,101.0,0.0,26.5,52.2,0,0,0,0.0,2.9,0.0037,35,1
2025-07-03,VIL-008,Mehrauli,South Delhi,Delhi,7.32,0.73,0.365,7.1,9.8,28.4,82.3,2,4,1,9.8,2.63,0.04506,0,0
2025-07-04,VIL-008,Mehrauli,South Delhi,Delhi,6.75,0.44,0.444,71.2,0.0,27.5,66.3,4,3,0,9.8,2.63,0.00615,0,0
2025-07-05,VIL-008,Mehrauli,South Delhi,Delhi,7.4,1.37,0.305,24.6,0.6,33.1,71.8,5,1,0,10.4,2.58,0.01191,0,0
2025-07-06,VIL-008,Mehrauli,South Delhi,Delhi,6.61,3.75,0.213,73.9,0.0,18.6,72.4,1,1,0,0.6,2.74,0.00284,0,0
2025-07-07,VIL-008,Mehrauli,South Delhi,Delhi,7.85,5.75,0.204,94.4,0.0,28.3,74.8,1,2,4,0.6,3.3,0.00214,25,0
2025-07-08,VIL-008,Mehrauli,South Delhi,Delhi,6.68,7.01,0.198,278.8,4.2,27.5,76.8,1,0,1,4.2,2.88,0.00071,95,2
2025-07-09,VIL-008,Mehrauli,South Delhi,Delhi,6.98,1.49,0.0,3.2,26.8,29.0,59.3,2,0,0,31.0,2.93,0.0,35,1
2025-07-10,VIL-008,Mehrauli,South Delhi,Delhi,6.6,1.82,0.361,72.4,26.6,26.8,78.7,0,2,4,57.6,3.09,0.00492,15,0
2025-07-11,VIL-008,Mehrauli,South Delhi,Delhi,7.21,1.71,0.069,3.3,22.3,33.1,70.9,2,4,3,75.7,3.27,0.01605,35,1
2025-07-12,VIL-008,Mehrauli,South Delhi,Delhi,7.23,1.23,0.449,17.2,0.0,28.0,88.0,2,5,1,48.9,3.25,0.02467,0,0
2025-07-13,VIL-008,Mehrauli,South Delhi,Delhi,7.55,0.32,0.501,47.3,2.7,29.5,84.8,1,1,1,25.0,2.76,0.01037,0,0
2025-07-14,VIL-008,Mehrauli,South Delhi,Delhi,7.17,0.2,0.242,27.0,5.4,32.6,90.9,2,1,2,8.1,1.97,0.00864,0,0
2025-07-15,VIL-008,Mehrauli,South Delhi,Delhi,7.13,1.12,0.411,37.9,0.0,29.2,63.7,1,1,0,8.1,1.13,0.01057,0,0
2025-07-16,VIL-008,Mehrauli,South Delhi,Delhi,6.76,0.4,0.481,154.1,0.0,23.9,90.4,0,2,0,5.4,0.97,0.0031,35,1
2025-07-17,VIL-008,Mehrauli,South Delhi,Delhi,6.93,4.27,0.621,77.7,0.0,27.3,76.1,0,0,2,0.0,1.32,0.00789,25,0
2025-07-18,VIL-008,Mehrauli,South Delhi,Delhi,6.26,2.81,0.28,20.6,5.2,28.5,83.3,1,2,4,5.2,1.48,0.01296,0,0
2025-07-19,VIL-008,Mehrauli,South Delhi,Delhi,7.94,1.89,0.096,41.7,2.6,22.4,83.1,2,2,5,7.8,1.57,0.00225,20,0
2025-07-20,VIL-008,Mehrauli,South Delhi,Delhi,7.04,0.2,0.187,2.3,40.2,26.2,80.5,3,1,1,48.0,1.56,0.05667,20,0
2025-07-21,VIL-008,Mehrauli,South Delhi,Delhi,8.08,1.91,0.051,27.4,21.2,28.7,61.9,4,2,1,64.0,1.8,0.0018,35,1
2025-07-22,VIL-008,Mehrauli,South Delhi,Delhi,7.03,1.9,0.436,42.7,0.0,37.0,86.5,0,1,1,61.4,1.91,0.00998,15,0
2025-07-23,VIL-008,Mehrauli,South Delhi,Delhi,5.96,1.13,0.0,57.1,60.6,30.5,79.2,1,0,2,81.8,2.02,0.0,50,1
2025-07-24,VIL-008,Mehrauli,South Delhi,Delhi,6.83,2.1,0.17,105.5,34.1,29.6,57.3,1,0,0,94.7,1.71,0.0016,70,2
2025-07-25,VIL-008,Mehrauli,South Delhi,Delhi,7.1,3.82,0.352,15.1,3.5,35.8,69.2,4,1,2,98.2,1.85,0.02186,15,0
2025-07-26,VIL-008,Mehrauli,South Delhi,Delhi,7.14,2.78,0.156,105.8,0.0,31.4,60.4,2,2,2,37.6,1.98,0.00146,55,1
2025-07-27,VIL-008,Mehrauli,South Delhi,Delhi,7.51,1.26,0.195,49.3,0.0,31.9,57.9,2,3,1,3.5,2.13,0.00388,20,0
2025-07-28,VIL-008,Mehrauli,South Delhi,Delhi,7.2,0.6,0.499,3.7,0.0,27.4,85.2,0,4,2,0.0,1.94,0.10617,0,0
2025-07-29,VIL-008,Mehrauli,South Delhi,Delhi,6.9,1.27,0.148,21.8,0.0,23.9,57.2,2,0,1,0.0,1.85,0.00649,20,0
2025-07-30,VIL-008,Mehrauli,South Delhi,Delhi,6.55,5.72,0.268,29.5,0.0,30.0,59.1,1,1,0,0.0,2.51,0.00879,25,0
2025-07-31,VIL-008,Mehrauli,South Delhi,Delhi,6.86,3.36,0.517,19.8,18.2,36.3,98.7,5,1,0,18.2,2.69,0.02486,0,0
2025-08-01,VIL-008,Mehrauli,South Delhi,Delhi,7.46,0.2,0.283,5.6,52.3,35.1,69.6,1,4,1,70.5,2.17,0.04288,15,0
2025-08-02,VIL-008,Mehrauli,South Delhi,Delhi,7.62,2.99,0.783,36.5,0.0,31.6,82.9,1,2,2,70.5,2.2,0.02088,15,0
2025-08-03,VIL-008,Mehrauli,South Delhi,Delhi,6.7,0.37,0.547,6.4,0.0,26.3,88.5,2,2,3,52.3,2.07,0.07392,15,0
2025-08-04,VIL-008,Mehrauli,South Delhi,Delhi,7.7,1.66,0.557,112.2,0.0,22.8,84.3,0,0,4,0.0,2.22,0.00492,35,1
2025-08-05,VIL-008,Mehrauli,South Delhi,Delhi,7.44,3.22,0.1,91.2,0.0,25.7,76.8,0,2,0,0.0,2.5,0.00108,20,0
2025-08-06,VIL-008,Mehrauli,South Delhi,Delhi,6.57,1.61,0.332,29.3,0.0,29.9,74.6,1,1,1,0.0,1.92,0.01096,0,0
2025-08-07,VIL-008,Mehrauli,South Delhi,Delhi,7.25,1.01,0.299,3.2,0.0,27.1,81.5,3,5,1,0.0,1.58,0.07119,0,0
2025-08-08,VIL-008,Mehrauli,South Delhi,Delhi,7.32,0.76,0.277,36.6,0.0,33.0,72.3,1,1,4,0.0,1.66,0.00737,0,0
2025-08-09,VIL-008,Mehrauli,South Delhi,Delhi,6.46,0.71,0.254,40.8,32.2,23.0,83.3,3,1,2,32.2,1.33,0.00608,0,0
2025-08-10,VIL-008,Mehrauli,South Delhi,Delhi,6.28,3.56,0.326,99.8,0.0,28.5,71.9,1,2,2,32.2,1.79,0.00323,0,0
2025-08-11,VIL-008,Mehrauli,South Delhi,Delhi,7.38,3.42,0.0,3.2,0.0,25.9,73.3,1,0,0,32.2,2.04,0.0,35,1
2025-08-12,VIL-008,Mehrauli,South Delhi,Delhi,6.83,3.4,0.183,53.6,9.3,33.0,97.6,1,0,2,9.3,2.07,0.00335,20,0
2025-08-13,VIL-008,Mehrauli,South Delhi,Delhi,8.01,0.65,0.653,37.6,20.4,31.2,69.2,0,1,1,29.7,1.93,0.01692,0,0
2025-08-14,VIL-008,Mehrauli,South Delhi,Delhi,8.13,3.14,0.254,8.7,0.0,25.7,75.2,1,3,5,29.7,2.23,0.02619,0,0
2025-08-15,VIL-008,Mehrauli,South Delhi,Delhi,7.38,0.2,0.232,5.9,0.0,32.4,80.2,0,1,1,20.4,2.15,0.03362,0,0
2025-08-16,VIL-008,Mehrauli,South Delhi,Delhi,7.67,0.45,0.338,53.9,9.2,22.5,80.9,4,3,1,9.2,2.12,0.00616,0,0
2025-08-17,VIL-008,Mehrauli,South Delhi,Delhi,6.49,1.42,0.356,18.9,0.0,21.9,78.5,0,1,2,9.2,1.81,0.01789,0,0
2025-08-18,VIL-008,Mehrauli,South Delhi,Delhi,6.3,1.02,0.0,442.1,10.3,25.5,60.0,3,1,0,19.5,1.47,0.0,70,2
2025-08-19,VIL-008,Mehrauli,South Delhi,Delhi,7.02,0.23,0.375,102.1,0.0,21.1,76.9,1,1,0,10.3,1.02,0.00364,35,1
2025-08-20,VIL-008,Mehrauli,South Delhi,Delhi,6.33,0.2,0.449,37.9,0.1,28.5,77.9,1,0,1,10.4,0.95,0.01154,0,0
2025-08-21,VIL-008,Mehrauli,South Delhi,Delhi,7.28,1.85,0.456,46.7,4.9,28.7,88.7,4,1,3,5.0,0.77,0.00956,0,0
2025-08-22,VIL-008,Mehrauli,South Delhi,Delhi,6.63,0.74,0.181,7.9,0.0,27.4,83.9,2,0,1,5.0,0.84,0.02034,20,0
2025-08-23,VIL-008,Mehrauli,South Delhi,Delhi,7.21,0.2,0.627,102.1,0.0,31.2,89.5,1,4,3,4.9,0.81,0.00608,35,1
2025-08-24,VIL-008,Mehrauli,South Delhi,Delhi,7.0,1.1,0.607,27.9,13.6,26.1,63.0,4,0,1,13.6,0.76,0.021,0,0
2025-08-25,VIL-008,Mehrauli,South Delhi,Delhi,7.48,0.72,0.591,33.5,0.0,23.8,63.0,2,3,1,13.6,0.72,0.01713,0,0
2025-08-26,VIL-008,Mehrauli,South Delhi,Delhi,7.3,1.68,0.492,93.9,0.0,25.8,78.9,3,1,1,13.6,0.93,0.00518,0,0
2025-08-27,VIL-008,Mehrauli,South Delhi,Delhi,6.86,5.21,0.287,0.3,1.0,24.1,88.6,1,1,0,1.0,1.64,0.22077,25,0
2025-08-28,VIL-008,Mehrauli,South Delhi,Delhi,6.28,0.72,0.351,31.0,8.4,26.6,72.6,1,4,1,9.4,1.48,0.01097,0,0
2025-08-29,VIL-008,Mehrauli,South Delhi,Delhi,7.2,11.48,0.606,44.8,0.0,31.4,66.1,0,2,0,9.4,3.02,0.01323,25,0
2025-08-30,VIL-008,Mehrauli,South Delhi,Delhi,6.05,0.2,0.0,7.9,41.1,22.0,55.8,1,1,4,49.5,3.02,0.0,35,1
2025-08-31,VIL-008,Mehrauli,South Delhi,Delhi,7.85,0.2,0.218,3.2,23.4,27.6,79.4,2,4,0,64.5,2.89,0.0519,15,0
2025-09-01,VIL-008,Mehrauli,South Delhi,Delhi,7.42,2.45,0.433,34.8,0.0,32.8,73.6,2,2,3,64.5,3.13,0.01209,15,0
2025-09-02,VIL-008,Mehrauli,South Delhi,Delhi,7.61,2.71,0.309,36.1,43.3,33.3,69.8,0,3,1,66.7,3.28,0.00833,15,0
2025-09-03,VIL-008,Mehrauli,South Delhi,Delhi,6.52,1.08,0.278,18.2,19.7,26.3,85.9,0,1,1,63.0,2.69,0.01448,15,0
2025-09-04,VIL-008,Mehrauli,South Delhi,Delhi,7.31,0.66,0.643,97.3,0.0,37.9,74.0,0,1,4,63.0,2.68,0.00654,15,0
2025-09-05,VIL-008,Mehrauli,South Delhi,Delhi,6.7,3.1,0.5,16.3,0.0,24.8,75.0,2,0,2,19.7,1.49,0.0289,0,0
2025-09-06,VIL-008,Mehrauli,South Delhi,Delhi,7.19,6.13,0.523,33.1,0.0,28.1,85.8,1,1,1,0.0,2.33,0.01534,25,0
2025-09-07,VIL-008,Mehrauli,South Delhi,Delhi,6.5,9.01,0.211,9.4,3.3,24.3,99.0,4,2,4,3.3,3.59,0.02029,25,0
2025-09-08,VIL-008,Mehrauli,South Delhi,Delhi,7.05,1.97,0.25,0.5,0.0,30.7,69.7,2,2,2,3.3,3.52,0.16667,0,0
2025-09-09,VIL-008,Mehrauli,South Delhi,Delhi,6.27,2.64,0.422,25.3,0.6,40.2,64.5,3,0,3,3.9,3.51,0.01605,0,0
2025-09-10,VIL-008,Mehrauli,South Delhi,Delhi,7.0,3.39,0.428,34.1,16.3,36.4,63.1,1,0,1,16.9,3.84,0.01219,0,0
2025-09-11,VIL-008,Mehrauli,South Delhi,Delhi,6.11,3.14,0.683,65.8,9.5,32.4,80.7,1,0,1,26.4,4.2,0.01022,0,0
2025-09-12,VIL-008,Mehrauli,South Delhi,Delhi,8.15,9.84,0.417,27.1,0.0,26.6,61.9,2,2,0,25.8,5.16,0.01484,25,0
2025-09-13,VIL-008,Mehrauli,South Delhi,Delhi,7.2,3.26,0.649,14.9,0.0,28.3,70.5,1,1,1,9.5,4.75,0.04082,0,0
2025-09-14,VIL-008,Mehrauli,South Delhi,Delhi,7.1,2.13,0.467,42.2,1.3,33.5,71.6,4,4,2,1.3,3.77,0.01081,0,0
2025-09-15,VIL-008,Mehrauli,South Delhi,Delhi,7.51,0.93,0.309,21.8,2.3,32.0,93.7,1,2,2,3.6,3.62,0.01355,0,0
2025-09-16,VIL-008,Mehrauli,South Delhi,Delhi,6.32,1.79,0.21,12.1,0.0,29.3,89.3,1,3,0,3.6,3.5,0.01603,0,0
